flight_key,flight_id,airline_key,route_key,departure_time,arrival_time,duration_minutes,is_overnight,is_duration_outlier,is_multi_leg_collision
-1,UNRESOLVED,-1,-1,,,0.0,False,False,True
1,SJ010,3,15,2026-04-20 23:38:41.701,2026-04-21 02:32:41.701,174.0,True,False,False
2,AI155,2,7,2026-04-20 23:35:41.703,2026-04-21 01:23:41.703,108.0,True,False,False
3,UK094,4,7,2026-04-20 23:26:41.702,2026-04-21 01:11:41.702,105.0,True,False,False
4,AI245,2,7,2026-04-20 23:07:41.704,2026-04-21 01:43:41.704,156.0,True,False,False
5,AI192,2,27,2026-04-20 23:05:41.703,2026-04-21 04:04:41.703,299.0,True,False,False
6,SJ158,3,19,2026-04-20 23:05:41.703,2026-04-21 01:24:41.703,139.0,True,False,False
7,6F196,1,15,2026-04-20 23:04:41.703,2026-04-21 00:47:41.703,103.0,True,False,False
8,AI080,2,9,2026-04-20 23:03:41.702,2026-04-21 00:35:41.702,92.0,True,False,False
9,6F025,1,1,2026-04-20 23:02:41.701,2026-04-20 23:57:41.701,55.0,False,False,False
10,6F251,1,16,2026-04-20 22:56:41.703,2026-04-20 23:37:41.703,41.0,False,False,False
11,AI137,2,8,2026-04-20 22:49:41.702,2026-04-21 01:17:41.702,148.0,True,False,False
12,6F026,1,7,2026-04-20 22:46:42.000,2026-04-21 03:13:42.000,267.0,True,False,False
13,UK167,4,20,2026-04-20 22:45:41.703,2026-04-21 01:46:41.703,181.0,True,False,False
14,UK027,4,7,2026-04-20 22:44:41.701,2026-04-21 01:05:41.701,141.0,True,False,False
15,AI069,2,17,2026-04-20 22:43:41.702,2026-04-21 02:29:41.702,226.0,True,False,False
16,AI058,2,7,2026-04-20 22:40:41.701,2026-04-21 00:18:41.701,98.0,True,False,False
17,AI140,2,8,2026-04-20 22:25:41.702,2026-04-21 02:08:41.702,223.0,True,False,False
18,SJ239,3,7,2026-04-20 22:24:41.704,2026-04-21 00:10:41.704,106.0,True,False,False
19,6F099,1,29,2026-04-20 22:24:41.702,2026-04-20 22:59:41.702,35.0,False,False,False
20,AI048,2,13,2026-04-20 22:23:41.701,2026-04-21 02:15:41.701,232.0,True,False,False
21,SJ112,3,24,2026-04-20 22:20:41.702,2026-04-21 00:40:41.702,140.0,True,False,False
22,6F164,1,1,2026-04-20 22:18:41.703,2026-04-21 00:45:41.703,147.0,True,False,False
23,UK021,4,25,2026-04-20 22:00:41.701,2026-04-20 23:50:41.701,110.0,False,False,False
24,SJ172,3,13,2026-04-20 21:58:41.703,2026-04-21 01:14:41.703,196.0,True,False,False
25,AI060,2,19,2026-04-20 21:58:41.701,2026-04-20 23:51:41.701,113.0,False,False,False
26,SJ205,3,23,2026-04-20 21:56:41.703,2026-04-20 23:00:41.703,64.0,False,False,False
27,SJ093,3,1,2026-04-20 21:55:41.702,2026-04-20 23:01:41.702,66.0,False,False,False
28,6F195,1,13,2026-04-20 21:44:41.703,2026-04-20 22:39:41.703,55.0,False,False,False
29,UK003,4,24,2026-04-20 21:41:41.700,2026-04-21 02:19:41.700,278.0,True,False,False
30,UK026,4,25,2026-04-20 21:38:41.701,2026-04-20 23:44:41.701,126.0,False,False,False
31,6F174,1,19,2026-04-20 21:36:41.703,2026-04-20 22:16:41.703,40.0,False,False,False
32,UK067,4,7,2026-04-20 21:36:41.701,2026-04-21 01:02:41.701,206.0,True,False,False
33,SJ149,3,25,2026-04-20 21:20:41.702,2026-04-20 23:20:42.000,120.0,False,False,False
34,6F213,1,1,2026-04-20 21:05:41.703,2026-04-21 00:32:41.703,207.0,True,False,False
35,UK200,4,13,2026-04-20 20:54:41.703,2026-04-20 22:45:41.703,111.0,False,False,False
36,SJ214,3,10,2026-04-20 20:54:41.703,2026-04-20 22:10:41.703,76.0,False,False,False
37,SJ047,3,22,2026-04-20 20:44:41.701,2026-04-20 21:21:41.701,37.0,False,False,False
38,AI179,2,22,2026-04-20 20:41:41.703,2026-04-21 01:19:41.703,278.0,True,False,False
39,SJ153,3,18,2026-04-20 20:37:41.702,2026-04-20 22:00:41.702,83.0,False,False,False
40,6F236,1,8,2026-04-20 20:35:41.704,2026-04-20 23:54:41.704,199.0,False,False,False
41,UK059,4,25,2026-04-20 20:33:41.701,2026-04-20 22:10:41.701,97.0,False,False,False
42,SJ001,3,10,2026-04-20 20:28:41.700,2026-04-21 01:15:41.700,287.0,True,False,False
43,SJ049,3,13,2026-04-20 20:26:41.701,2026-04-21 00:26:41.701,240.0,True,False,False
44,6F086,1,30,2026-04-20 20:23:41.702,2026-04-20 21:00:41.702,37.0,False,False,False
45,AI220,2,8,2026-04-20 20:19:41.703,2026-04-20 21:57:41.703,98.0,False,False,False
46,AI188,2,14,2026-04-20 20:16:41.703,2026-04-20 23:02:41.703,166.0,False,False,False
47,6F114,1,10,2026-04-20 20:10:41.702,2026-04-20 21:00:41.702,50.0,False,False,False
48,SJ179,3,19,2026-04-20 20:09:41.703,2026-04-20 23:39:41.703,210.0,False,False,False
49,6F190,1,20,2026-04-20 20:02:41.703,2026-04-21 00:36:41.703,274.0,True,False,False
50,SJ003,3,28,2026-04-20 19:50:41.701,2026-04-20 20:32:41.701,42.0,False,False,False
51,6F028,1,23,2026-04-20 19:49:41.701,2026-04-20 21:49:41.701,120.0,False,False,False
52,UK036,4,11,2026-04-20 19:48:41.701,2026-04-21 00:12:41.701,264.0,True,False,False
53,SJ160,3,26,2026-04-20 19:45:41.703,2026-04-20 20:30:41.703,45.0,False,False,False
54,6F151,1,14,2026-04-20 19:44:41.703,2026-04-20 22:04:41.703,140.0,False,False,False
55,UK140,4,26,2026-04-20 19:37:41.703,2026-04-20 21:00:41.703,83.0,False,False,False
56,AI115,2,26,2026-04-20 19:37:41.702,2026-04-21 00:26:41.702,289.0,True,False,False
57,AI132,2,1,2026-04-20 19:32:41.702,2026-04-20 21:41:41.702,129.0,False,False,False
58,UK209,4,26,2026-04-20 19:02:41.704,2026-04-20 21:47:41.704,165.0,False,False,False
59,SJ043,3,29,2026-04-20 18:59:41.701,2026-04-20 21:08:41.701,129.0,False,False,False
60,UK176,4,21,2026-04-20 18:41:41.703,2026-04-20 22:49:41.703,248.0,False,False,False
61,UK216,4,30,2026-04-20 18:33:41.704,2026-04-20 21:47:41.704,194.0,False,False,False
62,UK150,4,18,2026-04-20 18:31:41.703,2026-04-20 19:01:41.703,30.0,False,False,False
63,UK145,4,9,2026-04-20 18:30:41.703,2026-04-20 20:41:41.703,131.0,False,False,False
64,6F270,1,25,2026-04-20 18:14:41.701,2026-04-20 19:02:41.701,48.0,False,False,False
65,6F012,1,14,2026-04-20 18:06:41.701,2026-04-20 21:31:41.701,205.0,False,False,False
66,SJ236,3,27,2026-04-20 18:03:41.704,2026-04-20 22:02:41.704,239.0,False,False,False
67,6F149,1,2,2026-04-20 17:57:41.703,2026-04-20 20:42:41.703,165.0,False,False,False
68,UK004,4,7,2026-04-20 17:56:41.700,2026-04-20 18:30:41.700,34.0,False,False,False
69,UK010,4,30,2026-04-20 17:53:41.701,2026-04-20 20:40:41.701,167.0,False,False,False
70,UK215,4,8,2026-04-20 17:38:41.704,2026-04-20 19:50:41.704,132.0,False,False,False
71,SJ116,3,23,2026-04-20 17:33:41.702,2026-04-20 19:02:41.702,89.0,False,False,False
72,SJ023,3,25,2026-04-20 17:27:41.701,2026-04-20 19:09:41.701,102.0,False,False,False
73,UK152,4,7,2026-04-20 17:24:41.703,2026-04-20 20:13:41.703,169.0,False,False,False
74,SJ202,3,14,2026-04-20 17:21:41.703,2026-04-20 19:08:41.703,107.0,False,False,False
75,6F043,1,9,2026-04-20 17:17:41.701,2026-04-20 18:43:41.701,86.0,False,False,False
76,UK173,4,26,2026-04-20 17:06:41.703,2026-04-20 21:22:41.703,256.0,False,False,False
77,SJ081,3,6,2026-04-20 17:04:41.702,2026-04-20 18:53:41.702,109.0,False,False,False
78,UK153,4,14,2026-04-20 16:52:41.703,2026-04-20 20:53:41.703,241.0,False,False,False
79,UK187,4,1,2026-04-20 16:52:41.703,2026-04-20 18:42:41.703,110.0,False,False,False
80,UK055,4,24,2026-04-20 16:48:41.701,2026-04-20 19:31:41.701,163.0,False,False,False
81,UK181,4,29,2026-04-20 16:44:41.703,2026-04-20 19:26:41.703,162.0,False,False,False
82,UK074,4,8,2026-04-20 16:44:41.702,2026-04-20 18:41:41.702,117.0,False,False,False
83,SJ068,3,1,2026-04-20 16:44:41.701,2026-04-20 18:48:41.701,124.0,False,False,False
84,AI242,2,2,2026-04-20 16:41:41.704,2026-04-20 17:43:41.704,62.0,False,False,False
85,SJ237,3,7,2026-04-20 16:32:41.704,2026-04-20 19:00:41.704,148.0,False,False,False
86,6F194,1,7,2026-04-20 16:29:41.703,2026-04-20 18:27:41.703,118.0,False,False,False
87,UK063,4,17,2026-04-20 16:29:41.701,2026-04-20 17:41:41.701,72.0,False,False,False
88,UK068,4,5,2026-04-20 16:28:41.701,2026-04-20 18:09:41.701,101.0,False,False,False
89,UK224,4,15,2026-04-20 16:25:41.704,2026-04-20 20:24:41.704,239.0,False,False,False
90,UK077,4,22,2026-04-20 16:22:41.702,2026-04-20 18:00:41.702,98.0,False,False,False
91,UK207,4,28,2026-04-20 16:21:41.703,2026-04-20 17:36:41.703,75.0,False,False,False
92,AI221,2,30,2026-04-20 16:18:41.703,2026-04-20 18:54:41.703,156.0,False,False,False
93,UK109,4,1,2026-04-20 16:06:41.702,2026-04-20 17:06:42.000,60.0,False,False,False
94,UK089,4,9,2026-04-20 15:38:41.702,2026-04-20 19:50:41.702,252.0,False,False,False
95,AI072,2,2,2026-04-20 15:34:41.702,2026-04-20 16:32:41.702,58.0,False,False,False
96,UK131,4,8,2026-04-20 15:33:41.702,2026-04-20 19:39:41.702,246.0,False,False,False
97,SJ150,3,9,2026-04-20 15:33:41.702,2026-04-20 19:03:41.702,210.0,False,False,False
98,6F097,1,1,2026-04-20 15:32:41.702,2026-04-20 16:49:41.702,77.0,False,False,False
99,6F123,1,19,2026-04-20 15:26:41.702,2026-04-20 17:12:41.702,106.0,False,False,False
100,6F017,1,12,2026-04-20 15:25:41.701,2026-04-20 18:06:41.701,161.0,False,False,False
101,6F245,1,12,2026-04-20 15:25:41.701,2026-04-20 18:06:41.701,161.0,False,False,False
102,6F180,1,26,2026-04-20 15:24:41.703,2026-04-20 19:48:41.703,264.0,False,False,False
103,6F152,1,13,2026-04-20 15:21:41.703,2026-04-20 17:25:41.703,124.0,False,False,False
104,SJ034,3,27,2026-04-20 15:20:41.701,2026-04-20 20:11:41.701,291.0,False,False,False
105,SJ142,3,12,2026-04-20 15:14:41.702,2026-04-20 16:56:41.702,102.0,False,False,False
106,UK189,4,5,2026-04-20 15:07:41.703,2026-04-20 18:51:41.703,224.0,False,False,False
107,SJ044,3,18,2026-04-20 15:06:41.701,2026-04-20 17:43:41.701,157.0,False,False,False
108,SJ196,3,19,2026-04-20 14:58:41.703,2026-04-20 17:44:41.703,166.0,False,False,False
109,6F188,1,19,2026-04-20 14:57:41.703,2026-04-20 19:39:41.703,282.0,False,False,False
110,6F181,1,10,2026-04-20 14:55:41.703,2026-04-20 16:43:41.703,108.0,False,False,False
111,6F077,1,13,2026-04-20 14:55:41.702,2026-04-20 19:13:41.702,258.0,False,False,False
112,SJ154,3,4,2026-04-20 14:47:41.702,2026-04-20 16:26:41.702,99.0,False,False,False
113,AI025,2,24,2026-04-20 14:46:41.701,2026-04-20 17:11:41.701,145.0,False,False,False
114,AI094,2,16,2026-04-20 14:44:41.702,2026-04-20 15:44:42.000,60.0,False,False,False
115,6F191,1,3,2026-04-20 14:41:41.703,2026-04-20 15:11:41.703,30.0,False,False,False
116,SJ085,3,5,2026-04-20 14:41:41.702,2026-04-20 19:11:41.702,270.0,False,False,False
117,6F261,1,13,2026-04-20 14:31:41.703,2026-04-20 17:29:41.703,178.0,False,False,False
118,6F129,1,18,2026-04-20 14:28:41.702,2026-04-20 16:47:41.702,139.0,False,False,False
119,6F254,1,26,2026-04-20 14:26:41.703,2026-04-20 18:01:41.703,215.0,False,False,False
120,SJ185,3,7,2026-04-20 14:21:41.703,2026-04-20 15:21:41.703,60.0,False,False,False
121,6F030,1,8,2026-04-20 14:20:41.701,2026-04-20 17:10:41.701,170.0,False,False,False
122,SJ222,3,8,2026-04-20 14:15:41.703,2026-04-20 17:09:41.703,174.0,False,False,False
123,6F259,1,8,2026-04-20 14:10:41.703,2026-04-20 15:21:41.703,71.0,False,False,False
124,UK083,4,19,2026-04-20 14:10:41.702,2026-04-20 14:59:41.702,49.0,False,False,False
125,6F051,1,1,2026-04-20 13:58:41.701,2026-04-20 15:58:41.701,120.0,False,False,False
126,SJ088,3,15,2026-04-20 13:54:41.702,2026-04-20 14:26:41.702,32.0,False,False,False
127,6F146,1,25,2026-04-20 13:51:41.703,2026-04-20 15:07:41.703,76.0,False,False,False
128,6F047,1,29,2026-04-20 13:50:41.701,2026-04-20 15:55:41.701,125.0,False,False,False
129,AI077,2,14,2026-04-20 13:45:41.702,2026-04-20 14:51:41.702,66.0,False,False,False
130,UK134,4,23,2026-04-20 13:44:41.702,2026-04-20 17:26:41.702,222.0,False,False,False
131,AI056,2,20,2026-04-20 13:44:41.701,2026-04-20 17:39:41.701,235.0,False,False,False
132,UK141,4,25,2026-04-20 13:38:41.703,2026-04-20 15:59:41.703,141.0,False,False,False
133,AI030,2,14,2026-04-20 13:33:41.701,2026-04-20 16:52:41.701,199.0,False,False,False
134,AI029,2,29,2026-04-20 13:29:41.701,2026-04-20 17:53:41.701,264.0,False,False,False
135,SJ167,3,28,2026-04-20 13:18:41.703,2026-04-20 14:12:41.703,54.0,False,False,False
136,UK017,4,4,2026-04-20 13:14:41.701,2026-04-20 14:49:41.701,95.0,False,False,False
137,6F229,1,29,2026-04-20 13:10:41.704,2026-04-20 14:30:41.704,80.0,False,False,False
138,SJ117,3,26,2026-04-20 13:10:41.702,2026-04-20 17:06:41.702,236.0,False,False,False
139,6F184,1,27,2026-04-20 13:05:41.703,2026-04-20 16:04:41.703,179.0,False,False,False
140,AI031,2,20,2026-04-20 13:05:41.701,2026-04-20 16:11:41.701,186.0,False,False,False
141,AI178,2,11,2026-04-20 13:04:41.703,2026-04-20 14:03:41.703,59.0,False,False,False
142,SJ089,3,23,2026-04-20 12:42:41.702,2026-04-20 17:15:41.702,273.0,False,False,False
143,UK166,4,25,2026-04-20 12:39:41.703,2026-04-20 17:32:41.703,293.0,False,False,False
144,UK104,4,17,2026-04-20 12:30:41.702,2026-04-20 13:52:41.702,82.0,False,False,False
145,6F168,1,24,2026-04-20 12:18:41.703,2026-04-20 15:58:41.703,220.0,False,False,False
146,AI222,2,8,2026-04-20 12:10:41.703,2026-04-20 13:14:41.703,64.0,False,False,False
147,SJ025,3,7,2026-04-20 12:02:41.701,2026-04-20 15:29:41.701,207.0,False,False,False
148,6F255,1,17,2026-04-20 11:59:41.703,2026-04-20 15:33:41.703,214.0,False,False,False
149,UK228,4,20,2026-04-20 11:58:41.704,2026-04-20 15:08:41.704,190.0,False,False,False
150,6F158,1,15,2026-04-20 11:58:41.703,2026-04-20 16:04:41.703,246.0,False,False,False
151,SJ218,3,19,2026-04-20 11:58:41.703,2026-04-20 15:03:41.703,185.0,False,False,False
152,6F034,1,8,2026-04-20 11:53:41.701,2026-04-20 12:49:41.701,56.0,False,False,False
153,UK156,4,26,2026-04-20 11:50:41.703,2026-04-20 15:54:41.703,244.0,False,False,False
154,6F105,1,1,2026-04-20 11:46:41.702,2026-04-20 12:58:41.702,72.0,False,False,False
155,6F073,1,18,2026-04-20 11:38:41.702,2026-04-20 15:18:41.702,220.0,False,False,False
156,SJ074,3,18,2026-04-20 11:21:41.701,2026-04-20 12:02:41.701,41.0,False,False,False
157,6F234,1,8,2026-04-20 11:20:41.704,2026-04-20 14:11:41.704,171.0,False,False,False
158,6F068,1,4,2026-04-20 11:17:41.701,2026-04-20 15:06:41.701,229.0,False,False,False
159,6F074,1,22,2026-04-20 11:09:41.702,2026-04-20 14:29:41.702,200.0,False,False,False
160,AI038,2,25,2026-04-20 11:05:41.701,2026-04-20 15:44:41.701,279.0,False,False,False
161,AI079,2,11,2026-04-20 11:04:41.702,2026-04-20 13:19:41.702,135.0,False,False,False
162,SJ018,3,7,2026-04-20 10:58:41.701,2026-04-20 13:31:41.701,153.0,False,False,False
163,6F018,1,16,2026-04-20 10:57:41.701,2026-04-20 11:43:41.701,46.0,False,False,False
164,AI091,2,15,2026-04-20 10:52:41.702,2026-04-20 15:15:41.702,263.0,False,False,False
165,UK071,4,19,2026-04-20 10:50:41.701,2026-04-20 14:06:41.701,196.0,False,False,False
166,AI019,2,7,2026-04-20 10:49:41.701,2026-04-20 11:51:41.701,62.0,False,False,False
167,UK212,4,25,2026-04-20 10:46:41.704,2026-04-20 11:31:41.704,45.0,False,False,False
168,AI146,2,3,2026-04-20 10:40:41.702,2026-04-20 13:46:41.702,186.0,False,False,False
169,6F232,1,26,2026-04-20 10:39:41.704,2026-04-20 12:22:41.704,103.0,False,False,False
170,6F084,1,14,2026-04-20 10:34:41.702,2026-04-20 11:34:42.000,60.0,False,False,False
171,AI129,2,7,2026-04-20 10:29:41.702,2026-04-20 13:38:41.702,189.0,False,False,False
172,AI240,2,29,2026-04-20 10:19:41.704,2026-04-20 12:46:41.704,147.0,False,False,False
173,6F091,1,2,2026-04-20 10:10:41.702,2026-04-20 11:36:41.702,86.0,False,False,False
174,UK133,4,8,2026-04-20 10:04:41.702,2026-04-20 13:16:41.702,192.0,False,False,False
175,SJ007,3,7,2026-04-20 10:03:41.701,2026-04-20 14:53:41.701,290.0,False,False,False
176,SJ141,3,13,2026-04-20 10:00:41.702,2026-04-20 13:37:41.702,217.0,False,False,False
177,6F049,1,24,2026-04-20 10:00:41.701,2026-04-20 13:13:41.701,193.0,False,False,False
178,SJ235,3,8,2026-04-20 09:57:41.704,2026-04-20 13:45:41.704,228.0,False,False,False
179,UK087,4,25,2026-04-20 09:49:41.702,2026-04-20 13:17:41.702,208.0,False,False,False
180,UK170,4,6,2026-04-20 09:42:41.703,2026-04-20 11:32:41.703,110.0,False,False,False
181,SJ078,3,19,2026-04-20 09:41:41.701,2026-04-20 12:49:41.701,188.0,False,False,False
182,SJ075,3,26,2026-04-20 09:26:41.701,2026-04-20 11:03:41.701,97.0,False,False,False
183,AI159,2,21,2026-04-20 09:23:41.703,2026-04-20 11:36:41.703,133.0,False,False,False
184,UK120,4,24,2026-04-20 09:19:41.702,2026-04-20 13:30:41.702,251.0,False,False,False
185,AI059,2,13,2026-04-20 09:16:41.701,2026-04-20 11:43:41.701,147.0,False,False,False
186,UK040,4,23,2026-04-20 09:15:41.701,2026-04-20 10:32:41.701,77.0,False,False,False
187,AI044,2,26,2026-04-20 09:03:41.701,2026-04-20 12:36:41.701,213.0,False,False,False
188,AI078,2,17,2026-04-20 08:58:41.702,2026-04-20 13:28:41.702,270.0,False,False,False
189,SJ226,3,22,2026-04-20 08:47:41.704,2026-04-20 12:54:41.704,247.0,False,False,False
190,6F209,1,28,2026-04-20 08:40:41.703,2026-04-20 13:40:41.703,300.0,False,False,False
191,UK193,4,24,2026-04-20 08:39:41.703,2026-04-20 09:14:41.703,35.0,False,False,False
192,6F092,1,26,2026-04-20 08:39:41.702,2026-04-20 09:15:41.702,36.0,False,False,False
193,AI208,2,1,2026-04-20 08:38:41.703,2026-04-20 11:52:41.703,194.0,False,False,False
194,SJ227,3,7,2026-04-20 08:32:41.704,2026-04-20 12:53:41.704,261.0,False,False,False
195,6F238,1,8,2026-04-20 08:31:41.704,2026-04-20 09:19:41.704,48.0,False,False,False
196,AI084,2,9,2026-04-20 08:31:41.702,2026-04-20 09:46:41.702,75.0,False,False,False
197,SJ228,3,7,2026-04-20 08:29:41.704,2026-04-20 12:16:41.704,227.0,False,False,False
198,UK194,4,12,2026-04-20 08:26:41.703,2026-04-20 09:26:42.000,60.0,False,False,False
199,6F126,1,15,2026-04-20 08:21:41.702,2026-04-20 09:39:41.702,78.0,False,False,False
200,SJ052,3,26,2026-04-20 08:20:41.701,2026-04-20 09:57:41.701,97.0,False,False,False
201,AI233,2,1,2026-04-20 08:04:41.704,2026-04-20 09:52:41.704,108.0,False,False,False
202,AI213,2,23,2026-04-20 08:03:41.703,2026-04-20 09:14:41.703,71.0,False,False,False
203,UK076,4,28,2026-04-20 08:03:41.702,2026-04-20 12:26:41.702,263.0,False,False,False
204,SJ022,3,16,2026-04-20 07:56:41.701,2026-04-20 11:07:41.701,191.0,False,False,False
205,SJ002,3,17,2026-04-20 07:54:41.701,2026-04-20 12:40:41.701,286.0,False,False,False
206,AI163,2,25,2026-04-20 07:45:41.703,2026-04-20 08:46:41.703,61.0,False,False,False
207,UK229,4,24,2026-04-20 07:40:41.704,2026-04-20 11:57:41.704,257.0,False,False,False
208,UK185,4,20,2026-04-20 07:31:41.703,2026-04-20 08:48:41.703,77.0,False,False,False
209,6F029,1,6,2026-04-20 07:31:41.701,2026-04-20 11:45:41.701,254.0,False,False,False
210,6F056,1,10,2026-04-20 07:00:41.701,2026-04-20 08:49:41.701,109.0,False,False,False
211,AI062,2,29,2026-04-20 06:49:41.701,2026-04-20 07:25:41.701,36.0,False,False,False
212,UK034,4,16,2026-04-20 06:47:41.701,2026-04-20 10:11:41.701,204.0,False,False,False
213,UK079,4,16,2026-04-20 06:43:41.702,2026-04-20 10:34:41.702,231.0,False,False,False
214,AI135,2,1,2026-04-20 06:40:41.702,2026-04-20 09:21:41.702,161.0,False,False,False
215,SJ061,3,26,2026-04-20 06:38:41.701,2026-04-20 09:35:41.701,177.0,False,False,False
216,AI047,2,15,2026-04-20 06:36:41.701,2026-04-20 07:23:41.701,47.0,False,False,False
217,UK210,4,18,2026-04-20 06:35:41.704,2026-04-20 07:30:41.704,55.0,False,False,False
218,AI088,2,29,2026-04-20 06:34:41.702,2026-04-20 10:10:41.702,216.0,False,False,False
219,UK177,4,19,2026-04-20 06:21:41.703,2026-04-20 10:50:41.703,269.0,False,False,False
220,AI128,2,7,2026-04-20 06:07:41.702,2026-04-20 10:03:41.702,236.0,False,False,False
221,AI158,2,13,2026-04-20 06:04:41.703,2026-04-20 09:01:41.703,177.0,False,False,False
222,UK206,4,26,2026-04-20 06:01:41.703,2026-04-20 10:34:41.703,273.0,False,False,False
223,SJ138,3,1,2026-04-20 05:55:41.702,2026-04-20 06:43:41.702,48.0,False,False,False
224,AI034,2,17,2026-04-20 05:48:41.701,2026-04-20 10:31:41.701,283.0,False,False,False
225,AI012,2,7,2026-04-20 05:44:41.701,2026-04-20 09:47:41.701,243.0,False,False,False
226,6F083,1,3,2026-04-20 05:24:41.702,2026-04-20 06:03:41.702,39.0,False,False,False
227,SJ083,3,26,2026-04-20 05:13:41.702,2026-04-20 08:17:41.702,184.0,False,False,False
228,SJ186,3,13,2026-04-20 05:11:41.703,2026-04-20 07:22:41.703,131.0,False,False,False
229,UK001,4,13,2026-04-20 05:06:41.700,2026-04-20 06:31:41.700,85.0,False,False,False
230,AI217,2,11,2026-04-20 04:57:41.703,2026-04-20 07:14:41.703,137.0,False,False,False
231,6F178,1,7,2026-04-20 04:48:41.703,2026-04-20 09:11:41.703,263.0,False,False,False
232,UK015,4,1,2026-04-20 04:46:41.701,2026-04-20 06:33:41.701,107.0,False,False,False
233,AI112,2,16,2026-04-20 04:41:41.702,2026-04-20 08:24:41.702,223.0,False,False,False
234,UK100,4,11,2026-04-20 04:40:41.702,2026-04-20 07:12:41.702,152.0,False,False,False
235,6F133,1,26,2026-04-20 04:38:41.702,2026-04-20 06:25:41.702,107.0,False,False,False
236,AI227,2,5,2026-04-20 04:31:41.703,2026-04-20 08:17:41.703,226.0,False,False,False
237,UK093,4,23,2026-04-20 04:31:41.702,2026-04-20 05:21:41.702,50.0,False,False,False
238,UK203,4,4,2026-04-20 04:12:41.703,2026-04-20 05:24:41.703,72.0,False,False,False
239,UK154,4,30,2026-04-20 04:00:41.703,2026-04-20 07:57:41.703,237.0,False,False,False
240,UK073,4,2,2026-04-20 03:59:41.702,2026-04-20 08:09:41.702,250.0,False,False,False
241,AI164,2,16,2026-04-20 03:57:41.703,2026-04-20 05:45:41.703,108.0,False,False,False
242,UK008,4,11,2026-04-20 03:57:41.701,2026-04-20 04:34:41.701,37.0,False,False,False
243,UK051,4,24,2026-04-20 03:55:41.701,2026-04-20 06:55:41.701,180.0,False,False,False
244,UK208,4,18,2026-04-20 03:54:41.704,2026-04-20 08:51:41.704,297.0,False,False,False
245,AI150,2,8,2026-04-20 03:51:41.703,2026-04-20 04:38:41.703,47.0,False,False,False
246,AI189,2,13,2026-04-20 03:44:41.703,2026-04-20 05:32:41.703,108.0,False,False,False
247,6F230,1,11,2026-04-20 03:34:41.704,2026-04-20 06:47:41.704,193.0,False,False,False
248,6F169,1,8,2026-04-20 03:27:41.703,2026-04-20 08:06:41.703,279.0,False,False,False
249,AI205,2,1,2026-04-20 03:26:41.703,2026-04-20 05:14:41.703,108.0,False,False,False
250,AI103,2,1,2026-04-20 03:26:41.702,2026-04-20 04:04:41.702,38.0,False,False,False
251,6F250,1,16,2026-04-20 03:26:41.701,2026-04-20 07:30:41.701,244.0,False,False,True
252,AI246,2,6,2026-04-20 03:22:41.704,2026-04-20 06:41:41.704,199.0,False,False,False
253,6F187,1,10,2026-04-20 03:19:41.703,2026-04-20 07:37:41.703,258.0,False,False,False
254,AI082,2,18,2026-04-20 03:19:41.702,2026-04-20 06:01:41.702,162.0,False,False,False
255,UK116,4,12,2026-04-20 03:18:41.702,2026-04-20 07:06:41.702,228.0,False,False,False
256,SJ169,3,10,2026-04-20 03:10:41.703,2026-04-20 07:56:41.703,286.0,False,False,False
257,AI175,2,9,2026-04-20 03:08:41.703,2026-04-20 06:55:41.703,227.0,False,False,False
258,SJ098,3,25,2026-04-20 03:02:41.702,2026-04-20 03:37:41.702,35.0,False,False,False
259,SJ191,3,1,2026-04-20 03:01:41.703,2026-04-20 04:23:41.703,82.0,False,False,False
260,SJ017,3,20,2026-04-20 02:57:41.701,2026-04-20 05:00:41.701,123.0,False,False,False
261,UK188,4,26,2026-04-20 02:55:41.703,2026-04-20 03:44:41.703,49.0,False,False,False
262,AI196,2,30,2026-04-20 02:52:41.703,2026-04-20 04:25:41.703,93.0,False,False,False
263,AI068,2,6,2026-04-20 02:48:41.702,2026-04-20 04:48:42.000,120.0,False,False,False
264,SJ097,3,7,2026-04-20 02:37:41.702,2026-04-20 05:27:41.702,170.0,False,False,False
265,SJ030,3,19,2026-04-20 02:36:41.701,2026-04-20 03:19:41.701,43.0,False,False,False
266,6F179,1,25,2026-04-20 02:25:41.703,2026-04-20 06:40:41.703,255.0,False,False,False
267,6F156,1,27,2026-04-20 02:23:41.703,2026-04-20 04:57:41.703,154.0,False,False,False
268,6F250,1,11,2026-04-20 02:23:41.702,2026-04-20 02:56:41.702,33.0,False,False,True
269,SJ057,3,7,2026-04-20 02:17:41.701,2026-04-20 05:29:41.701,192.0,False,False,False
270,6F036,1,11,2026-04-20 02:14:41.701,2026-04-20 06:57:41.701,283.0,False,False,False
271,6F201,1,12,2026-04-20 02:09:41.703,2026-04-20 06:49:41.703,280.0,False,False,False
272,6F143,1,13,2026-04-20 02:09:41.702,2026-04-20 06:08:41.702,239.0,False,False,False
273,6F177,1,25,2026-04-20 02:03:41.703,2026-04-20 04:25:41.703,142.0,False,False,False
274,6F031,1,6,2026-04-20 02:00:41.701,2026-04-20 06:37:41.701,277.0,False,False,False
275,UK165,4,16,2026-04-20 01:51:41.703,2026-04-20 06:04:41.703,253.0,False,False,False
276,6F122,1,16,2026-04-20 01:44:41.702,2026-04-20 05:28:41.702,224.0,False,False,False
277,AI009,2,18,2026-04-20 01:31:41.701,2026-04-20 04:05:41.701,154.0,False,False,False
278,6F046,1,16,2026-04-20 01:27:41.701,2026-04-20 05:08:41.701,221.0,False,False,False
279,AI051,2,26,2026-04-20 01:27:41.701,2026-04-20 02:22:41.701,55.0,False,False,False
280,UK222,4,7,2026-04-20 01:22:41.704,2026-04-20 02:57:41.704,95.0,False,False,False
281,SJ127,3,8,2026-04-20 01:21:41.702,2026-04-20 03:58:41.702,157.0,False,False,False
282,AI226,2,4,2026-04-20 01:19:41.703,2026-04-20 04:08:41.703,169.0,False,False,False
283,AI216,2,7,2026-04-20 01:10:41.703,2026-04-20 02:34:41.703,84.0,False,False,False
284,6F058,1,7,2026-04-20 01:04:41.701,2026-04-20 03:33:41.701,149.0,False,False,False
285,SJ207,3,18,2026-04-20 00:52:41.703,2026-04-20 04:05:41.703,193.0,False,False,False
286,SJ198,3,12,2026-04-20 00:47:41.703,2026-04-20 05:28:41.703,281.0,False,False,False
287,SJ108,3,4,2026-04-20 00:40:41.702,2026-04-20 03:16:41.702,156.0,False,False,False
288,SJ155,3,18,2026-04-20 00:38:41.702,2026-04-20 05:38:41.702,300.0,False,False,False
289,6F193,1,10,2026-04-20 00:34:41.703,2026-04-20 02:32:41.703,118.0,False,False,False
290,6F019,1,1,2026-04-20 00:19:41.701,2026-04-20 04:14:41.701,235.0,False,False,False
291,AI102,2,11,2026-04-20 00:17:41.702,2026-04-20 05:08:41.702,291.0,False,False,False
292,6F166,1,7,2026-04-20 00:03:41.703,2026-04-20 04:33:41.703,270.0,False,False,False
293,UK175,4,1,2026-04-19 23:56:41.703,2026-04-20 03:18:41.703,202.0,True,False,False
294,6F010,1,16,2026-04-19 23:53:41.701,2026-04-20 03:44:41.701,231.0,True,False,False
295,AI234,2,10,2026-04-19 23:50:41.704,2026-04-20 01:34:41.704,104.0,True,False,False
296,UK135,4,24,2026-04-19 23:50:41.702,2026-04-20 01:43:41.702,113.0,True,False,False
297,6F272,1,25,2026-04-19 23:35:41.702,2026-04-20 00:22:41.702,47.0,True,False,False
298,AI061,2,7,2026-04-19 23:31:41.701,2026-04-20 01:02:41.701,91.0,True,False,False
299,6F070,1,24,2026-04-19 23:23:41.701,2026-04-20 02:24:41.701,181.0,True,False,False
300,AI015,2,2,2026-04-19 23:21:41.701,2026-04-20 01:15:41.701,114.0,True,False,False
301,SJ076,3,20,2026-04-19 23:01:41.701,2026-04-20 02:02:41.701,181.0,True,False,False
302,SJ029,3,24,2026-04-19 22:55:41.701,2026-04-20 00:22:41.701,87.0,True,False,False
303,SJ194,3,13,2026-04-19 22:46:41.703,2026-04-20 02:31:41.703,225.0,True,False,False
304,AI235,2,4,2026-04-19 22:45:41.704,2026-04-20 02:12:41.704,207.0,True,False,False
305,SJ048,3,26,2026-04-19 22:43:41.701,2026-04-20 00:19:41.701,96.0,True,False,False
306,SJ114,3,24,2026-04-19 22:42:41.702,2026-04-20 02:02:41.702,200.0,True,False,False
307,SJ146,3,21,2026-04-19 22:37:41.702,2026-04-20 00:33:41.702,116.0,True,False,False
308,UK041,4,25,2026-04-19 22:37:41.701,2026-04-19 23:44:41.701,67.0,False,False,False
309,6F075,1,7,2026-04-19 22:20:41.702,2026-04-20 03:02:41.702,282.0,True,False,False
310,SJ020,3,1,2026-04-19 22:18:41.701,2026-04-20 02:27:41.701,249.0,True,False,False
311,SJ099,3,26,2026-04-19 22:14:41.702,2026-04-20 00:34:41.702,140.0,True,False,False
312,6F078,1,7,2026-04-19 22:04:41.702,2026-04-19 23:37:41.702,93.0,False,False,False
313,UK219,4,9,2026-04-19 22:03:41.704,2026-04-20 02:21:41.704,258.0,True,False,False
314,UK223,4,13,2026-04-19 21:58:41.704,2026-04-19 22:30:41.704,32.0,False,False,False
315,UK227,4,9,2026-04-19 21:57:41.704,2026-04-20 01:47:41.704,230.0,True,False,False
316,6F260,1,13,2026-04-19 21:51:41.702,2026-04-20 01:14:41.702,203.0,True,False,False
317,AI096,2,13,2026-04-19 21:48:41.702,2026-04-20 02:46:41.702,298.0,True,False,False
318,6F022,1,26,2026-04-19 21:46:41.701,2026-04-20 02:05:41.701,259.0,True,False,False
319,6F237,1,25,2026-04-19 21:41:41.704,2026-04-20 00:44:41.704,183.0,True,False,False
320,UK146,4,10,2026-04-19 21:40:41.703,2026-04-20 00:08:41.703,148.0,True,False,False
321,SJ015,3,7,2026-04-19 21:40:41.701,2026-04-19 22:52:41.701,72.0,False,False,False
322,AI108,2,2,2026-04-19 21:32:41.702,2026-04-20 00:17:41.702,165.0,True,False,False
323,UK020,4,26,2026-04-19 21:23:41.701,2026-04-19 22:38:41.701,75.0,False,False,False
324,6F113,1,7,2026-04-19 21:04:41.702,2026-04-20 01:30:41.702,266.0,True,False,False
325,6F112,1,24,2026-04-19 21:00:41.702,2026-04-19 23:16:41.702,136.0,False,False,False
326,6F246,1,24,2026-04-19 21:00:41.702,2026-04-19 23:16:41.702,136.0,False,False,False
327,UK158,4,10,2026-04-19 20:49:41.703,2026-04-19 21:22:41.703,33.0,False,False,False
328,UK159,4,11,2026-04-19 20:45:41.703,2026-04-19 23:32:41.703,167.0,False,False,False
329,UK084,4,29,2026-04-19 20:44:41.702,2026-04-20 00:20:41.702,216.0,True,False,False
330,SJ206,3,18,2026-04-19 20:43:41.703,2026-04-20 01:21:41.703,278.0,True,False,False
331,UK044,4,1,2026-04-19 20:31:41.701,2026-04-19 23:29:41.701,178.0,False,False,False
332,SJ036,3,19,2026-04-19 20:24:41.701,2026-04-19 23:54:41.701,210.0,False,False,False
333,6F176,1,13,2026-04-19 20:23:42.000,2026-04-19 23:23:42.000,180.0,False,False,False
334,6F148,1,12,2026-04-19 20:23:41.703,2026-04-19 22:30:41.703,127.0,False,False,False
335,6F202,1,21,2026-04-19 20:18:41.703,2026-04-19 23:48:41.703,210.0,False,False,False
336,6F071,1,18,2026-04-19 20:18:41.702,2026-04-20 00:31:41.702,253.0,True,False,False
337,AI105,2,13,2026-04-19 20:16:41.702,2026-04-19 22:03:41.702,107.0,False,False,False
338,AI241,2,21,2026-04-19 20:11:41.704,2026-04-19 22:18:41.704,127.0,False,False,False
339,SJ162,3,19,2026-04-19 20:11:41.703,2026-04-19 22:30:41.703,139.0,False,False,False
340,6F003,1,22,2026-04-19 20:06:41.700,2026-04-19 23:13:41.700,187.0,False,False,False
341,6F249,1,22,2026-04-19 20:06:41.700,2026-04-19 23:13:41.700,187.0,False,False,False
342,AI237,2,7,2026-04-19 19:58:41.704,2026-04-19 23:13:41.704,195.0,False,False,False
343,SJ134,3,7,2026-04-19 19:58:41.702,2026-04-20 00:15:41.702,257.0,True,False,False
344,AI071,2,10,2026-04-19 19:55:41.702,2026-04-19 22:58:41.702,183.0,False,False,False
345,6F118,1,14,2026-04-19 19:52:41.702,2026-04-19 21:01:41.702,69.0,False,False,False
346,6F014,1,20,2026-04-19 19:42:41.701,2026-04-19 23:15:41.701,213.0,False,False,False
347,6F065,1,26,2026-04-19 19:40:41.701,2026-04-19 22:23:41.701,163.0,False,False,False
348,6F271,1,25,2026-04-19 19:33:41.702,2026-04-19 22:52:41.702,199.0,False,False,False
349,SJ070,3,28,2026-04-19 18:55:41.701,2026-04-19 20:48:41.701,113.0,False,False,False
350,6F007,1,25,2026-04-19 18:55:41.701,2026-04-19 19:54:41.701,59.0,False,False,False
351,UK007,4,19,2026-04-19 18:50:41.701,2026-04-19 21:04:41.701,134.0,False,False,False
352,SJ192,3,22,2026-04-19 18:45:42.000,2026-04-19 23:45:42.000,300.0,False,True,False
353,AI097,2,25,2026-04-19 18:42:41.702,2026-04-19 23:34:41.702,292.0,False,False,False
354,6F256,1,7,2026-04-19 18:40:41.702,2026-04-19 19:13:41.702,33.0,False,False,False
355,UK047,4,4,2026-04-19 18:40:41.701,2026-04-19 22:45:41.701,245.0,False,False,False
356,AI024,2,27,2026-04-19 18:38:41.701,2026-04-19 19:45:41.701,67.0,False,False,False
357,UK113,4,13,2026-04-19 18:34:41.702,2026-04-19 22:58:41.702,264.0,False,False,False
358,SJ163,3,19,2026-04-19 18:32:41.703,2026-04-19 23:08:41.703,276.0,False,False,False
359,SJ208,3,19,2026-04-19 18:32:41.703,2026-04-19 19:33:41.703,61.0,False,False,False
360,SJ221,3,30,2026-04-19 18:31:41.703,2026-04-19 23:17:41.703,286.0,False,False,False
361,SJ084,3,25,2026-04-19 18:31:41.702,2026-04-19 19:30:41.702,59.0,False,False,False
362,6F127,1,22,2026-04-19 18:27:41.702,2026-04-19 22:28:41.702,241.0,False,False,False
363,AI122,2,7,2026-04-19 18:25:41.702,2026-04-19 22:36:41.702,251.0,False,False,False
364,AI139,2,25,2026-04-19 18:23:41.702,2026-04-19 19:24:41.702,61.0,False,False,False
365,UK149,4,29,2026-04-19 18:22:41.703,2026-04-19 23:08:41.703,286.0,False,False,False
366,AI149,2,9,2026-04-19 18:19:41.703,2026-04-19 21:36:41.703,197.0,False,False,False
367,SJ243,3,3,2026-04-19 18:17:41.704,2026-04-19 23:03:41.704,286.0,False,False,False
368,AI053,2,13,2026-04-19 18:04:41.701,2026-04-19 22:19:41.701,255.0,False,False,False
369,UK061,4,1,2026-04-19 17:58:41.701,2026-04-19 19:48:41.701,110.0,False,False,False
370,SJ004,3,29,2026-04-19 17:52:41.701,2026-04-19 21:01:41.701,189.0,False,False,False
371,AI173,2,24,2026-04-19 17:36:41.703,2026-04-19 22:27:41.703,291.0,False,False,False
372,6F085,1,25,2026-04-19 17:32:41.702,2026-04-19 19:32:42.000,120.0,False,False,False
373,AI252,2,24,2026-04-19 17:30:41.704,2026-04-19 21:54:41.704,264.0,False,False,False
374,SJ109,3,8,2026-04-19 17:24:41.702,2026-04-19 20:28:41.702,184.0,False,False,False
375,UK123,4,8,2026-04-19 17:24:41.702,2026-04-19 20:18:41.702,174.0,False,False,False
376,6F125,1,7,2026-04-19 17:09:41.702,2026-04-19 21:13:41.702,244.0,False,False,False
377,UK183,4,2,2026-04-19 17:07:41.703,2026-04-19 18:30:41.703,83.0,False,False,False
378,AI110,2,7,2026-04-19 17:07:41.702,2026-04-19 22:00:41.702,293.0,False,False,False
379,UK105,4,14,2026-04-19 17:04:41.702,2026-04-19 18:11:41.702,67.0,False,False,False
380,6F128,1,24,2026-04-19 16:56:41.702,2026-04-19 18:03:41.702,67.0,False,False,False
381,6F224,1,20,2026-04-19 16:53:41.704,2026-04-19 18:52:41.704,119.0,False,False,False
382,SJ130,3,8,2026-04-19 16:53:41.702,2026-04-19 20:53:41.702,240.0,False,False,False
383,AI224,2,19,2026-04-19 16:51:41.703,2026-04-19 21:36:41.703,285.0,False,False,False
384,SJ182,3,12,2026-04-19 16:48:41.703,2026-04-19 17:36:41.703,48.0,False,False,False
385,UK164,4,9,2026-04-19 16:46:41.703,2026-04-19 21:10:41.703,264.0,False,False,False
386,AI161,2,12,2026-04-19 16:40:41.703,2026-04-19 19:40:41.703,180.0,False,False,False
387,6F206,1,17,2026-04-19 16:39:41.703,2026-04-19 20:59:41.703,260.0,False,False,False
388,SJ204,3,13,2026-04-19 16:34:41.703,2026-04-19 18:15:41.703,101.0,False,False,False
389,AI206,2,15,2026-04-19 16:30:41.703,2026-04-19 20:01:41.703,211.0,False,False,False
390,6F140,1,14,2026-04-19 16:30:41.702,2026-04-19 18:21:41.702,111.0,False,False,False
391,6F253,1,26,2026-04-19 16:26:41.703,2026-04-19 18:24:41.703,118.0,False,False,False
392,SJ203,3,19,2026-04-19 16:22:41.703,2026-04-19 18:27:41.703,125.0,False,False,False
393,SJ161,3,26,2026-04-19 16:22:41.703,2026-04-19 17:04:41.703,42.0,False,False,False
394,AI098,2,25,2026-04-19 16:01:41.702,2026-04-19 18:11:41.702,130.0,False,False,False
395,AI168,2,18,2026-04-19 15:50:41.703,2026-04-19 20:20:41.703,270.0,False,False,False
396,UK190,4,16,2026-04-19 15:49:41.703,2026-04-19 18:53:41.703,184.0,False,False,False
397,AI085,2,19,2026-04-19 15:45:41.702,2026-04-19 20:33:41.702,288.0,False,False,False
398,AI076,2,1,2026-04-19 15:37:41.702,2026-04-19 16:12:41.702,35.0,False,False,False
399,UK130,4,26,2026-04-19 15:36:41.702,2026-04-19 19:43:41.702,247.0,False,False,False
400,6F038,1,25,2026-04-19 15:36:41.701,2026-04-19 19:33:41.701,237.0,False,False,False
401,UK110,4,24,2026-04-19 15:26:41.702,2026-04-19 20:13:41.702,287.0,False,False,False
402,SJ013,3,20,2026-04-19 15:25:41.701,2026-04-19 19:54:41.701,269.0,False,False,False
403,AI039,2,26,2026-04-19 15:24:41.701,2026-04-19 18:56:41.701,212.0,False,False,False
404,AI248,2,13,2026-04-19 15:17:41.704,2026-04-19 16:35:41.704,78.0,False,False,False
405,6F199,1,20,2026-04-19 15:15:41.703,2026-04-19 17:32:41.703,137.0,False,False,False
406,AI225,2,6,2026-04-19 15:05:41.703,2026-04-19 16:01:41.703,56.0,False,False,False
407,SJ028,3,12,2026-04-19 15:04:41.701,2026-04-19 19:32:41.701,268.0,False,False,False
408,SJ012,3,21,2026-04-19 15:01:41.701,2026-04-19 16:12:41.701,71.0,False,False,False
409,SJ131,3,30,2026-04-19 15:00:41.702,2026-04-19 16:07:41.702,67.0,False,False,False
410,AI010,2,9,2026-04-19 15:00:41.701,2026-04-19 19:48:41.701,288.0,False,False,False
411,6F020,1,9,2026-04-19 14:58:41.701,2026-04-19 16:43:41.701,105.0,False,False,False
412,SJ038,3,3,2026-04-19 14:57:41.701,2026-04-19 17:46:41.701,169.0,False,False,False
413,UK204,4,3,2026-04-19 14:46:41.703,2026-04-19 16:24:41.703,98.0,False,False,False
414,AI036,2,7,2026-04-19 14:45:41.701,2026-04-19 16:16:41.701,91.0,False,False,False
415,AI100,2,12,2026-04-19 14:42:41.702,2026-04-19 18:22:41.702,220.0,False,False,False
416,SJ215,3,13,2026-04-19 14:37:41.703,2026-04-19 16:12:41.703,95.0,False,False,False
417,UK155,4,30,2026-04-19 14:34:41.703,2026-04-19 18:37:41.703,243.0,False,False,False
418,SJ173,3,14,2026-04-19 14:27:41.703,2026-04-19 16:09:41.703,102.0,False,False,False
419,UK179,4,19,2026-04-19 14:25:41.703,2026-04-19 19:15:41.703,290.0,False,False,False
420,UK221,4,13,2026-04-19 14:18:41.704,2026-04-19 18:44:41.704,266.0,False,False,False
421,UK023,4,20,2026-04-19 14:15:41.701,2026-04-19 19:03:41.701,288.0,False,False,False
422,SJ107,3,10,2026-04-19 14:10:41.702,2026-04-19 18:38:41.702,268.0,False,False,False
423,AI073,2,6,2026-04-19 14:08:41.702,2026-04-19 16:10:41.702,122.0,False,False,False
424,SJ187,3,26,2026-04-19 14:07:41.703,2026-04-19 17:30:41.703,203.0,False,False,False
425,UK058,4,27,2026-04-19 13:46:41.701,2026-04-19 17:04:41.701,198.0,False,False,False
426,SJ063,3,27,2026-04-19 13:38:41.701,2026-04-19 15:23:41.701,105.0,False,False,False
427,SJ062,3,4,2026-04-19 13:37:41.701,2026-04-19 17:06:41.701,209.0,False,False,False
428,UK048,4,29,2026-04-19 13:36:41.701,2026-04-19 18:21:41.701,285.0,False,False,False
429,AI181,2,30,2026-04-19 13:29:41.703,2026-04-19 16:55:41.703,206.0,False,False,False
430,AI003,2,4,2026-04-19 13:27:41.701,2026-04-19 16:55:41.701,208.0,False,False,False
431,6F041,1,27,2026-04-19 13:19:41.701,2026-04-19 16:48:41.701,209.0,False,False,False
432,6F175,1,28,2026-04-19 13:18:41.703,2026-04-19 15:13:41.703,115.0,False,False,False
433,6F013,1,7,2026-04-19 13:15:41.701,2026-04-19 18:05:41.701,290.0,False,False,False
434,SJ040,3,7,2026-04-19 13:12:41.701,2026-04-19 16:44:41.701,212.0,False,False,False
435,SJ016,3,23,2026-04-19 13:01:41.701,2026-04-19 16:26:41.701,205.0,False,False,False
436,6F135,1,30,2026-04-19 12:59:41.702,2026-04-19 13:45:41.702,46.0,False,False,False
437,6F150,1,25,2026-04-19 12:55:41.703,2026-04-19 16:53:41.703,238.0,False,False,False
438,AI083,2,17,2026-04-19 12:54:41.702,2026-04-19 13:37:41.702,43.0,False,False,False
439,SJ166,3,14,2026-04-19 12:51:41.703,2026-04-19 16:18:41.703,207.0,False,False,False
440,SJ027,3,10,2026-04-19 12:50:41.701,2026-04-19 17:13:41.701,263.0,False,False,False
441,6F134,1,5,2026-04-19 12:47:41.702,2026-04-19 14:06:41.702,79.0,False,False,False
442,UK225,4,26,2026-04-19 12:46:41.704,2026-04-19 15:02:41.704,136.0,False,False,False
443,SJ175,3,26,2026-04-19 12:46:41.703,2026-04-19 16:50:41.703,244.0,False,False,False
444,AI182,2,24,2026-04-19 12:41:41.703,2026-04-19 17:14:41.703,273.0,False,False,False
445,AI190,2,7,2026-04-19 12:38:41.703,2026-04-19 15:56:41.703,198.0,False,False,False
446,AI120,2,28,2026-04-19 12:12:41.702,2026-04-19 14:18:41.702,126.0,False,False,False
447,6F132,1,27,2026-04-19 12:00:41.702,2026-04-19 13:00:42.000,60.0,False,False,False
448,UK102,4,23,2026-04-19 11:58:41.702,2026-04-19 14:01:41.702,123.0,False,False,False
449,AI045,2,25,2026-04-19 11:58:41.701,2026-04-19 14:37:41.701,159.0,False,False,False
450,UK136,4,23,2026-04-19 11:43:41.703,2026-04-19 15:26:41.703,223.0,False,False,False
451,SJ238,3,26,2026-04-19 11:41:41.704,2026-04-19 15:39:41.704,238.0,False,False,False
452,AI193,2,30,2026-04-19 11:33:41.703,2026-04-19 16:07:41.703,274.0,False,False,False
453,6F001,1,22,2026-04-19 11:33:41.700,2026-04-19 13:08:41.700,95.0,False,False,False
454,6F211,1,26,2026-04-19 11:29:41.703,2026-04-19 16:20:41.703,291.0,False,False,False
455,SJ199,3,22,2026-04-19 11:29:41.703,2026-04-19 13:59:41.703,150.0,False,False,False
456,SJ050,3,23,2026-04-19 11:24:41.701,2026-04-19 12:03:41.701,39.0,False,False,False
457,UK115,4,1,2026-04-19 11:20:41.702,2026-04-19 13:20:42.000,120.0,False,False,False
458,AI037,2,6,2026-04-19 11:14:41.701,2026-04-19 15:13:41.701,239.0,False,False,False
459,6F235,1,25,2026-04-19 11:06:41.704,2026-04-19 13:51:41.704,165.0,False,False,False
460,UK111,4,26,2026-04-19 11:06:41.702,2026-04-19 12:20:41.702,74.0,False,False,False
461,6F005,1,10,2026-04-19 11:04:41.701,2026-04-19 15:27:41.701,263.0,False,False,False
462,AI198,2,15,2026-04-19 10:56:41.703,2026-04-19 14:19:41.703,203.0,False,False,False
463,UK184,4,30,2026-04-19 10:49:41.703,2026-04-19 13:00:41.703,131.0,False,False,False
464,6F219,1,29,2026-04-19 10:32:41.704,2026-04-19 14:37:41.704,245.0,False,False,False
465,UK066,4,7,2026-04-19 10:29:41.701,2026-04-19 12:07:41.701,98.0,False,False,False
466,6F220,1,22,2026-04-19 10:27:41.704,2026-04-19 11:25:41.704,58.0,False,False,False
467,AI180,2,7,2026-04-19 10:19:41.703,2026-04-19 11:00:41.703,41.0,False,False,False
468,6F098,1,5,2026-04-19 10:18:41.702,2026-04-19 12:49:41.702,151.0,False,False,False
469,AI141,2,3,2026-04-19 10:16:41.702,2026-04-19 14:53:41.702,277.0,False,False,False
470,SJ170,3,1,2026-04-19 10:11:41.703,2026-04-19 11:56:41.703,105.0,False,False,False
471,SJ178,3,9,2026-04-19 09:58:41.703,2026-04-19 12:27:41.703,149.0,False,False,False
472,6F172,1,6,2026-04-19 09:53:41.703,2026-04-19 14:46:41.703,293.0,False,False,False
473,UK220,4,1,2026-04-19 09:51:41.704,2026-04-19 13:25:41.704,214.0,False,False,False
474,SJ148,3,16,2026-04-19 09:51:41.702,2026-04-19 13:41:41.702,230.0,False,False,False
475,UK065,4,7,2026-04-19 09:38:41.701,2026-04-19 13:46:41.701,248.0,False,False,False
476,6F243,1,9,2026-04-19 09:37:41.704,2026-04-19 10:33:41.704,56.0,False,False,False
477,SJ193,3,13,2026-04-19 09:37:41.703,2026-04-19 12:16:41.703,159.0,False,False,False
478,UK056,4,25,2026-04-19 09:29:41.701,2026-04-19 10:15:41.701,46.0,False,False,False
479,AI219,2,3,2026-04-19 09:28:41.703,2026-04-19 11:27:41.703,119.0,False,False,False
480,SJ073,3,11,2026-04-19 09:26:41.701,2026-04-19 11:14:41.701,108.0,False,False,False
481,6F052,1,7,2026-04-19 09:13:41.701,2026-04-19 12:02:41.701,169.0,False,False,False
482,SJ201,3,3,2026-04-19 09:10:41.703,2026-04-19 11:12:41.703,122.0,False,False,False
483,UK028,4,25,2026-04-19 09:02:41.701,2026-04-19 10:37:41.701,95.0,False,False,False
484,SJ119,3,7,2026-04-19 08:53:41.702,2026-04-19 11:29:41.702,156.0,False,False,False
485,AI165,2,18,2026-04-19 08:51:41.703,2026-04-19 10:31:41.703,100.0,False,False,False
486,AI255,2,28,2026-04-19 08:45:41.704,2026-04-19 13:12:41.704,267.0,False,False,False
487,AI202,2,21,2026-04-19 08:44:41.703,2026-04-19 10:53:41.703,129.0,False,False,False
488,SJ039,3,27,2026-04-19 08:41:41.701,2026-04-19 12:08:41.701,207.0,False,False,False
489,SJ051,3,6,2026-04-19 08:40:41.701,2026-04-19 12:18:41.701,218.0,False,False,False
490,UK024,4,26,2026-04-19 08:29:41.701,2026-04-19 13:29:41.701,300.0,False,False,False
491,SJ006,3,21,2026-04-19 08:25:41.701,2026-04-19 08:57:41.701,32.0,False,False,False
492,AI207,2,10,2026-04-19 08:24:41.703,2026-04-19 11:23:41.703,179.0,False,False,False
493,SJ168,3,12,2026-04-19 08:17:41.703,2026-04-19 12:29:41.703,252.0,False,False,False
494,AI028,2,22,2026-04-19 07:53:41.701,2026-04-19 08:35:41.701,42.0,False,False,False
495,6F094,1,1,2026-04-19 07:37:41.702,2026-04-19 09:06:41.702,89.0,False,False,False
496,6F024,1,8,2026-04-19 07:31:41.701,2026-04-19 11:17:41.701,226.0,False,False,False
497,6F061,1,27,2026-04-19 07:28:41.701,2026-04-19 08:09:41.701,41.0,False,False,False
498,AI032,2,26,2026-04-19 07:26:41.701,2026-04-19 09:26:42.000,120.0,False,False,False
499,UK163,4,19,2026-04-19 07:22:41.703,2026-04-19 09:04:41.703,102.0,False,False,False
500,SJ067,3,26,2026-04-19 07:17:41.701,2026-04-19 08:16:41.701,59.0,False,False,False
501,SJ106,3,13,2026-04-19 07:16:41.702,2026-04-19 09:40:41.702,144.0,False,False,False
502,AI086,2,14,2026-04-19 07:13:41.702,2026-04-19 10:09:41.702,176.0,False,False,False
503,6F263,1,19,2026-04-19 07:07:41.703,2026-04-19 08:30:41.703,83.0,False,False,False
504,6F163,1,27,2026-04-19 06:49:41.703,2026-04-19 10:46:41.703,237.0,False,False,False
505,SJ064,3,13,2026-04-19 06:29:41.701,2026-04-19 08:43:41.701,134.0,False,False,False
506,UK118,4,21,2026-04-19 06:22:41.702,2026-04-19 07:22:42.000,60.0,False,False,False
507,UK022,4,19,2026-04-19 06:22:41.701,2026-04-19 10:59:41.701,277.0,False,False,False
508,UK099,4,10,2026-04-19 06:16:41.702,2026-04-19 10:24:41.702,248.0,False,False,False
509,6F212,1,2,2026-04-19 06:10:41.703,2026-04-19 10:52:41.703,282.0,False,False,False
510,AI023,2,21,2026-04-19 06:10:41.701,2026-04-19 09:35:41.701,205.0,False,False,False
511,SJ245,3,8,2026-04-19 06:07:41.704,2026-04-19 09:39:41.704,212.0,False,False,False
512,6F066,1,4,2026-04-19 06:07:41.701,2026-04-19 07:43:41.701,96.0,False,False,False
513,AI138,2,18,2026-04-19 05:50:41.702,2026-04-19 06:40:41.702,50.0,False,False,False
514,SJ021,3,21,2026-04-19 05:48:41.701,2026-04-19 09:46:41.701,238.0,False,False,False
515,SJ136,3,21,2026-04-19 05:45:41.702,2026-04-19 08:04:41.702,139.0,False,False,False
516,AI148,2,25,2026-04-19 05:41:41.703,2026-04-19 08:32:41.703,171.0,False,False,False
517,SJ014,3,9,2026-04-19 05:40:41.701,2026-04-19 06:39:41.701,59.0,False,False,False
518,6F104,1,12,2026-04-19 05:39:41.702,2026-04-19 06:14:41.702,35.0,False,False,False
519,SJ121,3,13,2026-04-19 05:32:41.702,2026-04-19 06:47:41.702,75.0,False,False,False
520,UK174,4,13,2026-04-19 05:27:41.703,2026-04-19 07:47:41.703,140.0,False,False,False
521,AI033,2,28,2026-04-19 05:25:41.701,2026-04-19 10:21:41.701,296.0,False,False,False
522,SJ122,3,12,2026-04-19 05:22:41.702,2026-04-19 10:09:41.702,287.0,False,False,False
523,UK095,4,10,2026-04-19 05:22:41.702,2026-04-19 07:36:41.702,134.0,False,False,False
524,SJ026,3,15,2026-04-19 05:22:41.701,2026-04-19 09:40:41.701,258.0,False,False,False
525,6F221,1,29,2026-04-19 05:20:41.704,2026-04-19 08:52:41.704,212.0,False,False,False
526,SJ103,3,26,2026-04-19 05:16:41.702,2026-04-19 08:56:41.702,220.0,False,False,False
527,SJ011,3,10,2026-04-19 05:14:41.701,2026-04-19 09:59:41.701,285.0,False,False,False
528,AI002,2,21,2026-04-19 05:12:41.700,2026-04-19 07:12:41.700,120.0,False,False,False
529,AI046,2,17,2026-04-19 05:09:41.701,2026-04-19 08:00:41.701,171.0,False,False,False
530,SJ053,3,13,2026-04-19 05:00:41.701,2026-04-19 06:38:41.701,98.0,False,False,False
531,AI236,2,17,2026-04-19 04:52:41.704,2026-04-19 09:11:41.704,259.0,False,False,False
532,AI254,2,14,2026-04-19 04:46:41.704,2026-04-19 08:06:41.704,200.0,False,False,False
533,6F063,1,19,2026-04-19 04:42:41.701,2026-04-19 07:31:41.701,169.0,False,False,False
534,6F115,1,26,2026-04-19 04:41:41.702,2026-04-19 06:23:41.702,102.0,False,False,False
535,UK070,4,8,2026-04-19 04:36:41.701,2026-04-19 06:49:41.701,133.0,False,False,False
536,SJ147,3,2,2026-04-19 04:30:41.702,2026-04-19 08:52:41.702,262.0,False,False,False
537,UK201,4,22,2026-04-19 04:29:41.703,2026-04-19 06:42:41.703,133.0,False,False,False
538,SJ234,3,2,2026-04-19 04:20:41.704,2026-04-19 06:23:41.704,123.0,False,False,False
539,AI176,2,3,2026-04-19 04:20:41.703,2026-04-19 06:25:41.703,125.0,False,False,False
540,SJ045,3,20,2026-04-19 04:16:41.701,2026-04-19 09:03:41.701,287.0,False,False,False
541,SJ174,3,13,2026-04-19 04:09:41.703,2026-04-19 05:04:41.703,55.0,False,False,False
542,AI007,2,29,2026-04-19 04:01:41.701,2026-04-19 06:01:42.000,120.0,False,False,False
543,AI143,2,13,2026-04-19 03:58:41.702,2026-04-19 04:36:41.702,38.0,False,False,False
544,SJ241,3,19,2026-04-19 03:57:41.704,2026-04-19 06:36:41.704,159.0,False,False,False
545,AI020,2,6,2026-04-19 03:53:41.701,2026-04-19 06:21:41.701,148.0,False,False,False
546,UK031,4,13,2026-04-19 03:45:41.701,2026-04-19 07:20:41.701,215.0,False,False,False
547,AI013,2,21,2026-04-19 03:41:41.701,2026-04-19 04:58:41.701,77.0,False,False,False
548,AI249,2,4,2026-04-19 03:38:41.704,2026-04-19 06:27:41.704,169.0,False,False,False
549,UK046,4,13,2026-04-19 03:37:41.701,2026-04-19 06:05:41.701,148.0,False,False,False
550,UK168,4,2,2026-04-19 03:20:41.703,2026-04-19 04:09:41.703,49.0,False,False,False
551,AI022,2,10,2026-04-19 03:15:41.701,2026-04-19 05:10:41.701,115.0,False,False,False
552,UK218,4,26,2026-04-19 03:12:41.704,2026-04-19 07:22:41.704,250.0,False,False,False
553,UK142,4,3,2026-04-19 03:03:41.703,2026-04-19 07:13:41.703,250.0,False,False,False
554,6F067,1,26,2026-04-19 02:59:41.701,2026-04-19 06:02:41.701,183.0,False,False,False
555,SJ217,3,7,2026-04-19 02:57:41.703,2026-04-19 06:04:41.703,187.0,False,False,False
556,SJ143,3,17,2026-04-19 02:55:41.702,2026-04-19 03:52:41.702,57.0,False,False,False
557,AI243,2,1,2026-04-19 02:50:41.704,2026-04-19 05:09:41.704,139.0,False,False,False
558,SJ246,3,8,2026-04-19 02:47:41.704,2026-04-19 03:47:42.000,60.0,False,False,False
559,6F170,1,24,2026-04-19 02:44:41.703,2026-04-19 04:14:41.703,90.0,False,False,False
560,UK157,4,12,2026-04-19 02:41:41.703,2026-04-19 03:41:42.000,60.0,False,False,False
561,UK172,4,17,2026-04-19 02:20:41.703,2026-04-19 05:21:41.703,181.0,False,False,False
562,SJ139,3,16,2026-04-19 02:20:41.702,2026-04-19 06:02:41.702,222.0,False,False,False
563,UK085,4,29,2026-04-19 02:15:41.702,2026-04-19 03:17:41.702,62.0,False,False,False
564,6F079,1,30,2026-04-19 02:14:41.702,2026-04-19 06:18:41.702,244.0,False,False,False
565,SJ032,3,27,2026-04-19 02:11:41.701,2026-04-19 04:33:41.701,142.0,False,False,False
566,6F182,1,7,2026-04-19 02:10:41.703,2026-04-19 04:18:41.703,128.0,False,False,False
567,AI106,2,21,2026-04-19 02:07:41.702,2026-04-19 03:20:41.702,73.0,False,False,False
568,AI200,2,25,2026-04-19 02:05:41.703,2026-04-19 05:29:41.703,204.0,False,False,False
569,6F142,1,15,2026-04-19 02:05:41.702,2026-04-19 06:04:41.702,239.0,False,False,False
570,SJ079,3,24,2026-04-19 01:58:41.702,2026-04-19 05:02:41.702,184.0,False,False,False
571,SJ082,3,8,2026-04-19 01:54:41.702,2026-04-19 02:33:41.702,39.0,False,False,False
572,SJ110,3,13,2026-04-19 01:47:41.702,2026-04-19 02:20:41.702,33.0,False,False,False
573,6F262,1,29,2026-04-19 01:44:41.702,2026-04-19 02:47:41.702,63.0,False,False,False
574,UK143,4,1,2026-04-19 01:34:41.703,2026-04-19 02:48:41.703,74.0,False,False,False
575,6F269,1,25,2026-04-19 01:30:41.702,2026-04-19 02:52:41.702,82.0,False,False,False
576,6F214,1,7,2026-04-19 01:21:41.703,2026-04-19 05:20:41.703,239.0,False,False,False
577,SJ213,3,7,2026-04-19 01:19:41.703,2026-04-19 04:48:41.703,209.0,False,False,False
578,SJ072,3,19,2026-04-19 01:18:41.701,2026-04-19 04:08:41.701,170.0,False,False,False
579,6F059,1,8,2026-04-19 01:12:41.701,2026-04-19 06:02:41.701,290.0,False,False,False
580,UK202,4,19,2026-04-19 01:11:41.703,2026-04-19 05:37:41.703,266.0,False,False,False
581,UK037,4,1,2026-04-19 01:10:41.701,2026-04-19 05:12:41.701,242.0,False,False,False
582,UK069,4,13,2026-04-19 01:10:41.701,2026-04-19 03:23:41.701,133.0,False,False,False
583,SJ118,3,17,2026-04-19 01:08:41.702,2026-04-19 02:33:41.702,85.0,False,False,False
584,6F145,1,13,2026-04-19 01:02:41.703,2026-04-19 02:18:41.703,76.0,False,False,False
585,UK097,4,22,2026-04-19 00:49:41.702,2026-04-19 05:00:41.702,251.0,False,False,False
586,6F117,1,13,2026-04-19 00:46:41.702,2026-04-19 01:51:41.702,65.0,False,False,False
587,6F226,1,17,2026-04-19 00:38:41.704,2026-04-19 02:55:41.704,137.0,False,False,False
588,6F050,1,17,2026-04-19 00:35:41.701,2026-04-19 04:32:41.701,237.0,False,False,False
589,UK196,4,9,2026-04-19 00:32:41.703,2026-04-19 04:49:41.703,257.0,False,False,False
590,SJ086,3,13,2026-04-19 00:32:41.702,2026-04-19 04:17:41.702,225.0,False,False,False
591,AI134,2,22,2026-04-19 00:28:41.702,2026-04-19 04:23:41.702,235.0,False,False,False
592,AI043,2,13,2026-04-19 00:28:41.701,2026-04-19 04:37:41.701,249.0,False,False,False
593,UK119,4,7,2026-04-19 00:21:41.702,2026-04-19 04:38:41.702,257.0,False,False,False
594,SJ181,3,6,2026-04-19 00:20:41.703,2026-04-19 01:49:41.703,89.0,False,False,False
595,AI070,2,13,2026-04-19 00:05:41.702,2026-04-19 01:44:41.702,99.0,False,False,False
596,6F233,1,1,2026-04-18 23:56:41.704,2026-04-19 03:53:41.704,237.0,True,False,False
597,UK013,4,10,2026-04-18 23:52:41.701,2026-04-19 02:52:41.701,180.0,True,False,False
598,6F015,1,7,2026-04-18 23:39:41.701,2026-04-19 02:27:41.701,168.0,True,False,False
599,SJ247,3,17,2026-04-18 23:38:41.704,2026-04-19 03:43:41.704,245.0,True,False,False
600,AI067,2,24,2026-04-18 23:36:41.701,2026-04-19 03:09:41.701,213.0,True,False,False
601,AI211,2,18,2026-04-18 23:34:41.703,2026-04-19 01:21:41.703,107.0,True,False,False
602,UK029,4,17,2026-04-18 23:26:41.701,2026-04-19 02:15:41.701,169.0,True,False,False
603,SJ200,3,8,2026-04-18 23:24:41.703,2026-04-19 02:11:41.703,167.0,True,False,False
604,6F087,1,19,2026-04-18 23:24:41.702,2026-04-19 03:10:41.702,226.0,True,False,False
605,SJ210,3,23,2026-04-18 23:21:41.703,2026-04-19 02:54:41.703,213.0,True,False,False
606,AI101,2,16,2026-04-18 23:20:41.702,2026-04-19 02:23:41.702,183.0,True,False,False
607,UK075,4,28,2026-04-18 23:15:41.702,2026-04-19 03:54:41.702,279.0,True,False,False
608,SJ091,3,2,2026-04-18 23:10:41.702,2026-04-19 00:47:41.702,97.0,True,False,False
609,AI251,2,29,2026-04-18 22:40:41.704,2026-04-18 23:24:41.704,44.0,False,False,False
610,SJ042,3,23,2026-04-18 22:38:41.701,2026-04-19 02:20:41.701,222.0,True,False,False
611,UK126,4,13,2026-04-18 22:37:41.702,2026-04-19 00:03:41.702,86.0,True,False,False
612,6F042,1,24,2026-04-18 22:35:41.701,2026-04-19 02:41:41.701,246.0,True,False,False
613,AI116,2,12,2026-04-18 22:30:41.702,2026-04-19 01:57:41.702,207.0,True,False,False
614,SJ209,3,1,2026-04-18 22:22:41.703,2026-04-19 02:03:41.703,221.0,True,False,False
615,AI123,2,27,2026-04-18 22:19:41.702,2026-04-19 00:45:41.702,146.0,True,False,False
616,6F016,1,22,2026-04-18 22:18:41.701,2026-04-18 22:54:41.701,36.0,False,False,False
617,UK012,4,27,2026-04-18 22:16:41.701,2026-04-19 00:25:41.701,129.0,True,False,False
618,SJ188,3,1,2026-04-18 22:15:41.703,2026-04-18 22:55:41.703,40.0,False,False,False
619,UK096,4,4,2026-04-18 22:11:41.702,2026-04-19 00:06:41.702,115.0,True,False,False
620,SJ046,3,10,2026-04-18 22:01:41.701,2026-04-19 01:25:41.701,204.0,True,False,False
621,UK081,4,3,2026-04-18 22:00:41.702,2026-04-18 23:00:41.702,60.0,False,False,False
622,UK191,4,26,2026-04-18 21:51:41.703,2026-04-18 22:57:41.703,66.0,False,False,False
623,6F064,1,13,2026-04-18 21:45:41.701,2026-04-18 22:50:41.701,65.0,False,False,False
624,AI005,2,18,2026-04-18 21:24:41.701,2026-04-18 22:11:41.701,47.0,False,False,False
625,6F021,1,5,2026-04-18 21:23:41.701,2026-04-19 01:25:41.701,242.0,True,False,False
626,AI169,2,13,2026-04-18 21:21:41.703,2026-04-19 01:34:41.703,253.0,True,False,False
627,UK035,4,22,2026-04-18 21:08:41.701,2026-04-18 22:24:41.701,76.0,False,False,False
628,AI040,2,21,2026-04-18 21:01:41.701,2026-04-18 22:42:41.701,101.0,False,False,False
629,UK042,4,27,2026-04-18 20:59:41.701,2026-04-19 01:38:41.701,279.0,True,False,False
630,SJ171,3,19,2026-04-18 20:52:41.703,2026-04-18 23:52:41.703,180.0,False,False,False
631,AI250,2,7,2026-04-18 20:48:41.704,2026-04-19 00:12:41.704,204.0,True,False,False
632,SJ195,3,7,2026-04-18 20:41:41.703,2026-04-18 23:54:41.703,193.0,False,False,False
633,UK211,4,28,2026-04-18 20:39:41.704,2026-04-18 22:02:41.704,83.0,False,False,False
634,UK122,4,23,2026-04-18 20:29:42.000,2026-04-18 23:29:42.000,180.0,False,False,False
635,AI136,2,3,2026-04-18 20:29:41.702,2026-04-18 23:48:41.702,199.0,False,False,False
636,6F141,1,7,2026-04-18 20:26:41.702,2026-04-18 22:28:41.702,122.0,False,False,False
637,6F053,1,19,2026-04-18 20:26:41.701,2026-04-19 00:39:41.701,253.0,True,False,False
638,6F136,1,13,2026-04-18 20:24:41.702,2026-04-18 21:01:41.702,37.0,False,False,False
639,6F009,1,2,2026-04-18 20:21:41.701,2026-04-18 23:36:41.701,195.0,False,False,False
640,6F023,1,26,2026-04-18 20:18:41.701,2026-04-19 00:14:41.701,236.0,True,False,False
641,UK006,4,28,2026-04-18 20:16:41.701,2026-04-18 21:55:41.701,99.0,False,False,False
642,SJ165,3,12,2026-04-18 20:08:41.703,2026-04-18 23:18:41.703,190.0,False,False,False
643,6F189,1,26,2026-04-18 20:08:41.703,2026-04-18 21:51:41.703,103.0,False,False,False
644,AI131,2,27,2026-04-18 19:55:41.702,2026-04-18 22:35:41.702,160.0,False,False,False
645,6F004,1,7,2026-04-18 19:53:41.701,2026-04-18 23:33:41.701,220.0,False,False,False
646,AI027,2,10,2026-04-18 19:41:41.701,2026-04-18 23:23:41.701,222.0,False,False,False
647,AI238,2,15,2026-04-18 19:25:41.704,2026-04-19 00:07:41.704,282.0,True,False,False
648,SJ105,3,9,2026-04-18 19:22:41.702,2026-04-18 22:48:41.702,206.0,False,False,False
649,UK088,4,26,2026-04-18 19:16:41.702,2026-04-18 23:36:41.702,260.0,False,False,False
650,6F035,1,14,2026-04-18 19:16:41.701,2026-04-18 23:40:41.701,264.0,False,False,False
651,AI133,2,18,2026-04-18 19:12:41.702,2026-04-18 21:32:41.702,140.0,False,False,False
652,AI001,2,19,2026-04-18 19:00:41.700,2026-04-18 22:03:41.700,183.0,False,False,False
653,SJ133,3,7,2026-04-18 18:50:41.702,2026-04-18 21:29:41.702,159.0,False,False,False
654,SJ216,3,7,2026-04-18 18:35:41.703,2026-04-18 21:31:41.703,176.0,False,False,False
655,SJ225,3,19,2026-04-18 18:16:41.704,2026-04-18 20:53:41.704,157.0,False,False,False
656,AI147,2,23,2026-04-18 18:14:41.703,2026-04-18 20:10:41.703,116.0,False,False,False
657,SJ054,3,26,2026-04-18 18:13:41.701,2026-04-18 22:46:41.701,273.0,False,False,False
658,6F197,1,6,2026-04-18 17:59:41.703,2026-04-18 22:44:41.703,285.0,False,False,False
659,SJ066,3,23,2026-04-18 17:47:41.701,2026-04-18 19:03:41.701,76.0,False,False,False
660,SJ183,3,13,2026-04-18 17:44:41.703,2026-04-18 19:40:41.703,116.0,False,False,False
661,SJ151,3,7,2026-04-18 17:44:41.702,2026-04-18 19:16:41.702,92.0,False,False,False
662,SJ071,3,15,2026-04-18 17:43:41.701,2026-04-18 19:32:41.701,109.0,False,False,False
663,SJ102,3,28,2026-04-18 17:26:41.702,2026-04-18 18:58:41.702,92.0,False,False,False
664,AI209,2,2,2026-04-18 17:25:41.703,2026-04-18 18:37:41.703,72.0,False,False,False
665,6F111,1,24,2026-04-18 17:09:41.702,2026-04-18 20:02:41.702,173.0,False,False,False
666,AI050,2,1,2026-04-18 17:07:41.701,2026-04-18 19:42:41.701,155.0,False,False,False
667,SJ189,3,21,2026-04-18 17:05:41.703,2026-04-18 22:01:41.703,296.0,False,False,False
668,UK112,4,13,2026-04-18 17:05:41.702,2026-04-18 19:47:41.702,162.0,False,False,False
669,6F171,1,16,2026-04-18 17:03:41.703,2026-04-18 18:12:41.703,69.0,False,False,False
670,AI011,2,12,2026-04-18 16:58:41.701,2026-04-18 21:01:41.701,243.0,False,False,False
671,6F027,1,3,2026-04-18 16:52:41.701,2026-04-18 18:21:41.701,89.0,False,False,False
672,UK082,4,17,2026-04-18 16:50:41.702,2026-04-18 21:21:41.702,271.0,False,False,False
673,UK138,4,16,2026-04-18 16:47:41.703,2026-04-18 19:36:41.703,169.0,False,False,False
674,UK198,4,16,2026-04-18 16:43:41.703,2026-04-18 18:18:41.703,95.0,False,False,False
675,6F039,1,28,2026-04-18 16:43:41.701,2026-04-18 21:01:41.701,258.0,False,False,False
676,6F157,1,28,2026-04-18 16:37:41.703,2026-04-18 18:04:41.703,87.0,False,False,False
677,SJ024,3,20,2026-04-18 16:29:41.701,2026-04-18 20:21:41.701,232.0,False,False,False
678,6F167,1,1,2026-04-18 16:26:41.703,2026-04-18 17:50:41.703,84.0,False,False,False
679,AI197,2,7,2026-04-18 16:25:41.703,2026-04-18 20:00:41.703,215.0,False,False,False
680,SJ211,3,27,2026-04-18 16:22:41.703,2026-04-18 18:34:41.703,132.0,False,False,False
681,6F055,1,18,2026-04-18 16:21:41.701,2026-04-18 18:49:41.701,148.0,False,False,False
682,AI253,2,1,2026-04-18 16:13:41.704,2026-04-18 19:51:41.704,218.0,False,False,False
683,UK060,4,2,2026-04-18 16:09:41.701,2026-04-18 19:42:41.701,213.0,False,False,False
684,6F257,1,28,2026-04-18 16:04:41.704,2026-04-18 19:55:41.704,231.0,False,False,False
685,SJ135,3,28,2026-04-18 16:03:41.702,2026-04-18 19:48:41.702,225.0,False,False,False
686,AI247,2,7,2026-04-18 15:58:41.704,2026-04-18 19:02:41.704,184.0,False,False,False
687,UK127,4,9,2026-04-18 15:56:41.702,2026-04-18 20:00:41.702,244.0,False,False,False
688,AI109,2,1,2026-04-18 15:53:41.702,2026-04-18 20:14:41.702,261.0,False,False,False
689,AI057,2,7,2026-04-18 15:53:41.701,2026-04-18 19:22:41.701,209.0,False,False,False
690,6F103,1,15,2026-04-18 15:37:41.702,2026-04-18 18:32:41.702,175.0,False,False,False
691,SJ144,3,1,2026-04-18 15:35:41.702,2026-04-18 19:12:41.702,217.0,False,False,False
692,6F076,1,14,2026-04-18 15:35:41.702,2026-04-18 16:20:41.702,45.0,False,False,False
693,6F240,1,19,2026-04-18 15:31:41.704,2026-04-18 19:56:41.704,265.0,False,False,False
694,UK057,4,13,2026-04-18 15:25:41.701,2026-04-18 20:04:41.701,279.0,False,False,False
695,AI201,2,2,2026-04-18 15:19:41.703,2026-04-18 16:40:41.703,81.0,False,False,False
696,SJ242,3,4,2026-04-18 14:55:41.704,2026-04-18 17:42:41.704,167.0,False,False,False
697,6F037,1,10,2026-04-18 14:51:41.701,2026-04-18 17:23:41.701,152.0,False,False,False
698,SJ132,3,29,2026-04-18 14:44:41.702,2026-04-18 15:36:41.702,52.0,False,False,False
699,AI055,2,12,2026-04-18 14:39:41.701,2026-04-18 16:18:41.701,99.0,False,False,False
700,6F252,1,26,2026-04-18 14:25:41.701,2026-04-18 18:52:41.701,267.0,False,False,False
701,AI183,2,18,2026-04-18 14:24:41.703,2026-04-18 16:06:41.703,102.0,False,False,False
702,SJ125,3,16,2026-04-18 14:21:41.702,2026-04-18 16:55:41.702,154.0,False,False,False
703,SJ087,3,8,2026-04-18 14:20:41.702,2026-04-18 19:09:41.702,289.0,False,False,False
704,UK182,4,23,2026-04-18 14:19:41.703,2026-04-18 18:25:41.703,246.0,False,False,False
705,AI016,2,7,2026-04-18 14:15:41.701,2026-04-18 18:38:41.701,263.0,False,False,False
706,6F107,1,11,2026-04-18 14:14:41.702,2026-04-18 17:14:42.000,180.0,False,False,False
707,AI026,2,17,2026-04-18 14:14:41.701,2026-04-18 15:13:41.701,59.0,False,False,False
708,AI177,2,14,2026-04-18 14:11:41.703,2026-04-18 16:26:41.703,135.0,False,False,False
709,AI041,2,6,2026-04-18 14:08:41.701,2026-04-18 15:59:41.701,111.0,False,False,False
710,6F264,1,19,2026-04-18 14:03:41.701,2026-04-18 18:23:41.701,260.0,False,False,False
711,6F222,1,25,2026-04-18 14:01:41.704,2026-04-18 16:11:41.704,130.0,False,False,False
712,AI004,2,25,2026-04-18 13:58:41.701,2026-04-18 18:12:41.701,254.0,False,False,False
713,SJ126,3,16,2026-04-18 13:47:41.702,2026-04-18 16:31:41.702,164.0,False,False,False
714,SJ220,3,7,2026-04-18 13:45:41.703,2026-04-18 15:21:41.703,96.0,False,False,False
715,AI204,2,15,2026-04-18 13:40:41.703,2026-04-18 18:38:41.703,298.0,False,False,False
716,UK098,4,13,2026-04-18 13:38:41.702,2026-04-18 17:54:41.702,256.0,False,False,False
717,AI090,2,28,2026-04-18 13:37:41.702,2026-04-18 16:11:41.702,154.0,False,False,False
718,AI092,2,12,2026-04-18 13:36:41.702,2026-04-18 16:20:41.702,164.0,False,False,False
719,AI049,2,15,2026-04-18 13:35:41.701,2026-04-18 15:48:41.701,133.0,False,False,False
720,UK117,4,1,2026-04-18 13:17:41.702,2026-04-18 16:54:41.702,217.0,False,False,False
721,6F227,1,27,2026-04-18 13:16:41.704,2026-04-18 17:41:41.704,265.0,False,False,False
722,AI228,2,1,2026-04-18 13:16:41.703,2026-04-18 17:44:41.703,268.0,False,False,False
723,SJ164,3,15,2026-04-18 13:14:41.703,2026-04-18 15:14:42.000,120.0,False,False,False
724,AI018,2,7,2026-04-18 13:12:41.701,2026-04-18 18:04:41.701,292.0,False,False,False
725,UK192,4,24,2026-04-18 12:54:41.703,2026-04-18 13:54:42.000,60.0,False,False,False
726,SJ224,3,20,2026-04-18 12:41:41.703,2026-04-18 15:33:41.703,172.0,False,False,False
727,UK050,4,8,2026-04-18 12:39:41.701,2026-04-18 13:18:41.701,39.0,False,False,False
728,SJ159,3,13,2026-04-18 12:22:41.703,2026-04-18 14:05:41.703,103.0,False,False,False
729,UK038,4,28,2026-04-18 12:22:41.701,2026-04-18 15:31:41.701,189.0,False,False,False
730,6F192,1,11,2026-04-18 12:20:41.703,2026-04-18 16:45:41.703,265.0,False,False,False
731,6F173,1,7,2026-04-18 12:19:41.703,2026-04-18 13:08:41.703,49.0,False,False,False
732,AI185,2,12,2026-04-18 12:16:41.703,2026-04-18 16:18:41.703,242.0,False,False,False
733,SJ152,3,8,2026-04-18 12:09:41.702,2026-04-18 13:50:41.702,101.0,False,False,False
734,AI215,2,3,2026-04-18 12:07:41.703,2026-04-18 13:43:41.703,96.0,False,False,False
735,AI074,2,12,2026-04-18 12:03:41.702,2026-04-18 12:50:41.702,47.0,False,False,False
736,6F109,1,1,2026-04-18 12:00:41.702,2026-04-18 12:51:41.702,51.0,False,False,False
737,6F144,1,22,2026-04-18 11:56:41.702,2026-04-18 15:11:41.702,195.0,False,False,False
738,6F210,1,24,2026-04-18 11:51:41.703,2026-04-18 15:58:41.703,247.0,False,False,False
739,SJ111,3,20,2026-04-18 11:47:41.702,2026-04-18 12:59:41.702,72.0,False,False,False
740,UK092,4,26,2026-04-18 11:42:41.702,2026-04-18 13:17:41.702,95.0,False,False,False
741,UK009,4,8,2026-04-18 11:34:41.701,2026-04-18 13:41:41.701,127.0,False,False,False
742,AI170,2,24,2026-04-18 11:27:41.703,2026-04-18 15:50:41.703,263.0,False,False,False
743,6F154,1,13,2026-04-18 11:26:41.703,2026-04-18 12:23:41.703,57.0,False,False,False
744,6F161,1,29,2026-04-18 11:24:41.703,2026-04-18 12:21:41.703,57.0,False,False,False
745,UK128,4,7,2026-04-18 11:22:41.702,2026-04-18 14:11:41.702,169.0,False,False,False
746,AI186,2,17,2026-04-18 11:11:41.703,2026-04-18 13:05:41.703,114.0,False,False,False
747,AI099,2,1,2026-04-18 11:07:41.702,2026-04-18 13:29:41.702,142.0,False,False,False
748,6F203,1,4,2026-04-18 11:05:41.703,2026-04-18 12:56:41.703,111.0,False,False,False
749,UK139,4,5,2026-04-18 10:54:41.703,2026-04-18 14:31:41.703,217.0,False,False,False
750,SJ008,3,21,2026-04-18 10:53:41.701,2026-04-18 15:48:41.701,295.0,False,False,False
751,AI171,2,26,2026-04-18 10:51:41.703,2026-04-18 13:34:41.703,163.0,False,False,False
752,6F124,1,1,2026-04-18 10:47:41.702,2026-04-18 15:21:41.702,274.0,False,False,False
753,6F137,1,13,2026-04-18 10:45:41.702,2026-04-18 15:01:41.702,256.0,False,False,False
754,AI008,2,7,2026-04-18 10:43:41.701,2026-04-18 12:43:42.000,120.0,False,False,False
755,SJ140,3,24,2026-04-18 10:42:41.702,2026-04-18 14:30:41.702,228.0,False,False,False
756,UK016,4,18,2026-04-18 10:42:41.701,2026-04-18 11:22:41.701,40.0,False,False,False
757,AI127,2,19,2026-04-18 10:37:41.702,2026-04-18 13:45:41.702,188.0,False,False,False
758,SJ096,3,19,2026-04-18 10:29:41.702,2026-04-18 13:45:41.702,196.0,False,False,False
759,6F048,1,24,2026-04-18 10:27:41.701,2026-04-18 11:18:41.701,51.0,False,False,False
760,SJ090,3,25,2026-04-18 10:24:41.702,2026-04-18 13:11:41.702,167.0,False,False,False
761,AI014,2,25,2026-04-18 10:24:41.701,2026-04-18 13:51:41.701,207.0,False,False,False
762,6F131,1,4,2026-04-18 10:22:41.702,2026-04-18 14:20:41.702,238.0,False,False,False
763,AI130,2,6,2026-04-18 10:18:41.702,2026-04-18 12:59:41.702,161.0,False,False,False
764,UK151,4,7,2026-04-18 10:11:41.703,2026-04-18 13:30:41.703,199.0,False,False,False
765,6F165,1,1,2026-04-18 10:11:41.703,2026-04-18 11:09:41.703,58.0,False,False,False
766,UK161,4,1,2026-04-18 10:05:41.703,2026-04-18 12:48:41.703,163.0,False,False,False
767,AI107,2,23,2026-04-18 10:03:41.702,2026-04-18 10:49:41.702,46.0,False,False,False
768,SJ104,3,24,2026-04-18 10:00:41.702,2026-04-18 11:00:42.000,60.0,False,False,False
769,AI042,2,13,2026-04-18 09:53:41.701,2026-04-18 10:57:41.701,64.0,False,False,False
770,6F266,1,15,2026-04-18 09:49:41.703,2026-04-18 11:17:41.703,88.0,False,False,False
771,6F138,1,21,2026-04-18 09:49:41.702,2026-04-18 12:53:41.702,184.0,False,False,False
772,SJ219,3,8,2026-04-18 09:32:41.703,2026-04-18 14:09:41.703,277.0,False,False,False
773,UK197,4,4,2026-04-18 09:22:41.703,2026-04-18 10:54:41.703,92.0,False,False,False
774,6F119,1,17,2026-04-18 09:19:41.702,2026-04-18 11:33:41.702,134.0,False,False,False
775,SJ058,3,19,2026-04-18 08:58:41.701,2026-04-18 13:14:41.701,256.0,False,False,False
776,AI218,2,7,2026-04-18 08:55:41.703,2026-04-18 11:55:41.703,180.0,False,False,False
777,SJ060,3,23,2026-04-18 08:51:41.701,2026-04-18 13:46:41.701,295.0,False,False,False
778,UK121,4,1,2026-04-18 08:36:41.702,2026-04-18 12:36:41.702,240.0,False,False,False
779,6F208,1,12,2026-04-18 08:27:41.703,2026-04-18 11:34:41.703,187.0,False,False,False
780,6F153,1,11,2026-04-18 08:23:41.703,2026-04-18 12:20:41.703,237.0,False,False,False
781,AI117,2,21,2026-04-18 08:18:41.702,2026-04-18 10:09:41.702,111.0,False,False,False
782,SJ113,3,1,2026-04-18 08:10:41.702,2026-04-18 10:10:42.000,120.0,False,False,False
783,AI191,2,5,2026-04-18 07:57:41.703,2026-04-18 11:58:41.703,241.0,False,False,False
784,6F267,1,20,2026-04-18 07:56:41.703,2026-04-18 11:49:41.703,233.0,False,False,False
785,6F185,1,13,2026-04-18 07:49:41.703,2026-04-18 10:08:41.703,139.0,False,False,False
786,AI114,2,13,2026-04-18 07:48:41.702,2026-04-18 09:03:41.702,75.0,False,False,False
787,6F155,1,16,2026-04-18 07:47:41.703,2026-04-18 08:20:41.703,33.0,False,False,False
788,UK045,4,30,2026-04-18 07:43:41.701,2026-04-18 09:28:41.701,105.0,False,False,False
789,AI111,2,28,2026-04-18 07:40:41.702,2026-04-18 10:39:41.702,179.0,False,False,False
790,AI156,2,12,2026-04-18 07:39:41.703,2026-04-18 09:22:41.703,103.0,False,False,False
791,SJ128,3,11,2026-04-18 07:39:41.702,2026-04-18 10:42:41.702,183.0,False,False,False
792,AI104,2,30,2026-04-18 07:35:41.702,2026-04-18 09:20:41.702,105.0,False,False,False
793,6F225,1,23,2026-04-18 07:33:41.704,2026-04-18 12:12:41.704,279.0,False,False,False
794,6F033,1,19,2026-04-18 07:08:41.701,2026-04-18 09:08:41.701,120.0,False,False,False
795,6F244,1,28,2026-04-18 07:07:41.704,2026-04-18 08:31:41.704,84.0,False,False,False
796,UK137,4,10,2026-04-18 07:04:41.703,2026-04-18 09:14:41.703,130.0,False,False,False
797,AI063,2,21,2026-04-18 07:03:41.701,2026-04-18 11:26:41.701,263.0,False,False,False
798,SJ156,3,8,2026-04-18 06:59:41.703,2026-04-18 07:34:41.703,35.0,False,False,False
799,UK125,4,22,2026-04-18 06:58:41.702,2026-04-18 11:44:41.702,286.0,False,False,False
800,AI232,2,16,2026-04-18 06:43:41.704,2026-04-18 10:13:41.704,210.0,False,False,False
801,AI167,2,3,2026-04-18 06:43:41.703,2026-04-18 11:10:41.703,267.0,False,False,False
802,UK160,4,1,2026-04-18 06:42:41.703,2026-04-18 10:58:41.703,256.0,False,False,False
803,UK129,4,25,2026-04-18 06:29:41.702,2026-04-18 07:29:42.000,60.0,False,False,False
804,SJ230,3,7,2026-04-18 06:22:41.704,2026-04-18 10:57:41.704,275.0,False,False,False
805,SJ056,3,24,2026-04-18 06:11:41.701,2026-04-18 07:10:41.701,59.0,False,False,False
806,SJ137,3,13,2026-04-18 06:08:41.702,2026-04-18 10:14:41.702,246.0,False,False,False
807,6F081,1,26,2026-04-18 06:04:41.702,2026-04-18 07:43:41.702,99.0,False,False,False
808,6F088,1,11,2026-04-18 05:51:41.702,2026-04-18 08:22:41.702,151.0,False,False,False
809,6F121,1,25,2026-04-18 05:44:41.702,2026-04-18 10:42:41.702,298.0,False,False,False
810,UK214,4,24,2026-04-18 05:30:41.704,2026-04-18 09:10:41.704,220.0,False,False,False
811,6F060,1,16,2026-04-18 05:29:41.701,2026-04-18 07:29:42.000,120.0,False,False,False
812,SJ101,3,13,2026-04-18 05:17:41.702,2026-04-18 06:57:41.702,100.0,False,False,False
813,AI017,2,12,2026-04-18 05:15:41.701,2026-04-18 08:48:41.701,213.0,False,False,False
814,6F120,1,1,2026-04-18 05:14:41.702,2026-04-18 06:14:41.702,60.0,False,False,False
815,6F217,1,1,2026-04-18 05:13:41.704,2026-04-18 08:01:41.704,168.0,False,False,False
816,AI194,2,26,2026-04-18 05:09:41.703,2026-04-18 09:38:41.703,269.0,False,False,False
817,AI095,2,20,2026-04-18 05:00:41.702,2026-04-18 08:18:41.702,198.0,False,False,False
818,SJ190,3,7,2026-04-18 04:57:41.703,2026-04-18 09:25:41.703,268.0,False,False,False
819,6F139,1,25,2026-04-18 04:55:41.702,2026-04-18 08:17:41.702,202.0,False,False,False
820,6F062,1,13,2026-04-18 04:55:41.701,2026-04-18 06:22:41.701,87.0,False,False,False
821,UK011,4,13,2026-04-18 04:41:41.701,2026-04-18 06:25:41.701,104.0,False,False,False
822,6F100,1,6,2026-04-18 04:40:41.702,2026-04-18 07:49:41.702,189.0,False,False,False
823,6F228,1,25,2026-04-18 04:36:41.704,2026-04-18 09:27:41.704,291.0,False,False,False
824,UK033,4,24,2026-04-18 04:34:41.701,2026-04-18 09:18:41.701,284.0,False,False,False
825,SJ231,3,16,2026-04-18 04:23:41.704,2026-04-18 05:48:41.704,85.0,False,False,False
826,AI166,2,7,2026-04-18 04:20:41.703,2026-04-18 07:23:41.703,183.0,False,False,False
827,SJ176,3,17,2026-04-18 04:15:41.703,2026-04-18 06:17:41.703,122.0,False,False,False
828,SJ065,3,26,2026-04-18 04:10:41.701,2026-04-18 06:54:41.701,164.0,False,False,False
829,6F160,1,26,2026-04-18 04:09:41.703,2026-04-18 08:26:41.703,257.0,False,False,False
830,AI089,2,12,2026-04-18 04:05:41.702,2026-04-18 04:47:41.702,42.0,False,False,False
831,UK226,4,30,2026-04-18 03:58:41.704,2026-04-18 05:01:41.704,63.0,False,False,False
832,SJ123,3,7,2026-04-18 03:57:41.702,2026-04-18 05:25:41.702,88.0,False,False,False
833,AI054,2,23,2026-04-18 03:44:41.701,2026-04-18 08:10:41.701,266.0,False,False,False
834,UK019,4,9,2026-04-18 03:41:41.701,2026-04-18 04:35:41.701,54.0,False,False,False
835,UK032,4,1,2026-04-18 03:31:41.701,2026-04-18 07:28:41.701,237.0,False,False,False
836,SJ100,3,26,2026-04-18 03:28:41.702,2026-04-18 06:50:41.702,202.0,False,False,False
837,SJ094,3,30,2026-04-18 03:23:41.702,2026-04-18 08:07:41.702,284.0,False,False,False
838,6F101,1,10,2026-04-18 03:18:41.702,2026-04-18 08:15:41.702,297.0,False,False,False
839,6F006,1,6,2026-04-18 03:06:41.701,2026-04-18 05:06:42.000,120.0,False,False,False
840,AI006,2,6,2026-04-18 03:04:41.701,2026-04-18 05:54:41.701,170.0,False,False,False
841,AI195,2,15,2026-04-18 02:58:41.703,2026-04-18 04:57:41.703,119.0,False,False,False
842,UK072,4,6,2026-04-18 02:55:41.702,2026-04-18 05:55:42.000,180.0,False,False,False
843,AI244,2,1,2026-04-18 02:50:41.704,2026-04-18 03:25:41.704,35.0,False,False,False
844,SJ059,3,13,2026-04-18 02:50:41.701,2026-04-18 04:06:41.701,76.0,False,False,False
845,SJ009,3,11,2026-04-18 02:48:41.701,2026-04-18 04:23:41.701,95.0,False,False,False
846,AI121,2,25,2026-04-18 02:42:41.702,2026-04-18 06:11:41.702,209.0,False,False,False
847,6F265,1,19,2026-04-18 02:27:41.703,2026-04-18 03:24:41.703,57.0,False,False,False
848,6F110,1,24,2026-04-18 02:27:41.702,2026-04-18 05:48:41.702,201.0,False,False,False
849,UK018,4,7,2026-04-18 02:15:41.701,2026-04-18 04:08:41.701,113.0,False,False,False
850,6F072,1,2,2026-04-18 02:14:41.702,2026-04-18 03:11:41.702,57.0,False,False,False
851,6F159,1,12,2026-04-18 02:08:41.703,2026-04-18 02:43:41.703,35.0,False,False,False
852,6F095,1,5,2026-04-18 01:53:41.702,2026-04-18 05:34:41.702,221.0,False,False,False
853,SJ129,3,12,2026-04-18 01:48:41.702,2026-04-18 05:48:41.702,240.0,False,False,False
854,UK039,4,22,2026-04-18 01:40:41.701,2026-04-18 02:53:41.701,73.0,False,False,False
855,6F130,1,19,2026-04-18 01:27:41.702,2026-04-18 02:45:41.702,78.0,False,False,False
856,6F247,1,19,2026-04-18 01:27:41.702,2026-04-18 02:45:41.702,78.0,False,False,False
857,SJ233,3,19,2026-04-18 01:18:41.704,2026-04-18 02:56:41.704,98.0,False,False,False
858,6F231,1,25,2026-04-18 01:16:41.704,2026-04-18 05:43:41.704,267.0,False,False,False
859,AI125,2,13,2026-04-18 01:12:41.702,2026-04-18 04:51:41.702,219.0,False,False,False
860,6F102,1,25,2026-04-18 01:10:41.702,2026-04-18 02:24:41.702,74.0,False,False,False
861,UK078,4,9,2026-04-18 01:03:41.702,2026-04-18 04:32:41.702,209.0,False,False,False
862,UK043,4,19,2026-04-18 00:48:41.701,2026-04-18 04:52:41.701,244.0,False,False,False
863,AI144,2,27,2026-04-18 00:43:41.702,2026-04-18 03:36:41.702,173.0,False,False,False
864,UK054,4,1,2026-04-18 00:37:41.701,2026-04-18 05:30:41.701,293.0,False,False,False
865,UK108,4,16,2026-04-18 00:28:41.702,2026-04-18 03:46:41.702,198.0,False,False,False
866,6F008,1,17,2026-04-18 00:14:41.701,2026-04-18 04:59:41.701,285.0,False,False,False
867,6F106,1,7,2026-04-18 00:10:41.702,2026-04-18 01:52:41.702,102.0,False,False,False
868,AI203,2,7,2026-04-18 00:09:41.703,2026-04-18 02:56:41.703,167.0,False,False,False
869,AI065,2,26,2026-04-18 00:09:41.701,2026-04-18 05:00:41.701,291.0,False,False,False
870,UK053,4,1,2026-04-17 23:56:41.701,2026-04-18 02:46:41.701,170.0,True,False,False
871,UK086,4,11,2026-04-17 23:55:41.702,2026-04-18 02:27:41.702,152.0,True,False,False
872,SJ223,3,25,2026-04-17 23:54:41.703,2026-04-18 01:08:41.703,74.0,True,False,False
873,6F069,1,26,2026-04-17 23:44:41.701,2026-04-18 03:17:41.701,213.0,True,False,False
874,6F032,1,17,2026-04-17 23:43:41.701,2026-04-18 02:22:41.701,159.0,True,False,False
875,UK178,4,16,2026-04-17 23:41:41.703,2026-04-18 04:09:41.703,268.0,True,False,False
876,6F108,1,19,2026-04-17 23:41:41.702,2026-04-18 03:23:41.702,222.0,True,False,False
877,UK147,4,13,2026-04-17 23:35:41.703,2026-04-18 02:55:41.703,200.0,True,False,False
878,AI187,2,4,2026-04-17 23:32:41.703,2026-04-18 01:16:41.703,104.0,True,False,False
879,UK213,4,7,2026-04-17 23:21:41.704,2026-04-18 01:01:41.704,100.0,True,False,False
880,AI035,2,20,2026-04-17 23:17:41.701,2026-04-18 00:48:41.701,91.0,True,False,False
881,UK186,4,6,2026-04-17 23:05:41.703,2026-04-18 02:22:41.703,197.0,True,False,False
882,6F045,1,9,2026-04-17 23:04:41.701,2026-04-18 03:38:41.701,274.0,True,False,False
883,UK025,4,17,2026-04-17 22:55:41.701,2026-04-18 02:47:41.701,232.0,True,False,False
884,UK162,4,7,2026-04-17 22:47:41.703,2026-04-18 00:21:41.703,94.0,True,False,False
885,AI157,2,2,2026-04-17 22:45:41.703,2026-04-18 01:33:41.703,168.0,True,False,False
886,6F096,1,26,2026-04-17 22:45:41.702,2026-04-18 02:58:41.702,253.0,True,False,False
887,SJ229,3,13,2026-04-17 22:25:41.704,2026-04-18 00:27:41.704,122.0,True,False,False
888,AI214,2,13,2026-04-17 22:23:41.703,2026-04-18 02:49:41.703,266.0,True,False,False
889,6F205,1,22,2026-04-17 22:16:41.703,2026-04-18 00:02:41.703,106.0,True,False,False
890,SJ157,3,19,2026-04-17 22:11:41.703,2026-04-18 01:05:41.703,174.0,True,False,False
891,UK114,4,23,2026-04-17 22:10:41.702,2026-04-17 23:58:41.702,108.0,False,False,False
892,6F054,1,21,2026-04-17 22:00:41.701,2026-04-18 01:25:41.701,205.0,True,False,False
893,6F216,1,3,2026-04-17 21:58:41.704,2026-04-18 02:51:41.704,293.0,True,False,False
894,AI231,2,19,2026-04-17 21:52:41.704,2026-04-17 23:51:41.704,119.0,False,False,False
895,UK103,4,29,2026-04-17 21:52:41.702,2026-04-18 01:06:41.702,194.0,True,False,False
896,AI066,2,25,2026-04-17 21:51:41.701,2026-04-18 00:11:41.701,140.0,True,False,False
897,6F186,1,22,2026-04-17 21:48:41.703,2026-04-18 02:02:41.703,254.0,True,False,False
898,AI021,2,19,2026-04-17 21:39:41.701,2026-04-18 01:38:41.701,239.0,True,False,False
899,AI113,2,14,2026-04-17 21:21:41.702,2026-04-17 23:51:41.702,150.0,False,False,False
900,SJ031,3,17,2026-04-17 21:20:41.701,2026-04-17 22:29:41.701,69.0,False,False,False
901,UK217,4,28,2026-04-17 21:19:41.704,2026-04-17 22:14:41.704,55.0,False,False,False
902,SJ120,3,26,2026-04-17 21:19:41.702,2026-04-18 00:56:41.702,217.0,True,False,False
903,UK180,4,15,2026-04-17 21:18:41.703,2026-04-17 23:29:41.703,131.0,False,False,False
904,6F242,1,5,2026-04-17 21:10:41.704,2026-04-18 01:04:41.704,234.0,True,False,False
905,UK080,4,5,2026-04-17 21:09:41.702,2026-04-17 22:29:41.702,80.0,False,False,False
906,SJ124,3,24,2026-04-17 21:05:41.702,2026-04-18 01:12:41.702,247.0,True,False,False
907,SJ115,3,9,2026-04-17 21:05:41.702,2026-04-17 23:10:41.702,125.0,False,False,False
908,AI081,2,12,2026-04-17 21:03:41.702,2026-04-17 22:51:41.702,108.0,False,False,False
909,AI142,2,8,2026-04-17 20:49:41.702,2026-04-17 23:03:41.702,134.0,False,False,False
910,UK052,4,2,2026-04-17 20:48:41.701,2026-04-17 21:40:41.701,52.0,False,False,False
911,UK014,4,25,2026-04-17 20:41:41.701,2026-04-17 22:06:41.701,85.0,False,False,False
912,AI230,2,11,2026-04-17 20:37:41.704,2026-04-18 00:22:41.704,225.0,True,False,False
913,6F268,1,20,2026-04-17 20:29:41.701,2026-04-17 21:58:41.701,89.0,False,False,False
914,AI124,2,14,2026-04-17 20:28:41.702,2026-04-18 00:00:41.702,212.0,True,False,False
915,6F082,1,6,2026-04-17 20:26:41.702,2026-04-17 22:26:41.702,120.0,False,False,False
916,SJ035,3,13,2026-04-17 20:15:41.701,2026-04-17 21:15:42.000,60.0,False,False,False
917,SJ095,3,20,2026-04-17 20:09:41.702,2026-04-17 23:13:41.702,184.0,False,False,False
918,UK230,4,1,2026-04-17 20:02:41.704,2026-04-17 21:35:41.704,93.0,False,False,False
919,UK171,4,23,2026-04-17 19:59:41.703,2026-04-17 22:53:41.703,174.0,False,False,False
920,6F147,1,25,2026-04-17 19:57:41.703,2026-04-18 00:31:41.703,274.0,True,False,False
921,SJ212,3,26,2026-04-17 19:49:41.703,2026-04-17 21:44:41.703,115.0,False,False,False
922,6F080,1,25,2026-04-17 19:47:41.702,2026-04-17 23:13:41.702,206.0,False,False,False
923,UK049,4,22,2026-04-17 19:47:41.701,2026-04-17 20:32:41.701,45.0,False,False,False
924,AI152,2,2,2026-04-17 19:21:41.703,2026-04-17 20:26:41.703,65.0,False,False,False
925,AI162,2,29,2026-04-17 19:20:41.703,2026-04-17 22:40:41.703,200.0,False,False,False
926,SJ037,3,1,2026-04-17 19:14:41.701,2026-04-17 22:31:41.701,197.0,False,False,False
927,AI172,2,7,2026-04-17 19:08:41.703,2026-04-17 19:53:41.703,45.0,False,False,False
928,UK205,4,25,2026-04-17 18:57:41.703,2026-04-17 21:46:41.703,169.0,False,False,False
929,AI199,2,24,2026-04-17 18:47:41.703,2026-04-17 22:26:41.703,219.0,False,False,False
930,6F241,1,19,2026-04-17 18:27:41.704,2026-04-17 19:02:41.704,35.0,False,False,False
931,SJ041,3,14,2026-04-17 18:24:41.701,2026-04-17 22:59:41.701,275.0,False,False,False
932,AI064,2,5,2026-04-17 18:24:41.701,2026-04-17 20:07:41.701,103.0,False,False,False
933,UK169,4,24,2026-04-17 18:12:41.703,2026-04-17 23:01:41.703,289.0,False,False,False
934,UK144,4,7,2026-04-17 18:07:41.703,2026-04-17 20:59:41.703,172.0,False,False,False
935,AI118,2,25,2026-04-17 17:50:41.702,2026-04-17 19:59:41.702,129.0,False,False,False
936,SJ145,3,4,2026-04-17 17:41:41.702,2026-04-17 20:38:41.702,177.0,False,False,False
937,SJ077,3,5,2026-04-17 17:32:41.701,2026-04-17 19:40:41.701,128.0,False,False,False
938,AI126,2,30,2026-04-17 17:26:41.702,2026-04-17 20:48:41.702,202.0,False,False,False
939,SJ033,3,24,2026-04-17 17:26:41.701,2026-04-17 18:51:41.701,85.0,False,False,False
940,SJ180,3,23,2026-04-17 17:12:41.703,2026-04-17 22:00:41.703,288.0,False,False,False
941,6F183,1,30,2026-04-17 17:08:41.703,2026-04-17 19:52:41.703,164.0,False,False,False
942,AI145,2,17,2026-04-17 17:06:41.702,2026-04-17 21:31:41.702,265.0,False,False,False
943,6F089,1,19,2026-04-17 17:06:41.702,2026-04-17 19:10:41.702,124.0,False,False,False
944,6F207,1,9,2026-04-17 16:59:41.703,2026-04-17 21:00:41.703,241.0,False,False,False
945,AI229,2,25,2026-04-17 16:48:41.703,2026-04-17 18:40:41.703,112.0,False,False,False
946,6F223,1,26,2026-04-17 16:47:41.704,2026-04-17 17:21:41.704,34.0,False,False,False
947,6F116,1,28,2026-04-17 16:43:41.702,2026-04-17 19:02:41.702,139.0,False,False,False
948,SJ240,3,9,2026-04-17 16:42:41.704,2026-04-17 20:21:41.704,219.0,False,False,False
949,SJ184,3,13,2026-04-17 16:32:41.703,2026-04-17 21:00:41.703,268.0,False,False,False
950,AI087,2,29,2026-04-17 16:32:41.702,2026-04-17 20:30:41.702,238.0,False,False,False
951,UK148,4,22,2026-04-17 16:31:41.703,2026-04-17 18:43:41.703,132.0,False,False,False
952,AI210,2,1,2026-04-17 16:13:41.703,2026-04-17 18:50:41.703,157.0,False,False,False
953,6F093,1,13,2026-04-17 16:09:41.702,2026-04-17 20:00:41.702,231.0,False,False,False
954,SJ080,3,15,2026-04-17 16:04:41.702,2026-04-17 17:59:41.702,115.0,False,False,False
955,SJ005,3,20,2026-04-17 16:03:41.701,2026-04-17 17:24:41.701,81.0,False,False,False
956,6F040,1,23,2026-04-17 15:52:41.701,2026-04-17 20:33:41.701,281.0,False,False,False
957,AI212,2,18,2026-04-17 15:31:41.703,2026-04-17 20:13:41.703,282.0,False,False,False
958,AI154,2,25,2026-04-17 15:25:41.703,2026-04-17 19:16:41.703,231.0,False,False,False
959,6F239,1,12,2026-04-17 15:24:41.704,2026-04-17 17:37:41.704,133.0,False,False,False
960,UK199,4,7,2026-04-17 15:24:41.703,2026-04-17 18:55:41.703,211.0,False,False,False
961,6F218,1,1,2026-04-17 15:16:41.704,2026-04-17 19:03:41.704,227.0,False,False,False
962,6F011,1,26,2026-04-17 15:16:41.701,2026-04-17 17:16:42.000,120.0,False,False,False
963,UK106,4,7,2026-04-17 15:12:41.702,2026-04-17 17:23:41.702,131.0,False,False,False
964,UK030,4,13,2026-04-17 15:11:41.701,2026-04-17 19:38:41.701,267.0,False,False,False
965,6F090,1,21,2026-04-17 15:10:41.702,2026-04-17 19:22:41.702,252.0,False,False,False
966,AI184,2,7,2026-04-17 15:03:41.703,2026-04-17 17:03:42.000,120.0,False,False,False
967,SJ232,3,26,2026-04-17 15:02:41.704,2026-04-17 19:22:41.704,260.0,False,False,False
968,AI153,2,7,2026-04-17 15:02:41.703,2026-04-17 16:30:41.703,88.0,False,False,False
969,UK101,4,19,2026-04-17 15:00:41.702,2026-04-17 17:43:41.702,163.0,False,False,False
970,6F200,1,24,2026-04-17 14:54:41.703,2026-04-17 19:41:41.703,287.0,False,False,False
971,6F162,1,12,2026-04-17 14:50:41.703,2026-04-17 17:44:41.703,174.0,False,False,False
972,SJ197,3,21,2026-04-17 14:49:41.703,2026-04-17 17:33:41.703,164.0,False,False,False
973,AI174,2,18,2026-04-17 14:45:41.703,2026-04-17 17:01:41.703,136.0,False,False,False
974,UK090,4,25,2026-04-17 14:44:41.702,2026-04-17 17:24:41.702,160.0,False,False,False
975,UK124,4,26,2026-04-17 14:35:41.702,2026-04-17 17:09:41.702,154.0,False,False,False
976,AI239,2,9,2026-04-17 14:33:41.704,2026-04-17 17:47:41.704,194.0,False,False,False
977,UK002,4,15,2026-04-17 14:28:41.700,2026-04-17 19:20:41.700,292.0,False,False,False
978,SJ055,3,25,2026-04-17 14:17:41.701,2026-04-17 17:56:41.701,219.0,False,False,False
979,UK132,4,8,2026-04-17 14:12:41.702,2026-04-17 16:19:41.702,127.0,False,False,False
980,6F002,1,5,2026-04-17 14:11:41.700,2026-04-17 17:34:41.700,203.0,False,False,False
981,UK005,4,10,2026-04-17 14:02:41.701,2026-04-17 18:14:41.701,252.0,False,False,False
982,6F258,1,8,2026-04-17 13:54:41.703,2026-04-17 16:49:41.703,175.0,False,False,False
983,SJ244,3,3,2026-04-17 13:51:41.704,2026-04-17 15:39:41.704,108.0,False,False,False
984,AI075,2,13,2026-04-17 13:51:41.702,2026-04-17 16:49:41.702,178.0,False,False,False
985,AI160,2,29,2026-04-17 13:41:41.703,2026-04-17 17:01:41.703,200.0,False,False,False
986,UK091,4,12,2026-04-17 13:37:41.702,2026-04-17 17:31:41.702,234.0,False,False,False
987,UK195,4,22,2026-04-17 13:35:41.703,2026-04-17 16:35:41.703,180.0,False,False,False
988,6F044,1,19,2026-04-17 13:25:41.701,2026-04-17 17:36:41.701,251.0,False,False,False
989,6F248,1,19,2026-04-17 13:25:41.701,2026-04-17 17:36:41.701,251.0,False,False,False
990,6F204,1,18,2026-04-17 13:23:41.703,2026-04-17 16:04:41.703,161.0,False,False,False
991,SJ092,3,5,2026-04-17 13:19:41.702,2026-04-17 17:56:41.702,277.0,False,False,False
992,AI119,2,26,2026-04-17 13:15:41.702,2026-04-17 15:57:41.702,162.0,False,False,False
993,AI151,2,30,2026-04-17 13:14:41.703,2026-04-17 14:10:41.703,56.0,False,False,False
994,UK107,4,22,2026-04-17 13:09:41.702,2026-04-17 14:25:41.702,76.0,False,False,False
995,SJ019,3,3,2026-04-17 13:07:41.701,2026-04-17 15:56:41.701,169.0,False,False,False
996,AI052,2,15,2026-04-17 13:06:41.701,2026-04-17 15:42:41.701,156.0,False,False,False
997,SJ177,3,7,2026-04-17 13:04:41.703,2026-04-17 17:37:41.703,273.0,False,False,False
998,6F215,1,16,2026-04-17 13:00:41.703,2026-04-17 17:30:41.703,270.0,False,False,False
999,AI223,2,7,2026-04-17 12:53:41.703,2026-04-17 14:42:41.703,109.0,False,False,False
1000,SJ069,3,21,2026-04-17 12:53:41.701,2026-04-17 14:17:41.701,84.0,False,False,False
1001,6F198,1,21,2026-04-17 12:40:41.703,2026-04-17 17:39:41.703,299.0,False,False,False
1002,AI093,2,6,2026-04-17 12:35:41.702,2026-04-17 17:28:41.702,293.0,False,False,False
1003,UK062,4,24,2026-04-17 12:33:41.701,2026-04-17 15:35:41.701,182.0,False,False,False
1004,6F057,1,29,2026-04-17 12:32:41.701,2026-04-17 15:50:41.701,198.0,False,False,False
1005,UK064,4,8,2026-04-17 12:25:41.701,2026-04-17 14:55:41.701,150.0,False,False,False
