passenger_key,passenger_id,first_name,last_name,age,gender,masked_email,masked_phone,masked_aadhaar,is_collision
-1,UNRESOLVED,Unresolved,Passenger,0,UNKNOWN,unresolved@airline.internal,+91-XXXXXXXXXX,XXXX-XXXX-XXXX,True
1,P1000,Vivaan,Chatterjee,52,F,v***e@gmail.com,+91-XXXXXX3790,XXXX-XXXX-6001,False
2,P1001,Krishna,Reddy,15,M,k***y@hotmail.com,+91-XXXXXX2297,XXXX-XXXX-2654,False
3,P1002,Myra,Naidu,72,M,m***u@outlook.com,+91-XXXXXX5092,XXXX-XXXX-8161,False
4,P1003,Myra,Mishra,61,F,m***a@hotmail.com,+91-XXXXXX7151,XXXX-XXXX-6475,False
5,P1004,Saanvi,Banerjee,21,M,s***e@outlook.com,+91-XXXXXX5113,XXXX-XXXX-6483,False
6,P1005,Reyansh,Joshi,83,M,r***i@gmail.com,+91-XXXXXX3818,XXXX-XXXX-3767,False
7,P1006,Kavya,Nair,87,M,k***r@yahoo.com,+91-XXXXXX5830,XXXX-XXXX-3287,False
8,P1007,Sara,Joshi,75,M,s***i@gmail.com,+91-XXXXXX2119,XXXX-XXXX-8480,False
9,P1008,Kavya,Pillai,75,M,k***i@gmail.com,+91-XXXXXX6600,XXXX-XXXX-8281,False
10,P1009,Sai,Kulkarni,88,M,s***i@hotmail.com,+91-XXXXXX9919,XXXX-XXXX-0154,False
11,P1010,Sai,Agarwal,24,M,s***l@yahoo.com,+91-XXXXXX9690,XXXX-XXXX-4896,False
12,P1011,Sara,Naidu,3,M,s***u@yahoo.com,+91-XXXXXX4718,XXXX-XXXX-5098,False
13,P1012,Arjun,Patel,22,M,a***l@yahoo.com,+91-XXXXXX8245,XXXX-XXXX-4738,False
14,P1013,Sara,Iyer,53,M,s***r@hotmail.com,+91-XXXXXX6298,XXXX-XXXX-6701,False
15,P1014,Anika,Banerjee,2,F,a***e@outlook.com,+91-XXXXXX2705,XXXX-XXXX-7317,False
16,P1015,Aadhya,Verma,88,F,a***a@gmail.com,+91-XXXXXX0141,XXXX-XXXX-2606,False
17,P1016,Vivaan,Naidu,30,M,v***u@rediffmail.com,+91-XXXXXX0826,XXXX-XXXX-8050,False
18,P1017,Reyansh,Chatterjee,38,F,r***e@rediffmail.com,+91-XXXXXX3976,XXXX-XXXX-1939,False
19,P1018,Ira,Ghosh,2,F,i***h@hotmail.com,+91-XXXXXX9320,XXXX-XXXX-4624,False
20,P1019,Diya,Patel,64,M,d***l@gmail.com,+91-XXXXXX0329,XXXX-XXXX-2513,False
21,P1020,Ananya,Khan,60,M,a***n@yahoo.com,+91-XXXXXX6828,XXXX-XXXX-2411,False
22,P1021,Kavya,Naidu,21,M,k***u@yahoo.com,+91-XXXXXX3494,XXXX-XXXX-0164,False
23,P1022,Shaurya,Joshi,33,F,s***i@outlook.com,+91-XXXXXX5277,XXXX-XXXX-1280,False
24,P1023,Aditya,Patel,76,F,a***l@hotmail.com,+91-XXXXXX9973,XXXX-XXXX-1586,False
25,P1024,Vivaan,Sharma,58,M,v***a@yahoo.com,+91-XXXXXX4941,XXXX-XXXX-2160,False
26,P1025,Aarav,Chatterjee,22,M,a***e@yahoo.com,+91-XXXXXX2872,XXXX-XXXX-1458,False
27,P1026,Ira,Ghosh,89,M,i***1@hotmail.com,+91-XXXXXX5852,XXXX-XXXX-6556,False
28,P1027,Reyansh,Banerjee,49,F,r***e@gmail.com,+91-XXXXXX6699,XXXX-XXXX-5615,False
29,P1028,Aadhya,Mishra,59,F,a***a@gmail.com,+91-XXXXXX8647,XXXX-XXXX-6629,False
30,P1029,Diya,Ghosh,42,F,d***h@rediffmail.com,+91-XXXXXX3245,XXXX-XXXX-7387,False
31,P1030,Aditya,Kulkarni,60,F,a***i@gmail.com,+91-XXXXXX2378,XXXX-XXXX-0037,False
32,P1031,Shaurya,Patel,80,M,s***l@gmail.com,+91-XXXXXX2643,XXXX-XXXX-1632,False
33,P1032,Kavya,Gupta,15,M,k***a@rediffmail.com,+91-XXXXXX9918,XXXX-XXXX-5798,False
34,P1033,Aadhya,Kulkarni,62,M,a***i@hotmail.com,+91-XXXXXX4498,XXXX-XXXX-4714,False
35,P1034,Ishaan,Iyer,62,M,i***r@outlook.com,+91-XXXXXX4033,XXXX-XXXX-6658,True
36,P1034,Ishaan,Iyer,62,M,i***r@gmail.com,+91-XXXXXX0083,XXXX-XXXX-5466,True
37,P1035,Vivaan,Ghosh,47,F,v***h@hotmail.com,+91-XXXXXX2414,XXXX-XXXX-2729,False
38,P1036,Riya,Reddy,62,F,r***y@rediffmail.com,+91-XXXXXX7896,XXXX-XXXX-3755,False
39,P1037,Muhammad,Ghosh,51,M,m***h@rediffmail.com,+91-XXXXXX8772,XXXX-XXXX-0033,False
40,P1038,Ira,Patel,55,M,i***l@yahoo.com,+91-XXXXXX8741,XXXX-XXXX-9912,False
41,P1039,Shaurya,Agarwal,64,F,s***l@hotmail.com,+91-XXXXXX1542,XXXX-XXXX-4919,False
42,P1040,Muhammad,Joshi,3,M,m***i@hotmail.com,+91-XXXXXX3128,XXXX-XXXX-6572,False
43,P1041,Shaurya,Gupta,51,F,s***a@hotmail.com,+91-XXXXXX0848,XXXX-XXXX-1473,False
44,P1042,Arjun,Kulkarni,7,M,a***i@hotmail.com,+91-XXXXXX3124,XXXX-XXXX-5494,False
45,P1043,Arjun,Reddy,21,M,a***y@hotmail.com,+91-XXXXXX6217,XXXX-XXXX-0143,False
46,P1044,Sai,Iyer,73,M,s***r@yahoo.com,+91-XXXXXX1644,XXXX-XXXX-5574,False
47,P1045,Kavya,Reddy,39,M,k***y@yahoo.com,+91-XXXXXX3159,XXXX-XXXX-4989,False
48,P1046,Saanvi,Sharma,18,M,s***a@yahoo.com,+91-XXXXXX8191,XXXX-XXXX-0842,False
49,P1047,Ishaan,Chatterjee,4,M,i***e@rediffmail.com,+91-XXXXXX9872,XXXX-XXXX-4711,False
50,P1048,Sai,Mishra,89,M,s***a@gmail.com,+91-XXXXXX5636,XXXX-XXXX-9993,False
51,P1049,Aadhya,Joshi,60,F,a***i@rediffmail.com,+91-XXXXXX0490,XXXX-XXXX-3341,False
52,P1050,Aarav,Das,14,F,a***s@yahoo.com,+91-XXXXXX5622,XXXX-XXXX-4471,False
53,P1051,Aadhya,Chatterjee,9,F,a***e@outlook.com,+91-XXXXXX9494,XXXX-XXXX-2499,False
54,P1052,Sai,Khan,53,F,s***n@gmail.com,+91-XXXXXX2365,XXXX-XXXX-9065,False
55,P1053,Myra,Banerjee,2,F,m***e@gmail.com,+91-XXXXXX5719,XXXX-XXXX-8742,False
56,P1054,Muhammad,Patel,84,M,m***l@rediffmail.com,+91-XXXXXX9821,XXXX-XXXX-7468,False
57,P1055,Ishaan,Chatterjee,60,M,i***e@gmail.com,+91-XXXXXX1200,XXXX-XXXX-0385,False
58,P1056,Saanvi,Das,71,F,s***s@rediffmail.com,+91-XXXXXX3628,XXXX-XXXX-1093,False
59,P1057,Ishaan,Gupta,44,M,i***a@outlook.com,+91-XXXXXX5437,XXXX-XXXX-4846,False
60,P1058,Diya,Mehta,8,F,d***a@yahoo.com,+91-XXXXXX6368,XXXX-XXXX-6584,False
61,P1059,Ishaan,Banerjee,47,F,i***e@outlook.com,+91-XXXXXX3112,XXXX-XXXX-7533,False
62,P1060,Riya,Singh,35,M,r***h@yahoo.com,+91-XXXXXX5930,XXXX-XXXX-8951,False
63,P1061,Sai,Ghosh,78,M,s***h@hotmail.com,+91-XXXXXX9358,XXXX-XXXX-6158,False
64,P1062,Aarav,Singh,81,M,a***h@rediffmail.com,+91-XXXXXX2051,XXXX-XXXX-7240,False
65,P1063,Shaurya,Mishra,36,F,s***a@gmail.com,+91-XXXXXX7084,XXXX-XXXX-2219,False
66,P1064,Kavya,Kulkarni,50,M,k***i@yahoo.com,+91-XXXXXX0204,XXXX-XXXX-4821,False
67,P1065,Ishaan,Kulkarni,4,F,i***i@hotmail.com,+91-XXXXXX5206,XXXX-XXXX-3695,False
68,P1066,Riya,Singh,2,F,r***h@outlook.com,+91-XXXXXX6046,XXXX-XXXX-3953,False
69,P1067,Reyansh,Pillai,6,F,r***i@hotmail.com,+91-XXXXXX4047,XXXX-XXXX-2145,False
70,P1068,Sai,Banerjee,54,M,s***e@yahoo.com,+91-XXXXXX5500,XXXX-XXXX-4517,False
71,P1069,Krishna,Nair,4,M,k***r@yahoo.com,+91-XXXXXX9401,XXXX-XXXX-7549,False
72,P1070,Ira,Sharma,54,F,i***a@outlook.com,+91-XXXXXX0232,XXXX-XXXX-1746,False
73,P1071,Saanvi,Ghosh,63,M,s***h@gmail.com,+91-XXXXXX8977,XXXX-XXXX-5869,False
74,P1072,Krishna,Banerjee,18,M,k***e@yahoo.com,+91-XXXXXX7037,XXXX-XXXX-7735,False
75,P1073,Ananya,Pillai,44,M,a***i@outlook.com,+91-XXXXXX5165,XXXX-XXXX-0053,False
76,P1074,Riya,Patel,34,F,r***l@hotmail.com,+91-XXXXXX9588,XXXX-XXXX-0422,False
77,P1075,Krishna,Khan,74,F,k***n@yahoo.com,+91-XXXXXX5235,XXXX-XXXX-2402,False
78,P1076,Kavya,Joshi,62,M,k***i@hotmail.com,+91-XXXXXX1998,XXXX-XXXX-8390,False
79,P1077,Myra,Singh,14,F,m***h@hotmail.com,+91-XXXXXX9409,XXXX-XXXX-1159,False
80,P1078,Reyansh,Reddy,48,M,r***y@yahoo.com,+91-XXXXXX5806,XXXX-XXXX-8961,False
81,P1079,Diya,Mishra,15,M,d***a@hotmail.com,+91-XXXXXX4080,XXXX-XXXX-5654,False
82,P1080,Shaurya,Chatterjee,72,M,s***e@rediffmail.com,+91-XXXXXX1867,XXXX-XXXX-9885,False
83,P1081,Kavya,Ghosh,78,M,k***h@rediffmail.com,+91-XXXXXX3943,XXXX-XXXX-8327,False
84,P1082,Sai,Joshi,87,F,s***i@gmail.com,+91-XXXXXX5504,XXXX-XXXX-9809,False
85,P1083,Arjun,Banerjee,62,F,a***e@outlook.com,+91-XXXXXX0285,XXXX-XXXX-6120,False
86,P1084,Aditya,Patel,40,F,a***1@hotmail.com,+91-XXXXXX5666,XXXX-XXXX-9102,False
87,P1085,Diya,Naidu,85,M,d***u@hotmail.com,+91-XXXXXX8399,XXXX-XXXX-4381,False
88,P1086,Vivaan,Chatterjee,80,M,v***1@gmail.com,+91-XXXXXX0915,XXXX-XXXX-0034,False
89,P1087,Vivaan,Sharma,82,M,v***1@yahoo.com,+91-XXXXXX1488,XXXX-XXXX-8388,False
90,P1088,Ira,Chatterjee,53,F,i***e@outlook.com,+91-XXXXXX1920,XXXX-XXXX-9664,False
91,P1089,Ishaan,Mishra,24,M,i***a@gmail.com,+91-XXXXXX7422,XXXX-XXXX-9681,False
92,P1090,Vivaan,Reddy,26,F,v***y@outlook.com,+91-XXXXXX1187,XXXX-XXXX-5523,False
93,P1091,Ira,Sharma,89,F,i***1@outlook.com,+91-XXXXXX3158,XXXX-XXXX-7995,False
94,P1092,Reyansh,Verma,60,F,r***a@yahoo.com,+91-XXXXXX1814,XXXX-XXXX-1477,False
95,P1093,Anika,Pillai,41,F,a***i@outlook.com,+91-XXXXXX9284,XXXX-XXXX-0793,False
96,P1094,Kavya,Agarwal,29,F,k***l@rediffmail.com,+91-XXXXXX6383,XXXX-XXXX-7788,False
97,P1095,Anika,Verma,15,F,a***a@outlook.com,+91-XXXXXX4671,XXXX-XXXX-1864,False
98,P1096,Myra,Agarwal,45,M,m***l@hotmail.com,+91-XXXXXX4766,XXXX-XXXX-1486,False
99,P1097,Shaurya,Mehta,65,M,s***a@outlook.com,+91-XXXXXX2005,XXXX-XXXX-2357,False
100,P1098,Reyansh,Chatterjee,89,F,r***e@yahoo.com,+91-XXXXXX5381,XXXX-XXXX-2962,False
101,P1099,Vivaan,Agarwal,71,F,v***l@hotmail.com,+91-XXXXXX4348,XXXX-XXXX-7383,False
102,P1100,Muhammad,Joshi,9,M,m***i@rediffmail.com,+91-XXXXXX6219,XXXX-XXXX-2392,False
103,P1101,Shaurya,Agarwal,88,F,s***l@rediffmail.com,+91-XXXXXX3590,XXXX-XXXX-8261,False
104,P1102,Myra,Kulkarni,1,F,m***i@rediffmail.com,+91-XXXXXX6900,XXXX-XXXX-5305,True
105,P1102,Myra,Kulkarni,1,F,m***i@outlook.com,+91-XXXXXX6438,XXXX-XXXX-1043,True
106,P1103,Ishaan,Banerjee,8,M,i***e@hotmail.com,+91-XXXXXX5981,XXXX-XXXX-7117,False
107,P1104,Vivaan,Verma,88,F,v***a@gmail.com,+91-XXXXXX1100,XXXX-XXXX-6218,True
108,P1104,Vivaan,Verma,88,F,v***a@hotmail.com,+91-XXXXXX6503,XXXX-XXXX-5319,True
109,P1104,Vivaan,Verma,88,F,v***a@outlook.com,+91-XXXXXX5080,XXXX-XXXX-1704,True
110,P1105,Muhammad,Singh,63,F,m***h@yahoo.com,+91-XXXXXX8427,XXXX-XXXX-4505,False
111,P1106,Sara,Nair,11,F,s***r@outlook.com,+91-XXXXXX0110,XXXX-XXXX-4161,False
112,P1107,Anika,Joshi,81,M,a***i@yahoo.com,+91-XXXXXX8148,XXXX-XXXX-2757,False
113,P1108,Ishaan,Kulkarni,8,M,i***i@outlook.com,+91-XXXXXX1573,XXXX-XXXX-9702,True
114,P1108,Ishaan,Kulkarni,8,M,i***r@outlook.com,+91-XXXXXX6777,XXXX-XXXX-1928,True
115,P1109,Vivaan,Chatterjee,35,M,v***e@outlook.com,+91-XXXXXX8471,XXXX-XXXX-4473,False
116,P1110,Ira,Khan,35,F,i***n@rediffmail.com,+91-XXXXXX0929,XXXX-XXXX-1884,False
117,P1111,Krishna,Sharma,33,F,k***a@yahoo.com,+91-XXXXXX5000,XXXX-XXXX-0589,False
118,P1112,Sara,Mishra,5,M,s***a@hotmail.com,+91-XXXXXX4545,XXXX-XXXX-9125,False
119,P1113,Anika,Pillai,41,F,a***i@rediffmail.com,+91-XXXXXX1466,XXXX-XXXX-8018,False
120,P1114,Anika,Sharma,28,F,a***a@yahoo.com,+91-XXXXXX4337,XXXX-XXXX-4249,False
121,P1115,Sara,Singh,7,F,s***h@hotmail.com,+91-XXXXXX9477,XXXX-XXXX-0109,False
122,P1116,Vivaan,Ghosh,73,F,v***h@yahoo.com,+91-XXXXXX8866,XXXX-XXXX-4710,False
123,P1117,Aarav,Pillai,72,F,a***i@rediffmail.com,+91-XXXXXX0974,XXXX-XXXX-2588,False
124,P1118,Vivaan,Reddy,12,M,v***y@yahoo.com,+91-XXXXXX6899,XXXX-XXXX-9632,False
125,P1119,Aditya,Joshi,34,F,a***i@outlook.com,+91-XXXXXX5339,XXXX-XXXX-1687,False
126,P1120,Aarav,Ghosh,33,M,a***h@hotmail.com,+91-XXXXXX6275,XXXX-XXXX-1624,False
127,P1121,Riya,Gupta,48,F,r***a@rediffmail.com,+91-XXXXXX8655,XXXX-XXXX-1687,False
128,P1122,Ananya,Verma,23,M,a***a@hotmail.com,+91-XXXXXX1258,XXXX-XXXX-9868,False
129,P1123,Sara,Khan,62,F,s***n@gmail.com,+91-XXXXXX3410,XXXX-XXXX-5952,False
130,P1124,Myra,Verma,88,M,m***a@outlook.com,+91-XXXXXX5317,XXXX-XXXX-5169,False
131,P1125,Reyansh,Reddy,37,F,r***y@gmail.com,+91-XXXXXX1130,XXXX-XXXX-9623,False
132,P1126,Ira,Gupta,44,M,i***a@gmail.com,+91-XXXXXX3847,XXXX-XXXX-9702,False
133,P1127,Myra,Singh,86,F,m***1@hotmail.com,+91-XXXXXX0614,XXXX-XXXX-8549,False
134,P1128,Diya,Patel,35,M,d***l@yahoo.com,+91-XXXXXX0979,XXXX-XXXX-5844,False
135,P1129,Vivaan,Joshi,65,F,v***i@hotmail.com,+91-XXXXXX5992,XXXX-XXXX-4733,False
136,P1130,Shaurya,Sharma,47,M,s***a@hotmail.com,+91-XXXXXX5716,XXXX-XXXX-3016,False
137,P1131,Shaurya,Banerjee,78,M,s***e@rediffmail.com,+91-XXXXXX4323,XXXX-XXXX-4540,False
138,P1132,Ishaan,Banerjee,3,F,i***1@hotmail.com,+91-XXXXXX5376,XXXX-XXXX-4004,False
139,P1133,Sai,Banerjee,1,F,s***e@gmail.com,+91-XXXXXX5745,XXXX-XXXX-3152,False
140,P1134,Ira,Verma,5,M,i***a@outlook.com,+91-XXXXXX2787,XXXX-XXXX-8516,False
141,P1135,Shaurya,Banerjee,14,F,s***e@yahoo.com,+91-XXXXXX2437,XXXX-XXXX-5499,False
142,P1136,Aadhya,Verma,27,M,a***a@outlook.com,+91-XXXXXX5490,XXXX-XXXX-4593,False
143,P1137,Aditya,Iyer,9,M,a***r@rediffmail.com,+91-XXXXXX9624,XXXX-XXXX-9187,False
144,P1138,Saanvi,Mehta,79,M,s***a@outlook.com,+91-XXXXXX1555,XXXX-XXXX-2587,False
145,P1139,Aarav,Agarwal,15,F,a***l@yahoo.com,+91-XXXXXX7841,XXXX-XXXX-9087,False
146,P1140,Shaurya,Singh,42,M,s***h@outlook.com,+91-XXXXXX6690,XXXX-XXXX-1801,True
147,P1140,Shaurya,Singh,42,M,s***1@outlook.com,+91-XXXXXX3475,XXXX-XXXX-8251,True
148,P1141,Sai,Kulkarni,77,M,s***i@rediffmail.com,+91-XXXXXX1720,XXXX-XXXX-6337,True
149,P1141,Sai,Kulkarni,77,M,s***r@outlook.com,+91-XXXXXX8534,XXXX-XXXX-1907,True
150,P1142,Saanvi,Naidu,51,F,s***u@gmail.com,+91-XXXXXX9930,XXXX-XXXX-8439,False
151,P1143,Arjun,Nair,63,F,a***r@hotmail.com,+91-XXXXXX3770,XXXX-XXXX-8926,False
152,P1144,Aadhya,Mehta,52,F,a***a@gmail.com,+91-XXXXXX5362,XXXX-XXXX-2873,False
153,P1145,Ananya,Pillai,4,F,a***i@yahoo.com,+91-XXXXXX3231,XXXX-XXXX-4351,False
154,P1146,Krishna,Khan,23,M,k***n@outlook.com,+91-XXXXXX4276,XXXX-XXXX-3983,False
155,P1147,Reyansh,Pillai,15,M,r***i@outlook.com,+91-XXXXXX4447,XXXX-XXXX-3854,False
156,P1148,Muhammad,Chatterjee,43,M,m***e@hotmail.com,+91-XXXXXX5907,XXXX-XXXX-3556,False
157,P1149,Ishaan,Nair,29,M,i***r@yahoo.com,+91-XXXXXX5986,XXXX-XXXX-5369,False
158,P1150,Anika,Agarwal,36,F,a***l@hotmail.com,+91-XXXXXX2498,XXXX-XXXX-7280,False
159,P1151,Krishna,Sharma,13,M,k***a@gmail.com,+91-XXXXXX2588,XXXX-XXXX-8750,False
160,P1152,Diya,Joshi,32,M,d***i@hotmail.com,+91-XXXXXX1168,XXXX-XXXX-8484,False
161,P1153,Ira,Kulkarni,71,F,i***i@rediffmail.com,+91-XXXXXX8010,XXXX-XXXX-5461,False
162,P1154,Myra,Chatterjee,59,M,m***e@rediffmail.com,+91-XXXXXX1792,XXXX-XXXX-8700,False
163,P1155,Diya,Naidu,86,M,d***u@gmail.com,+91-XXXXXX6941,XXXX-XXXX-7401,False
164,P1156,Reyansh,Mehta,28,M,r***a@hotmail.com,+91-XXXXXX0427,XXXX-XXXX-2939,False
165,P1157,Arjun,Agarwal,66,M,a***l@hotmail.com,+91-XXXXXX1733,XXXX-XXXX-1599,False
166,P1158,Muhammad,Joshi,42,M,m***i@outlook.com,+91-XXXXXX4334,XXXX-XXXX-2961,False
167,P1159,Arjun,Banerjee,45,M,a***e@yahoo.com,+91-XXXXXX7644,XXXX-XXXX-1047,False
168,P1160,Ananya,Joshi,62,F,a***i@outlook.com,+91-XXXXXX8314,XXXX-XXXX-1015,False
169,P1161,Krishna,Agarwal,57,F,k***l@hotmail.com,+91-XXXXXX6070,XXXX-XXXX-8262,False
170,P1162,Reyansh,Reddy,6,M,r***y@outlook.com,+91-XXXXXX7801,XXXX-XXXX-1543,False
171,P1163,Anika,Naidu,28,M,a***u@rediffmail.com,+91-XXXXXX5191,XXXX-XXXX-5756,False
172,P1164,Sara,Kulkarni,28,F,s***i@yahoo.com,+91-XXXXXX1586,XXXX-XXXX-7935,False
173,P1165,Ira,Singh,44,M,i***h@rediffmail.com,+91-XXXXXX6118,XXXX-XXXX-3741,False
174,P1166,Krishna,Banerjee,84,M,k***e@rediffmail.com,+91-XXXXXX9397,XXXX-XXXX-9796,False
175,P1167,Riya,Mehta,30,M,r***a@rediffmail.com,+91-XXXXXX0118,XXXX-XXXX-9096,False
176,P1168,Myra,Agarwal,62,F,m***l@rediffmail.com,+91-XXXXXX5589,XXXX-XXXX-3756,False
177,P1169,Krishna,Reddy,75,M,k***1@hotmail.com,+91-XXXXXX5910,XXXX-XXXX-5457,False
178,P1170,Aditya,Mehta,89,F,a***a@rediffmail.com,+91-XXXXXX5626,XXXX-XXXX-0512,False
179,P1171,Ishaan,Banerjee,62,M,i***2@hotmail.com,+91-XXXXXX9167,XXXX-XXXX-2660,False
180,P1172,Sara,Banerjee,1,F,s***e@yahoo.com,+91-XXXXXX3300,XXXX-XXXX-1825,False
181,P1173,Aadhya,Mehta,27,F,a***a@rediffmail.com,+91-XXXXXX9808,XXXX-XXXX-1557,False
182,P1174,Shaurya,Naidu,62,M,s***u@outlook.com,+91-XXXXXX2704,XXXX-XXXX-2866,False
183,P1175,Muhammad,Mishra,77,F,m***a@hotmail.com,+91-XXXXXX4434,XXXX-XXXX-2257,False
184,P1176,Riya,Patel,3,M,r***l@outlook.com,+91-XXXXXX4871,XXXX-XXXX-6772,False
185,P1177,Reyansh,Patel,70,F,r***l@gmail.com,+91-XXXXXX9152,XXXX-XXXX-7881,False
186,P1178,Kavya,Naidu,72,M,k***u@outlook.com,+91-XXXXXX4641,XXXX-XXXX-0745,True
187,P1178,Kavya,Naidu,72,M,k***r@gmail.com,+91-XXXXXX4965,XXXX-XXXX-3095,True
188,P1179,Sai,Naidu,27,M,s***u@hotmail.com,+91-XXXXXX0416,XXXX-XXXX-0422,False
189,P1180,Anika,Gupta,9,F,a***a@outlook.com,+91-XXXXXX6034,XXXX-XXXX-1168,False
190,P1181,Shaurya,Chatterjee,62,M,s***e@outlook.com,+91-XXXXXX3772,XXXX-XXXX-6363,False
191,P1182,Aarav,Das,37,M,a***s@outlook.com,+91-XXXXXX1837,XXXX-XXXX-1701,False
192,P1183,Shaurya,Pillai,51,F,s***i@rediffmail.com,+91-XXXXXX6003,XXXX-XXXX-1520,False
193,P1184,Shaurya,Singh,44,M,s***2@outlook.com,+91-XXXXXX3210,XXXX-XXXX-3870,False
194,P1185,Aditya,Kulkarni,24,M,a***i@outlook.com,+91-XXXXXX6129,XXXX-XXXX-5542,False
195,P1186,Sara,Mishra,79,F,s***a@yahoo.com,+91-XXXXXX6403,XXXX-XXXX-2697,False
196,P1187,Aditya,Das,59,F,a***s@gmail.com,+91-XXXXXX2366,XXXX-XXXX-4138,False
197,P1188,Ananya,Agarwal,32,M,a***l@hotmail.com,+91-XXXXXX2291,XXXX-XXXX-4037,False
198,P1189,Aditya,Mehta,88,M,a***a@yahoo.com,+91-XXXXXX5687,XXXX-XXXX-9658,False
199,P1190,Aarav,Ghosh,52,F,a***h@rediffmail.com,+91-XXXXXX0106,XXXX-XXXX-8486,False
200,P1191,Aditya,Mishra,62,F,a***a@rediffmail.com,+91-XXXXXX1674,XXXX-XXXX-8328,False
201,P1192,Aarav,Iyer,58,M,a***r@hotmail.com,+91-XXXXXX1955,XXXX-XXXX-9904,False
202,P1193,Ira,Das,52,F,i***s@yahoo.com,+91-XXXXXX8909,XXXX-XXXX-2524,False
203,P1194,Ananya,Das,12,M,a***s@gmail.com,+91-XXXXXX5455,XXXX-XXXX-7850,False
204,P1195,Aditya,Das,39,M,a***s@hotmail.com,+91-XXXXXX1749,XXXX-XXXX-0030,False
205,P1196,Shaurya,Patel,2,M,s***l@rediffmail.com,+91-XXXXXX7835,XXXX-XXXX-4195,False
206,P1197,Krishna,Nair,3,M,k***r@gmail.com,+91-XXXXXX3129,XXXX-XXXX-1870,False
207,P1198,Kavya,Naidu,56,M,k***1@outlook.com,+91-XXXXXX3665,XXXX-XXXX-3206,False
208,P1199,Aditya,Pillai,81,F,a***i@hotmail.com,+91-XXXXXX7348,XXXX-XXXX-3670,False
209,P1200,Saanvi,Kulkarni,59,F,s***i@outlook.com,+91-XXXXXX7549,XXXX-XXXX-8261,False
210,P1201,Myra,Reddy,2,F,m***y@gmail.com,+91-XXXXXX3744,XXXX-XXXX-7431,False
211,P1202,Aarav,Mishra,2,F,a***a@hotmail.com,+91-XXXXXX0811,XXXX-XXXX-5374,False
212,P1203,Aadhya,Nair,54,M,a***r@gmail.com,+91-XXXXXX8221,XXXX-XXXX-5680,False
213,P1204,Shaurya,Sharma,87,M,s***a@outlook.com,+91-XXXXXX4137,XXXX-XXXX-2100,False
214,P1205,Sai,Naidu,1,M,s***u@yahoo.com,+91-XXXXXX9381,XXXX-XXXX-7215,False
215,P1206,Diya,Banerjee,19,M,d***e@rediffmail.com,+91-XXXXXX7032,XXXX-XXXX-5324,False
216,P1207,Sai,Ghosh,2,F,s***h@yahoo.com,+91-XXXXXX1912,XXXX-XXXX-0146,False
217,P1208,Aarav,Joshi,53,M,a***i@yahoo.com,+91-XXXXXX7364,XXXX-XXXX-9856,False
218,P1209,Arjun,Mishra,44,M,a***a@gmail.com,+91-XXXXXX8802,XXXX-XXXX-3213,False
219,P1210,Saanvi,Sharma,32,F,s***a@outlook.com,+91-XXXXXX2140,XXXX-XXXX-5590,False
220,P1211,Ishaan,Agarwal,70,F,i***l@outlook.com,+91-XXXXXX3564,XXXX-XXXX-0393,False
221,P1212,Shaurya,Joshi,32,F,s***i@rediffmail.com,+91-XXXXXX6659,XXXX-XXXX-2921,False
222,P1213,Sai,Pillai,68,F,s***i@outlook.com,+91-XXXXXX0044,XXXX-XXXX-6752,False
223,P1214,Riya,Mishra,55,M,r***a@hotmail.com,+91-XXXXXX9130,XXXX-XXXX-9690,False
224,P1215,Ira,Naidu,75,M,i***u@outlook.com,+91-XXXXXX5488,XXXX-XXXX-5215,False
225,P1216,Riya,Sharma,56,F,r***a@outlook.com,+91-XXXXXX2460,XXXX-XXXX-6267,True
226,P1216,Riya,Sharma,56,F,r***a@hotmail.com,+91-XXXXXX8082,XXXX-XXXX-0541,True
227,P1217,Krishna,Iyer,17,M,k***r@yahoo.com,+91-XXXXXX9884,XXXX-XXXX-6296,False
228,P1218,Ira,Iyer,38,M,i***r@gmail.com,+91-XXXXXX8138,XXXX-XXXX-1069,False
229,P1219,Muhammad,Nair,24,M,m***r@rediffmail.com,+91-XXXXXX4142,XXXX-XXXX-1032,False
230,P1220,Shaurya,Singh,69,F,s***h@gmail.com,+91-XXXXXX6766,XXXX-XXXX-2565,False
231,P1221,Diya,Nair,70,M,d***r@gmail.com,+91-XXXXXX7680,XXXX-XXXX-1586,False
232,P1222,Muhammad,Verma,86,F,m***a@hotmail.com,+91-XXXXXX2006,XXXX-XXXX-1608,False
233,P1223,Sara,Das,11,M,s***s@hotmail.com,+91-XXXXXX1674,XXXX-XXXX-1632,False
234,P1224,Aadhya,Ghosh,16,M,a***h@outlook.com,+91-XXXXXX5007,XXXX-XXXX-0998,False
235,P1225,Muhammad,Gupta,73,M,m***a@rediffmail.com,+91-XXXXXX8258,XXXX-XXXX-8564,False
236,P1226,Kavya,Chatterjee,59,F,k***e@rediffmail.com,+91-XXXXXX8456,XXXX-XXXX-6530,False
237,P1227,Aadhya,Reddy,70,M,a***y@outlook.com,+91-XXXXXX4902,XXXX-XXXX-4754,False
238,P1228,Anika,Iyer,80,F,a***r@hotmail.com,+91-XXXXXX4412,XXXX-XXXX-2148,False
239,P1229,Arjun,Das,3,F,a***s@hotmail.com,+91-XXXXXX9068,XXXX-XXXX-3457,False
240,P1230,Kavya,Mehta,20,F,k***a@gmail.com,+91-XXXXXX9054,XXXX-XXXX-5524,False
241,P1231,Riya,Das,59,M,r***s@gmail.com,+91-XXXXXX4736,XXXX-XXXX-4680,False
242,P1232,Ishaan,Kulkarni,36,M,i***i@rediffmail.com,+91-XXXXXX9916,XXXX-XXXX-6657,False
243,P1233,Ishaan,Agarwal,19,M,i***l@rediffmail.com,+91-XXXXXX3833,XXXX-XXXX-8994,False
244,P1234,Ananya,Banerjee,67,M,a***e@gmail.com,+91-XXXXXX4512,XXXX-XXXX-8309,False
245,P1235,Arjun,Ghosh,19,F,a***h@outlook.com,+91-XXXXXX1936,XXXX-XXXX-9935,False
246,P1236,Myra,Sharma,20,F,m***a@yahoo.com,+91-XXXXXX3281,XXXX-XXXX-7248,True
247,P1236,Myra,Sharma,20,F,m***r@outlook.com,+91-XXXXXX2889,XXXX-XXXX-4717,True
248,P1237,Ishaan,Kulkarni,71,F,i***1@hotmail.com,+91-XXXXXX2021,XXXX-XXXX-2235,False
249,P1238,Ishaan,Mishra,52,M,i***a@rediffmail.com,+91-XXXXXX4150,XXXX-XXXX-7432,False
250,P1239,Ananya,Singh,33,F,a***h@yahoo.com,+91-XXXXXX3786,XXXX-XXXX-6008,False
251,P1240,Anika,Ghosh,40,M,a***h@outlook.com,+91-XXXXXX3716,XXXX-XXXX-2168,False
252,P1241,Aadhya,Chatterjee,39,F,a***e@yahoo.com,+91-XXXXXX5578,XXXX-XXXX-6257,False
253,P1242,Ishaan,Nair,82,M,i***1@yahoo.com,+91-XXXXXX7294,XXXX-XXXX-8215,False
254,P1243,Aadhya,Chatterjee,1,M,a***e@gmail.com,+91-XXXXXX9531,XXXX-XXXX-0167,False
255,P1244,Saanvi,Singh,11,F,s***h@hotmail.com,+91-XXXXXX9184,XXXX-XXXX-9926,False
256,P1245,Arjun,Chatterjee,57,F,a***e@hotmail.com,+91-XXXXXX4082,XXXX-XXXX-3564,False
257,P1246,Ira,Iyer,89,F,i***r@hotmail.com,+91-XXXXXX9714,XXXX-XXXX-7218,False
258,P1247,Arjun,Agarwal,50,F,a***l@gmail.com,+91-XXXXXX1361,XXXX-XXXX-0455,False
259,P1248,Saanvi,Gupta,23,M,s***a@gmail.com,+91-XXXXXX5345,XXXX-XXXX-4155,False
260,P1249,Kavya,Pillai,31,F,k***i@rediffmail.com,+91-XXXXXX4687,XXXX-XXXX-2169,False
261,P1250,Arjun,Singh,42,F,a***h@hotmail.com,+91-XXXXXX7041,XXXX-XXXX-1670,False
262,P1251,Aarav,Pillai,7,F,a***i@outlook.com,+91-XXXXXX4312,XXXX-XXXX-1637,False
263,P1252,Aadhya,Agarwal,16,M,a***l@rediffmail.com,+91-XXXXXX0851,XXXX-XXXX-2175,True
264,P1252,Aadhya,Agarwal,16,M,a***l@outlook.com,+91-XXXXXX1226,XXXX-XXXX-9717,True
265,P1253,Aditya,Mishra,60,M,a***a@gmail.com,+91-XXXXXX4244,XXXX-XXXX-1994,False
266,P1254,Muhammad,Khan,2,F,m***n@yahoo.com,+91-XXXXXX9408,XXXX-XXXX-7571,False
267,P1255,Aadhya,Chatterjee,1,M,a***1@yahoo.com,+91-XXXXXX9415,XXXX-XXXX-7261,False
268,P1256,Krishna,Mehta,48,F,k***a@yahoo.com,+91-XXXXXX9816,XXXX-XXXX-9177,False
269,P1257,Ishaan,Banerjee,12,M,i***3@hotmail.com,+91-XXXXXX3177,XXXX-XXXX-2922,False
270,P1258,Diya,Pillai,69,M,d***i@hotmail.com,+91-XXXXXX4117,XXXX-XXXX-7226,False
271,P1259,Reyansh,Pillai,37,M,r***1@hotmail.com,+91-XXXXXX3780,XXXX-XXXX-5228,False
272,P1260,Ananya,Mishra,32,M,a***a@outlook.com,+91-XXXXXX5967,XXXX-XXXX-6081,False
273,P1261,Saanvi,Nair,9,F,s***r@yahoo.com,+91-XXXXXX9947,XXXX-XXXX-4380,False
274,P1262,Vivaan,Ghosh,19,F,v***h@rediffmail.com,+91-XXXXXX1819,XXXX-XXXX-6665,False
275,P1263,Riya,Das,48,F,r***1@gmail.com,+91-XXXXXX3243,XXXX-XXXX-3472,False
276,P1264,Anika,Ghosh,80,M,a***h@yahoo.com,+91-XXXXXX5590,XXXX-XXXX-2294,False
277,P1265,Aarav,Nair,3,F,a***r@rediffmail.com,+91-XXXXXX5885,XXXX-XXXX-8515,False
278,P1266,Aditya,Kulkarni,20,F,a***i@yahoo.com,+91-XXXXXX8354,XXXX-XXXX-3355,False
279,P1267,Saanvi,Khan,24,F,s***n@yahoo.com,+91-XXXXXX8525,XXXX-XXXX-0561,False
280,P1268,Krishna,Kulkarni,54,M,k***i@hotmail.com,+91-XXXXXX7569,XXXX-XXXX-3581,False
281,P1269,Aarav,Verma,33,M,a***a@hotmail.com,+91-XXXXXX4268,XXXX-XXXX-1207,False
282,P1270,Reyansh,Nair,24,M,r***r@gmail.com,+91-XXXXXX9475,XXXX-XXXX-6676,False
283,P1271,Muhammad,Pillai,75,F,m***i@gmail.com,+91-XXXXXX9013,XXXX-XXXX-5814,False
284,P1272,Sai,Chatterjee,72,F,s***e@hotmail.com,+91-XXXXXX7050,XXXX-XXXX-2684,False
285,P1273,Kavya,Banerjee,36,F,k***e@outlook.com,+91-XXXXXX2445,XXXX-XXXX-6881,False
286,P1274,Sara,Ghosh,38,M,s***h@outlook.com,+91-XXXXXX4388,XXXX-XXXX-1290,False
287,P1275,Anika,Iyer,84,M,a***1@hotmail.com,+91-XXXXXX5927,XXXX-XXXX-2314,False
288,P1276,Kavya,Mishra,89,F,k***a@yahoo.com,+91-XXXXXX9527,XXXX-XXXX-5562,False
289,P1277,Sai,Mishra,25,M,s***a@yahoo.com,+91-XXXXXX7990,XXXX-XXXX-5478,False
290,P1278,Aditya,Naidu,18,M,a***u@hotmail.com,+91-XXXXXX9071,XXXX-XXXX-0996,False
291,P1279,Ira,Reddy,82,M,i***y@gmail.com,+91-XXXXXX5743,XXXX-XXXX-2788,False
292,P1280,Anika,Pillai,66,M,a***1@outlook.com,+91-XXXXXX5609,XXXX-XXXX-9927,False
293,P1281,Krishna,Joshi,54,F,k***i@yahoo.com,+91-XXXXXX9570,XXXX-XXXX-6770,False
294,P1282,Kavya,Chatterjee,35,M,k***e@outlook.com,+91-XXXXXX1043,XXXX-XXXX-6591,False
295,P1283,Sara,Mishra,80,M,s***a@rediffmail.com,+91-XXXXXX9982,XXXX-XXXX-2723,False
296,P1284,Vivaan,Mishra,61,M,v***a@outlook.com,+91-XXXXXX9410,XXXX-XXXX-1777,False
297,P1285,Riya,Agarwal,41,M,r***l@yahoo.com,+91-XXXXXX1254,XXXX-XXXX-0920,False
298,P1286,Aditya,Mishra,33,F,a***a@yahoo.com,+91-XXXXXX5234,XXXX-XXXX-7236,False
299,P1287,Ishaan,Kulkarni,68,F,i***2@hotmail.com,+91-XXXXXX8506,XXXX-XXXX-3662,False
300,P1288,Riya,Khan,33,M,r***n@yahoo.com,+91-XXXXXX2850,XXXX-XXXX-8811,False
301,P1289,Reyansh,Reddy,14,M,r***1@yahoo.com,+91-XXXXXX0779,XXXX-XXXX-7659,False
302,P1290,Aditya,Mishra,21,M,a***a@hotmail.com,+91-XXXXXX5760,XXXX-XXXX-6430,False
303,P1291,Anika,Verma,48,M,a***a@gmail.com,+91-XXXXXX0039,XXXX-XXXX-6944,False
304,P1292,Myra,Ghosh,20,M,m***h@hotmail.com,+91-XXXXXX1875,XXXX-XXXX-5887,False
305,P1293,Aditya,Reddy,8,M,a***y@hotmail.com,+91-XXXXXX4997,XXXX-XXXX-8658,False
306,P1294,Ira,Naidu,7,F,i***u@gmail.com,+91-XXXXXX6891,XXXX-XXXX-4351,False
307,P1295,Muhammad,Agarwal,67,M,m***l@rediffmail.com,+91-XXXXXX0529,XXXX-XXXX-3843,False
308,P1296,Aarav,Joshi,17,F,a***i@hotmail.com,+91-XXXXXX5221,XXXX-XXXX-6566,False
309,P1297,Anika,Khan,33,F,a***n@hotmail.com,+91-XXXXXX7770,XXXX-XXXX-4393,False
310,P1298,Ananya,Kulkarni,48,M,a***i@hotmail.com,+91-XXXXXX2052,XXXX-XXXX-5184,False
311,P1299,Aadhya,Mishra,76,F,a***a@hotmail.com,+91-XXXXXX2835,XXXX-XXXX-9071,False
312,P1300,Vivaan,Agarwal,59,F,v***l@rediffmail.com,+91-XXXXXX9775,XXXX-XXXX-3416,False
313,P1301,Reyansh,Patel,86,F,r***l@outlook.com,+91-XXXXXX5137,XXXX-XXXX-3733,False
314,P1302,Arjun,Kulkarni,22,F,a***i@outlook.com,+91-XXXXXX9712,XXXX-XXXX-7908,False
315,P1303,Ira,Nair,30,F,i***r@rediffmail.com,+91-XXXXXX6631,XXXX-XXXX-6392,False
316,P1304,Myra,Khan,38,F,m***n@rediffmail.com,+91-XXXXXX5164,XXXX-XXXX-7500,False
317,P1305,Shaurya,Kulkarni,51,M,s***i@rediffmail.com,+91-XXXXXX4459,XXXX-XXXX-7955,False
318,P1306,Shaurya,Verma,54,F,s***a@rediffmail.com,+91-XXXXXX7617,XXXX-XXXX-9314,False
319,P1307,Aadhya,Iyer,8,F,a***r@rediffmail.com,+91-XXXXXX1278,XXXX-XXXX-8857,False
320,P1308,Sai,Mishra,27,F,s***a@hotmail.com,+91-XXXXXX0790,XXXX-XXXX-5455,False
321,P1309,Ananya,Agarwal,27,M,a***l@outlook.com,+91-XXXXXX8026,XXXX-XXXX-2455,False
322,P1310,Aarav,Singh,21,F,a***1@rediffmail.com,+91-XXXXXX9438,XXXX-XXXX-9961,False
323,P1311,Anika,Joshi,30,M,a***i@outlook.com,+91-XXXXXX8800,XXXX-XXXX-9876,False
324,P1312,Sara,Verma,28,F,s***a@gmail.com,+91-XXXXXX9680,XXXX-XXXX-1780,False
325,P1313,Aarav,Nair,64,M,a***1@rediffmail.com,+91-XXXXXX2272,XXXX-XXXX-4722,False
326,P1314,Anika,Joshi,69,M,a***1@yahoo.com,+91-XXXXXX7372,XXXX-XXXX-2829,False
327,P1315,Kavya,Agarwal,61,F,k***l@hotmail.com,+91-XXXXXX0684,XXXX-XXXX-4564,False
328,P1316,Aadhya,Khan,48,F,a***n@gmail.com,+91-XXXXXX6534,XXXX-XXXX-4064,False
329,P1317,Ananya,Chatterjee,19,M,a***e@gmail.com,+91-XXXXXX6546,XXXX-XXXX-3416,False
330,P1318,Shaurya,Ghosh,4,F,s***h@hotmail.com,+91-XXXXXX9440,XXXX-XXXX-1797,False
331,P1319,Kavya,Chatterjee,35,M,k***e@hotmail.com,+91-XXXXXX7382,XXXX-XXXX-4427,False
332,P1320,Arjun,Gupta,64,M,a***a@yahoo.com,+91-XXXXXX5387,XXXX-XXXX-7051,False
333,P1321,Anika,Kulkarni,49,M,a***i@outlook.com,+91-XXXXXX8733,XXXX-XXXX-3673,False
334,P1322,Krishna,Iyer,17,M,k***1@yahoo.com,+91-XXXXXX6822,XXXX-XXXX-0881,False
335,P1323,Shaurya,Verma,44,M,s***a@outlook.com,+91-XXXXXX5172,XXXX-XXXX-4916,False
336,P1324,Saanvi,Naidu,30,F,s***1@gmail.com,+91-XXXXXX0893,XXXX-XXXX-9500,False
337,P1325,Ananya,Banerjee,46,M,a***e@yahoo.com,+91-XXXXXX6204,XXXX-XXXX-6524,False
338,P1326,Anika,Kulkarni,6,M,a***i@rediffmail.com,+91-XXXXXX6272,XXXX-XXXX-4982,False
339,P1327,Anika,Joshi,37,F,a***2@yahoo.com,+91-XXXXXX6097,XXXX-XXXX-0959,False
340,P1328,Aditya,Das,24,M,a***1@gmail.com,+91-XXXXXX0775,XXXX-XXXX-5118,False
341,P1329,Arjun,Sharma,46,F,a***a@gmail.com,+91-XXXXXX1951,XXXX-XXXX-6789,False
342,P1330,Myra,Agarwal,53,F,m***l@outlook.com,+91-XXXXXX9637,XXXX-XXXX-0586,False
343,P1331,Aadhya,Naidu,60,F,a***u@gmail.com,+91-XXXXXX1793,XXXX-XXXX-3863,True
344,P1331,Aadhya,Naidu,60,F,a***u@yahoo.com,+91-XXXXXX2642,XXXX-XXXX-2286,True
345,P1332,Kavya,Joshi,63,M,k***i@yahoo.com,+91-XXXXXX5093,XXXX-XXXX-3983,False
346,P1333,Kavya,Sharma,85,M,k***a@hotmail.com,+91-XXXXXX6226,XXXX-XXXX-8240,False
347,P1334,Myra,Iyer,32,M,m***r@yahoo.com,+91-XXXXXX1671,XXXX-XXXX-0752,False
348,P1335,Aadhya,Pillai,87,F,a***i@outlook.com,+91-XXXXXX5561,XXXX-XXXX-5727,False
349,P1336,Arjun,Iyer,33,M,a***r@hotmail.com,+91-XXXXXX4632,XXXX-XXXX-6613,False
350,P1337,Vivaan,Chatterjee,67,F,v***e@hotmail.com,+91-XXXXXX1093,XXXX-XXXX-2583,False
351,P1338,Aarav,Naidu,18,M,a***u@rediffmail.com,+91-XXXXXX6009,XXXX-XXXX-2251,False
352,P1339,Shaurya,Gupta,25,F,s***a@gmail.com,+91-XXXXXX9481,XXXX-XXXX-3769,False
353,P1340,Anika,Chatterjee,54,M,a***e@hotmail.com,+91-XXXXXX3853,XXXX-XXXX-6553,False
354,P1341,Riya,Das,58,M,r***s@hotmail.com,+91-XXXXXX8998,XXXX-XXXX-0335,False
355,P1342,Reyansh,Nair,67,M,r***1@gmail.com,+91-XXXXXX9729,XXXX-XXXX-4770,False
356,P1343,Ira,Das,46,F,i***s@hotmail.com,+91-XXXXXX0034,XXXX-XXXX-6980,False
357,P1344,Aarav,Reddy,24,F,a***y@gmail.com,+91-XXXXXX5749,XXXX-XXXX-5104,False
358,P1345,Aarav,Das,32,M,a***1@yahoo.com,+91-XXXXXX1020,XXXX-XXXX-8780,False
359,P1346,Anika,Mishra,47,M,a***a@hotmail.com,+91-XXXXXX7668,XXXX-XXXX-3840,False
360,P1347,Ananya,Khan,86,F,a***n@rediffmail.com,+91-XXXXXX1587,XXXX-XXXX-8936,False
361,P1348,Shaurya,Naidu,23,F,s***u@yahoo.com,+91-XXXXXX8436,XXXX-XXXX-8324,False
362,P1349,Myra,Nair,66,F,m***r@hotmail.com,+91-XXXXXX8017,XXXX-XXXX-2520,False
363,P1350,Diya,Verma,27,M,d***a@rediffmail.com,+91-XXXXXX2443,XXXX-XXXX-9499,False
364,P1351,Arjun,Khan,2,F,a***n@hotmail.com,+91-XXXXXX0275,XXXX-XXXX-5267,False
365,P1352,Sai,Gupta,17,M,s***a@yahoo.com,+91-XXXXXX8848,XXXX-XXXX-1279,False
366,P1353,Ishaan,Kulkarni,33,F,i***1@outlook.com,+91-XXXXXX2130,XXXX-XXXX-9988,False
367,P1354,Ira,Naidu,9,M,i***1@gmail.com,+91-XXXXXX2105,XXXX-XXXX-6803,False
368,P1355,Ishaan,Iyer,43,F,i***r@rediffmail.com,+91-XXXXXX9364,XXXX-XXXX-2771,False
369,P1356,Ananya,Reddy,48,F,a***y@gmail.com,+91-XXXXXX6197,XXXX-XXXX-2793,False
370,P1357,Aditya,Verma,39,F,a***a@outlook.com,+91-XXXXXX5930,XXXX-XXXX-6892,False
371,P1358,Ishaan,Banerjee,42,F,i***e@rediffmail.com,+91-XXXXXX3247,XXXX-XXXX-6447,False
372,P1359,Anika,Chatterjee,26,F,a***e@yahoo.com,+91-XXXXXX3318,XXXX-XXXX-8097,False
373,P1360,Diya,Verma,50,M,d***a@hotmail.com,+91-XXXXXX7988,XXXX-XXXX-4983,False
374,P1361,Anika,Patel,25,F,a***l@yahoo.com,+91-XXXXXX0705,XXXX-XXXX-1016,False
375,P1362,Aditya,Ghosh,24,F,a***h@outlook.com,+91-XXXXXX5267,XXXX-XXXX-1681,False
376,P1363,Sara,Iyer,13,F,s***r@yahoo.com,+91-XXXXXX1941,XXXX-XXXX-0198,False
377,P1364,Aarav,Ghosh,60,M,a***1@hotmail.com,+91-XXXXXX5314,XXXX-XXXX-9978,False
378,P1365,Anika,Das,7,F,a***s@rediffmail.com,+91-XXXXXX2309,XXXX-XXXX-7139,False
379,P1366,Myra,Gupta,57,M,m***a@gmail.com,+91-XXXXXX3873,XXXX-XXXX-4885,False
380,P1367,Reyansh,Das,36,F,r***s@outlook.com,+91-XXXXXX4727,XXXX-XXXX-7027,False
381,P1368,Myra,Pillai,45,F,m***i@rediffmail.com,+91-XXXXXX3456,XXXX-XXXX-0395,False
382,P1369,Myra,Joshi,20,M,m***i@yahoo.com,+91-XXXXXX1933,XXXX-XXXX-9145,False
383,P1370,Myra,Nair,65,F,m***r@outlook.com,+91-XXXXXX8413,XXXX-XXXX-2150,False
384,P1371,Diya,Joshi,8,M,d***i@rediffmail.com,+91-XXXXXX6858,XXXX-XXXX-5218,False
385,P1372,Arjun,Nair,16,M,a***r@yahoo.com,+91-XXXXXX3074,XXXX-XXXX-5701,False
386,P1373,Sara,Patel,14,F,s***l@outlook.com,+91-XXXXXX0147,XXXX-XXXX-5714,False
387,P1374,Aditya,Verma,76,M,a***1@outlook.com,+91-XXXXXX1768,XXXX-XXXX-5424,False
388,P1375,Krishna,Sharma,87,F,k***1@yahoo.com,+91-XXXXXX9109,XXXX-XXXX-0160,False
389,P1376,Krishna,Iyer,15,F,k***r@rediffmail.com,+91-XXXXXX1801,XXXX-XXXX-8179,False
390,P1377,Shaurya,Nair,66,M,s***r@rediffmail.com,+91-XXXXXX9779,XXXX-XXXX-5625,False
391,P1378,Aditya,Iyer,32,M,a***1@rediffmail.com,+91-XXXXXX5347,XXXX-XXXX-9928,False
392,P1379,Kavya,Sharma,87,M,k***a@gmail.com,+91-XXXXXX1367,XXXX-XXXX-9382,False
393,P1380,Reyansh,Khan,63,M,r***n@gmail.com,+91-XXXXXX4003,XXXX-XXXX-1971,False
394,P1381,Vivaan,Mehta,86,F,v***a@rediffmail.com,+91-XXXXXX0884,XXXX-XXXX-9657,False
395,P1382,Anika,Iyer,51,F,a***r@gmail.com,+91-XXXXXX8861,XXXX-XXXX-6997,False
396,P1383,Arjun,Nair,25,M,a***r@outlook.com,+91-XXXXXX9631,XXXX-XXXX-6240,False
397,P1384,Kavya,Khan,58,F,k***n@gmail.com,+91-XXXXXX0739,XXXX-XXXX-6566,False
398,P1385,Reyansh,Das,63,F,r***s@hotmail.com,+91-XXXXXX0600,XXXX-XXXX-2422,False
399,P1386,Riya,Gupta,62,F,r***a@gmail.com,+91-XXXXXX2101,XXXX-XXXX-6927,False
400,P1387,Anika,Sharma,22,F,a***a@hotmail.com,+91-XXXXXX4285,XXXX-XXXX-3846,False
401,P1388,Reyansh,Das,58,M,r***1@outlook.com,+91-XXXXXX7269,XXXX-XXXX-8478,False
402,P1389,Muhammad,Chatterjee,58,M,m***1@hotmail.com,+91-XXXXXX5107,XXXX-XXXX-8077,False
403,P1390,Aarav,Mehta,86,F,a***a@hotmail.com,+91-XXXXXX2605,XXXX-XXXX-4079,False
404,P1391,Aadhya,Mishra,49,M,a***1@gmail.com,+91-XXXXXX5231,XXXX-XXXX-4429,False
405,P1392,Riya,Iyer,52,M,r***r@outlook.com,+91-XXXXXX3507,XXXX-XXXX-4372,False
406,P1393,Ishaan,Reddy,42,M,i***y@gmail.com,+91-XXXXXX5378,XXXX-XXXX-2395,False
407,P1394,Sara,Das,70,F,s***s@outlook.com,+91-XXXXXX6358,XXXX-XXXX-6674,False
408,P1395,Riya,Iyer,15,F,r***r@rediffmail.com,+91-XXXXXX8282,XXXX-XXXX-6945,False
409,P1396,Vivaan,Mishra,54,F,v***a@gmail.com,+91-XXXXXX5747,XXXX-XXXX-2580,False
410,P1397,Ishaan,Patel,60,M,i***l@gmail.com,+91-XXXXXX5005,XXXX-XXXX-3009,False
411,P1398,Krishna,Khan,8,F,k***n@hotmail.com,+91-XXXXXX4714,XXXX-XXXX-1244,False
412,P1399,Ananya,Das,53,F,a***1@gmail.com,+91-XXXXXX4585,XXXX-XXXX-6504,False
413,P1400,Shaurya,Agarwal,60,M,s***1@rediffmail.com,+91-XXXXXX2241,XXXX-XXXX-6391,False
414,P1401,Sai,Mehta,5,F,s***a@outlook.com,+91-XXXXXX1602,XXXX-XXXX-0064,False
415,P1402,Riya,Khan,68,F,r***n@outlook.com,+91-XXXXXX5275,XXXX-XXXX-3067,False
416,P1403,Myra,Ghosh,6,M,m***1@hotmail.com,+91-XXXXXX8166,XXXX-XXXX-7432,False
417,P1404,Muhammad,Kulkarni,47,M,m***i@rediffmail.com,+91-XXXXXX9585,XXXX-XXXX-0309,False
418,P1405,Aditya,Reddy,55,M,a***y@rediffmail.com,+91-XXXXXX7200,XXXX-XXXX-0506,False
419,P1406,Kavya,Verma,40,F,k***a@hotmail.com,+91-XXXXXX0516,XXXX-XXXX-0790,False
420,P1407,Shaurya,Kulkarni,52,F,s***i@yahoo.com,+91-XXXXXX0962,XXXX-XXXX-1179,False
421,P1408,Diya,Mishra,16,F,d***a@gmail.com,+91-XXXXXX1077,XXXX-XXXX-3092,True
422,P1408,Diya,mishra,16,F,d***1@gmail.com,+91-XXXXXX1862,XXXX-XXXX-0219,True
423,P1408,Diya,Mishra,16,F,d***a@yahoo.com,+91-XXXXXX7347,XXXX-XXXX-7232,True
424,P1409,Aadhya,Singh,13,M,a***h@hotmail.com,+91-XXXXXX5269,XXXX-XXXX-1456,False
425,P1410,Sai,Pillai,30,M,s***i@yahoo.com,+91-XXXXXX3057,XXXX-XXXX-3403,False
426,P1411,Vivaan,Gupta,19,F,v***a@yahoo.com,+91-XXXXXX2492,XXXX-XXXX-4597,False
427,P1412,Riya,Iyer,17,F,r***r@gmail.com,+91-XXXXXX0183,XXXX-XXXX-9563,False
428,P1413,Shaurya,Mehta,63,M,s***1@outlook.com,+91-XXXXXX8338,XXXX-XXXX-3179,True
429,P1413,Shaurya,Mehta,63,M,s***a@rediffmail.com,+91-XXXXXX5574,XXXX-XXXX-5435,True
430,P1414,Muhammad,Singh,19,M,m***h@hotmail.com,+91-XXXXXX6420,XXXX-XXXX-4929,False
431,P1415,Aadhya,Banerjee,58,M,a***e@hotmail.com,+91-XXXXXX1105,XXXX-XXXX-0633,False
432,P1416,Reyansh,Iyer,55,M,r***r@hotmail.com,+91-XXXXXX9949,XXXX-XXXX-0686,False
433,P1417,Reyansh,Chatterjee,62,F,r***e@gmail.com,+91-XXXXXX8267,XXXX-XXXX-4310,False
434,P1418,Diya,Khan,23,M,d***n@outlook.com,+91-XXXXXX7444,XXXX-XXXX-2570,False
435,P1419,Krishna,Iyer,9,F,k***1@rediffmail.com,+91-XXXXXX1366,XXXX-XXXX-1950,False
436,P1420,Diya,Pillai,12,F,d***i@outlook.com,+91-XXXXXX9420,XXXX-XXXX-8183,False
437,P1421,Ira,Naidu,1,F,i***u@yahoo.com,+91-XXXXXX9673,XXXX-XXXX-6401,False
438,P1422,Shaurya,Gupta,58,M,s***a@rediffmail.com,+91-XXXXXX7940,XXXX-XXXX-5137,False
439,P1423,Aditya,Gupta,1,M,a***a@rediffmail.com,+91-XXXXXX7808,XXXX-XXXX-3804,False
440,P1424,Ananya,Nair,34,M,a***r@hotmail.com,+91-XXXXXX1530,XXXX-XXXX-3856,False
441,P1425,Aarav,Gupta,48,M,a***a@outlook.com,+91-XXXXXX2501,XXXX-XXXX-2437,False
442,P1426,Shaurya,Iyer,89,F,s***r@gmail.com,+91-XXXXXX0679,XXXX-XXXX-2223,False
443,P1427,Ira,Banerjee,1,M,i***e@outlook.com,+91-XXXXXX0575,XXXX-XXXX-2578,False
444,P1428,Ishaan,Mishra,16,M,i***a@outlook.com,+91-XXXXXX3237,XXXX-XXXX-8547,False
445,P1429,Aadhya,Pillai,61,F,a***i@hotmail.com,+91-XXXXXX8383,XXXX-XXXX-1406,False
446,P1430,Anika,Sharma,64,M,a***1@yahoo.com,+91-XXXXXX8402,XXXX-XXXX-4301,False
447,P1431,Ishaan,Patel,63,F,i***l@rediffmail.com,+91-XXXXXX7664,XXXX-XXXX-5626,False
448,P1432,Sai,Chatterjee,69,F,s***e@outlook.com,+91-XXXXXX1007,XXXX-XXXX-6742,False
449,P1433,Reyansh,Naidu,22,F,r***u@rediffmail.com,+91-XXXXXX3679,XXXX-XXXX-5196,False
450,P1434,Kavya,Reddy,67,F,k***y@rediffmail.com,+91-XXXXXX1036,XXXX-XXXX-4870,False
451,P1435,Aditya,Pillai,76,F,a***1@hotmail.com,+91-XXXXXX6354,XXXX-XXXX-7146,False
452,P1436,Myra,Reddy,26,F,m***y@yahoo.com,+91-XXXXXX6091,XXXX-XXXX-6471,False
453,P1437,Krishna,Joshi,16,F,k***i@hotmail.com,+91-XXXXXX5934,XXXX-XXXX-2045,False
454,P1438,Reyansh,Banerjee,51,F,r***e@outlook.com,+91-XXXXXX0727,XXXX-XXXX-2855,False
455,P1439,Aditya,Khan,86,M,a***n@outlook.com,+91-XXXXXX9586,XXXX-XXXX-8457,False
456,P1440,Reyansh,Chatterjee,57,M,r***1@yahoo.com,+91-XXXXXX2807,XXXX-XXXX-8167,False
457,P1441,Arjun,Khan,29,M,a***n@yahoo.com,+91-XXXXXX8782,XXXX-XXXX-2401,False
458,P1442,Aadhya,Nair,78,M,a***r@yahoo.com,+91-XXXXXX8648,XXXX-XXXX-7603,False
459,P1443,Sai,Naidu,69,F,s***1@hotmail.com,+91-XXXXXX3335,XXXX-XXXX-9393,False
460,P1444,Sai,Gupta,47,M,s***a@outlook.com,+91-XXXXXX3548,XXXX-XXXX-3891,False
461,P1445,Diya,Naidu,62,F,d***1@hotmail.com,+91-XXXXXX6278,XXXX-XXXX-8759,False
462,P1446,Ishaan,Pillai,69,M,i***i@gmail.com,+91-XXXXXX7562,XXXX-XXXX-5171,False
463,P1447,Ananya,Mishra,76,M,a***a@rediffmail.com,+91-XXXXXX9057,XXXX-XXXX-4794,False
464,P1448,Diya,Joshi,16,M,d***1@rediffmail.com,+91-XXXXXX2662,XXXX-XXXX-0716,False
465,P1449,Diya,Sharma,48,F,d***a@gmail.com,+91-XXXXXX9747,XXXX-XXXX-5396,False
466,P1450,Riya,Khan,85,M,r***n@rediffmail.com,+91-XXXXXX6778,XXXX-XXXX-7842,False
467,P1451,Arjun,Iyer,39,F,a***r@gmail.com,+91-XXXXXX6306,XXXX-XXXX-0269,False
468,P1452,Aadhya,Naidu,33,F,a***1@yahoo.com,+91-XXXXXX1721,XXXX-XXXX-7784,False
469,P1453,Diya,Iyer,23,M,d***r@hotmail.com,+91-XXXXXX1073,XXXX-XXXX-7002,False
470,P1454,Vivaan,Ghosh,10,M,v***h@outlook.com,+91-XXXXXX2211,XXXX-XXXX-8897,False
471,P1455,Ira,Iyer,69,M,i***r@yahoo.com,+91-XXXXXX6255,XXXX-XXXX-0090,False
472,P1456,Arjun,Verma,34,F,a***a@outlook.com,+91-XXXXXX1370,XXXX-XXXX-6503,False
473,P1457,Arjun,Mishra,52,M,a***a@outlook.com,+91-XXXXXX4998,XXXX-XXXX-0769,False
474,P1458,Vivaan,Khan,10,F,v***n@outlook.com,+91-XXXXXX9721,XXXX-XXXX-9171,False
475,P1459,Krishna,Joshi,19,F,k***1@yahoo.com,+91-XXXXXX1273,XXXX-XXXX-7183,False
476,P1460,Kavya,Pillai,58,M,k***1@gmail.com,+91-XXXXXX3155,XXXX-XXXX-4198,False
477,P1461,Reyansh,Verma,1,M,r***1@yahoo.com,+91-XXXXXX4560,XXXX-XXXX-6649,False
478,P1462,Reyansh,Kulkarni,69,F,r***i@hotmail.com,+91-XXXXXX5163,XXXX-XXXX-9690,False
479,P1463,Vivaan,Gupta,4,F,v***a@outlook.com,+91-XXXXXX8580,XXXX-XXXX-6442,False
480,P1464,Sai,Iyer,16,F,s***r@hotmail.com,+91-XXXXXX5238,XXXX-XXXX-7866,False
481,P1465,Vivaan,Chatterjee,24,M,v***e@yahoo.com,+91-XXXXXX2240,XXXX-XXXX-0015,False
482,P1466,Aditya,Reddy,80,F,a***y@gmail.com,+91-XXXXXX4548,XXXX-XXXX-8984,False
483,P1467,Ishaan,Sharma,2,M,i***a@yahoo.com,+91-XXXXXX7388,XXXX-XXXX-1234,False
484,P1468,Muhammad,Naidu,32,F,m***u@outlook.com,+91-XXXXXX8516,XXXX-XXXX-4257,False
485,P1469,Aadhya,Reddy,84,F,a***1@outlook.com,+91-XXXXXX0377,XXXX-XXXX-5183,True
486,P1469,Aadhya,Reddy,84,F,a***y@gmail.com,+91-XXXXXX7213,XXXX-XXXX-6041,True
487,P1470,Myra,Kulkarni,24,M,m***1@rediffmail.com,+91-XXXXXX7372,XXXX-XXXX-9857,False
488,P1471,Anika,Iyer,12,F,a***1@gmail.com,+91-XXXXXX5216,XXXX-XXXX-1123,False
489,P1472,Aditya,Singh,50,M,a***h@yahoo.com,+91-XXXXXX3177,XXXX-XXXX-4316,False
490,P1473,Vivaan,Singh,35,M,v***h@rediffmail.com,+91-XXXXXX9807,XXXX-XXXX-7342,False
491,P1474,Shaurya,Sharma,33,F,s***1@hotmail.com,+91-XXXXXX6787,XXXX-XXXX-8677,False
492,P1475,Saanvi,Banerjee,33,M,s***e@yahoo.com,+91-XXXXXX4943,XXXX-XXXX-3436,False
493,P1476,Vivaan,Mehta,61,M,v***a@yahoo.com,+91-XXXXXX2314,XXXX-XXXX-1072,False
494,P1477,Kavya,Mishra,51,F,k***a@rediffmail.com,+91-XXXXXX8642,XXXX-XXXX-0537,False
495,P1478,Myra,Kulkarni,43,M,m***i@hotmail.com,+91-XXXXXX6315,XXXX-XXXX-8092,False
496,P1479,Shaurya,Pillai,12,M,s***i@hotmail.com,+91-XXXXXX8244,XXXX-XXXX-1502,False
497,P1480,Diya,Singh,67,M,d***h@outlook.com,+91-XXXXXX1350,XXXX-XXXX-5728,False
498,P1481,Ira,Khan,65,F,i***1@rediffmail.com,+91-XXXXXX1261,XXXX-XXXX-7617,False
499,P1482,Saanvi,Singh,33,M,s***h@outlook.com,+91-XXXXXX5743,XXXX-XXXX-2284,False
500,P1483,Arjun,Das,40,F,a***1@hotmail.com,+91-XXXXXX9237,XXXX-XXXX-1504,False
501,P1484,Kavya,Mishra,74,F,k***a@gmail.com,+91-XXXXXX5178,XXXX-XXXX-7490,False
502,P1485,Sai,Nair,43,M,s***r@hotmail.com,+91-XXXXXX5327,XXXX-XXXX-8961,False
503,P1486,Vivaan,Singh,44,M,v***h@yahoo.com,+91-XXXXXX3397,XXXX-XXXX-2147,False
504,P1487,Ira,Banerjee,29,M,i***1@outlook.com,+91-XXXXXX0835,XXXX-XXXX-4996,False
505,P1488,Aditya,Verma,13,F,a***a@rediffmail.com,+91-XXXXXX5517,XXXX-XXXX-3278,False
506,P1489,Ishaan,Mehta,12,M,i***a@hotmail.com,+91-XXXXXX9994,XXXX-XXXX-3864,False
507,P1490,Ishaan,Gupta,46,M,i***a@hotmail.com,+91-XXXXXX0285,XXXX-XXXX-4549,False
508,P1491,Shaurya,Khan,2,M,s***n@hotmail.com,+91-XXXXXX7296,XXXX-XXXX-5977,False
509,P1492,Myra,Agarwal,35,M,m***1@outlook.com,+91-XXXXXX7332,XXXX-XXXX-8006,False
510,P1493,Shaurya,Pillai,87,M,s***i@yahoo.com,+91-XXXXXX6279,XXXX-XXXX-4122,False
511,P1494,Krishna,Chatterjee,81,F,k***e@gmail.com,+91-XXXXXX9140,XXXX-XXXX-3147,False
512,P1495,Arjun,Nair,8,F,a***r@rediffmail.com,+91-XXXXXX6707,XXXX-XXXX-3349,False
513,P1496,Shaurya,Verma,26,M,s***1@outlook.com,+91-XXXXXX4112,XXXX-XXXX-7678,False
514,P1497,Ishaan,Naidu,74,M,i***u@hotmail.com,+91-XXXXXX6937,XXXX-XXXX-4671,False
515,P1498,Riya,Singh,34,M,r***1@outlook.com,+91-XXXXXX0428,XXXX-XXXX-3839,False
516,P1499,Myra,Gupta,7,M,m***a@hotmail.com,+91-XXXXXX0436,XXXX-XXXX-4172,False
517,P1500,Ananya,Sharma,68,F,a***a@yahoo.com,+91-XXXXXX4550,XXXX-XXXX-5452,False
518,P1501,Sai,Joshi,58,M,s***i@hotmail.com,+91-XXXXXX1592,XXXX-XXXX-3745,False
519,P1502,Vivaan,Pillai,75,F,v***i@gmail.com,+91-XXXXXX6542,XXXX-XXXX-9918,False
520,P1503,Riya,Verma,29,F,r***a@gmail.com,+91-XXXXXX8019,XXXX-XXXX-1255,False
521,P1504,Riya,Ghosh,36,M,r***h@yahoo.com,+91-XXXXXX7987,XXXX-XXXX-4565,False
522,P1505,Myra,Mehta,89,F,m***a@yahoo.com,+91-XXXXXX9062,XXXX-XXXX-8507,False
523,P1506,Diya,Ghosh,21,F,d***h@gmail.com,+91-XXXXXX9915,XXXX-XXXX-2908,False
524,P1507,Ananya,Khan,36,F,a***1@rediffmail.com,+91-XXXXXX9532,XXXX-XXXX-7389,False
525,P1508,Shaurya,Reddy,10,F,s***y@rediffmail.com,+91-XXXXXX6978,XXXX-XXXX-2884,False
526,P1509,Ananya,Banerjee,73,M,a***e@hotmail.com,+91-XXXXXX0124,XXXX-XXXX-4681,False
527,P1510,Diya,Chatterjee,24,M,d***e@outlook.com,+91-XXXXXX4887,XXXX-XXXX-0753,False
528,P1511,Ishaan,Joshi,64,F,i***i@hotmail.com,+91-XXXXXX1636,XXXX-XXXX-5893,False
529,P1512,Reyansh,Nair,49,M,r***2@gmail.com,+91-XXXXXX8082,XXXX-XXXX-3715,False
530,P1513,Myra,Kulkarni,36,M,m***2@rediffmail.com,+91-XXXXXX8961,XXXX-XXXX-8277,False
531,P1514,Aditya,Kulkarni,82,M,a***i@hotmail.com,+91-XXXXXX2242,XXXX-XXXX-9611,False
532,P1515,Ishaan,Iyer,24,M,i***1@outlook.com,+91-XXXXXX8067,XXXX-XXXX-0229,False
533,P1516,Reyansh,Banerjee,23,M,r***1@outlook.com,+91-XXXXXX8831,XXXX-XXXX-6794,False
534,P1517,Arjun,Verma,62,F,a***1@outlook.com,+91-XXXXXX1691,XXXX-XXXX-5199,False
535,P1518,Ira,Kulkarni,37,M,i***i@yahoo.com,+91-XXXXXX6201,XXXX-XXXX-4818,False
536,P1519,Aditya,Verma,12,M,a***a@hotmail.com,+91-XXXXXX5241,XXXX-XXXX-0433,False
537,P1520,Ira,Khan,55,M,i***n@hotmail.com,+91-XXXXXX0036,XXXX-XXXX-5626,False
538,P1521,Krishna,Verma,13,M,k***a@hotmail.com,+91-XXXXXX1168,XXXX-XXXX-2412,False
539,P1522,Reyansh,Singh,23,F,r***h@yahoo.com,+91-XXXXXX7964,XXXX-XXXX-2654,False
540,P1523,Krishna,Verma,89,F,k***a@gmail.com,+91-XXXXXX6560,XXXX-XXXX-1405,False
541,P1524,Kavya,Banerjee,30,F,k***e@rediffmail.com,+91-XXXXXX5201,XXXX-XXXX-3824,False
542,P1525,Kavya,Ghosh,17,F,k***1@rediffmail.com,+91-XXXXXX3973,XXXX-XXXX-6870,False
543,P1526,Saanvi,Singh,62,M,s***h@rediffmail.com,+91-XXXXXX6599,XXXX-XXXX-5398,False
544,P1527,Ananya,Mehta,84,F,a***a@yahoo.com,+91-XXXXXX7973,XXXX-XXXX-9855,False
545,P1528,Diya,Sharma,89,M,d***a@rediffmail.com,+91-XXXXXX3487,XXXX-XXXX-0970,False
546,P1529,Kavya,Singh,86,M,k***h@yahoo.com,+91-XXXXXX5664,XXXX-XXXX-1569,False
547,P1530,Riya,Patel,13,M,r***l@yahoo.com,+91-XXXXXX4179,XXXX-XXXX-5319,False
548,P1531,Reyansh,Sharma,59,M,r***a@yahoo.com,+91-XXXXXX3017,XXXX-XXXX-6149,False
549,P1532,Diya,Banerjee,19,M,d***e@yahoo.com,+91-XXXXXX6105,XXXX-XXXX-2493,False
550,P1533,Aditya,Verma,49,F,a***2@outlook.com,+91-XXXXXX4104,XXXX-XXXX-0566,False
551,P1534,Ananya,Pillai,12,F,a***i@hotmail.com,+91-XXXXXX9301,XXXX-XXXX-7506,False
552,P1535,Arjun,Pillai,61,F,a***i@gmail.com,+91-XXXXXX4663,XXXX-XXXX-1107,False
553,P1536,Riya,Nair,19,F,r***r@gmail.com,+91-XXXXXX5123,XXXX-XXXX-3199,False
554,P1537,Reyansh,Joshi,76,M,r***1@gmail.com,+91-XXXXXX6156,XXXX-XXXX-0704,False
555,P1538,Aditya,Mehta,9,F,a***1@rediffmail.com,+91-XXXXXX6534,XXXX-XXXX-6399,False
556,P1539,Anika,Nair,71,M,a***r@rediffmail.com,+91-XXXXXX1568,XXXX-XXXX-5931,False
557,P1540,Kavya,Khan,28,F,k***n@hotmail.com,+91-XXXXXX7029,XXXX-XXXX-9723,False
558,P1541,Sai,Banerjee,78,M,s***1@gmail.com,+91-XXXXXX6167,XXXX-XXXX-2274,False
559,P1542,Sai,Kulkarni,52,M,s***i@outlook.com,+91-XXXXXX7810,XXXX-XXXX-6533,True
560,P1542,Sai,Kulkarni,52,M,s***i@gmail.com,+91-XXXXXX8997,XXXX-XXXX-4652,True
561,P1543,Saanvi,Naidu,83,F,s***2@gmail.com,+91-XXXXXX5271,XXXX-XXXX-5636,False
562,P1544,Vivaan,Naidu,16,M,v***u@gmail.com,+91-XXXXXX1558,XXXX-XXXX-3950,False
563,P1545,Saanvi,Reddy,69,M,s***y@yahoo.com,+91-XXXXXX8502,XXXX-XXXX-0241,False
564,P1546,Aadhya,Kulkarni,12,F,a***i@yahoo.com,+91-XXXXXX0442,XXXX-XXXX-2896,False
565,P1547,Anika,Iyer,25,M,a***2@gmail.com,+91-XXXXXX9719,XXXX-XXXX-3099,False
566,P1548,Saanvi,Nair,52,F,s***r@hotmail.com,+91-XXXXXX3439,XXXX-XXXX-7317,False
567,P1549,Vivaan,Banerjee,85,F,v***e@gmail.com,+91-XXXXXX9914,XXXX-XXXX-5877,False
568,P1550,Ira,Agarwal,53,F,i***l@hotmail.com,+91-XXXXXX0666,XXXX-XXXX-3466,False
569,P1551,Arjun,Agarwal,23,M,a***l@outlook.com,+91-XXXXXX0686,XXXX-XXXX-9078,False
570,P1552,Ananya,Patel,16,M,a***l@rediffmail.com,+91-XXXXXX9048,XXXX-XXXX-2734,False
571,P1553,Anika,Khan,57,M,a***n@outlook.com,+91-XXXXXX6101,XXXX-XXXX-1508,False
572,P1554,Diya,Mishra,39,F,d***1@yahoo.com,+91-XXXXXX0847,XXXX-XXXX-4456,False
573,P1555,Saanvi,Joshi,53,M,s***i@hotmail.com,+91-XXXXXX0427,XXXX-XXXX-8987,False
574,P1556,Myra,Ghosh,42,F,m***h@rediffmail.com,+91-XXXXXX2143,XXXX-XXXX-8052,False
575,P1557,Anika,Kulkarni,58,F,a***i@yahoo.com,+91-XXXXXX2155,XXXX-XXXX-8459,False
576,P1558,Diya,Joshi,39,M,d***i@gmail.com,+91-XXXXXX4710,XXXX-XXXX-6186,False
577,P1559,Aditya,Khan,14,F,a***n@gmail.com,+91-XXXXXX2082,XXXX-XXXX-9702,False
578,P1560,Muhammad,Joshi,5,M,m***1@rediffmail.com,+91-XXXXXX5169,XXXX-XXXX-0256,False
579,P1561,Aditya,Nair,35,M,a***r@gmail.com,+91-XXXXXX2047,XXXX-XXXX-6729,False
580,P1562,Diya,Kulkarni,87,M,d***i@hotmail.com,+91-XXXXXX8440,XXXX-XXXX-9385,False
581,P1563,Aarav,Pillai,75,M,a***1@rediffmail.com,+91-XXXXXX7836,XXXX-XXXX-2632,False
582,P1564,Saanvi,Chatterjee,18,M,s***e@rediffmail.com,+91-XXXXXX0888,XXXX-XXXX-8413,False
583,P1565,Vivaan,Naidu,76,F,v***u@hotmail.com,+91-XXXXXX3044,XXXX-XXXX-3807,False
584,P1566,Vivaan,Singh,9,F,v***1@rediffmail.com,+91-XXXXXX9657,XXXX-XXXX-5777,False
585,P1567,Sara,Mehta,74,F,s***a@hotmail.com,+91-XXXXXX2339,XXXX-XXXX-1241,False
586,P1568,Shaurya,Iyer,58,M,s***r@rediffmail.com,+91-XXXXXX6581,XXXX-XXXX-8370,False
587,P1569,Muhammad,Nair,17,M,m***r@hotmail.com,+91-XXXXXX3299,XXXX-XXXX-3533,False
588,P1570,Ananya,Reddy,7,M,a***y@rediffmail.com,+91-XXXXXX3640,XXXX-XXXX-6815,False
589,P1571,Diya,Joshi,46,F,d***i@yahoo.com,+91-XXXXXX8793,XXXX-XXXX-2065,False
590,P1572,Sara,Banerjee,13,M,s***1@yahoo.com,+91-XXXXXX6489,XXXX-XXXX-4971,False
591,P1573,Ishaan,Singh,40,F,i***h@hotmail.com,+91-XXXXXX8677,XXXX-XXXX-7150,False
592,P1574,Shaurya,Mehta,42,F,s***1@rediffmail.com,+91-XXXXXX0142,XXXX-XXXX-4363,False
593,P1575,Ananya,Mishra,9,M,a***a@gmail.com,+91-XXXXXX1680,XXXX-XXXX-9752,False
594,P1576,Ira,Naidu,50,M,i***2@gmail.com,+91-XXXXXX4545,XXXX-XXXX-0339,False
595,P1577,Shaurya,Joshi,27,F,s***1@outlook.com,+91-XXXXXX1389,XXXX-XXXX-2129,False
596,P1578,Shaurya,Singh,66,M,s***h@yahoo.com,+91-XXXXXX2967,XXXX-XXXX-2934,False
597,P1579,Kavya,Nair,5,F,k***r@rediffmail.com,+91-XXXXXX8293,XXXX-XXXX-6896,False
598,P1580,Krishna,Iyer,29,M,k***2@rediffmail.com,+91-XXXXXX5357,XXXX-XXXX-2467,False
599,P1581,Shaurya,Mishra,37,M,s***a@outlook.com,+91-XXXXXX5485,XXXX-XXXX-3008,False
600,P1582,Kavya,Pillai,38,F,k***i@outlook.com,+91-XXXXXX7896,XXXX-XXXX-6016,False
601,P1583,Sara,Mishra,83,M,s***1@yahoo.com,+91-XXXXXX1636,XXXX-XXXX-3705,False
602,P1584,Ananya,Iyer,8,F,a***r@gmail.com,+91-XXXXXX1699,XXXX-XXXX-0116,False
603,P1585,Saanvi,Gupta,65,M,s***a@hotmail.com,+91-XXXXXX4907,XXXX-XXXX-6946,False
604,P1586,Aditya,Banerjee,86,F,a***e@gmail.com,+91-XXXXXX3341,XXXX-XXXX-2701,False
605,P1587,Ira,Mishra,17,F,i***a@rediffmail.com,+91-XXXXXX6783,XXXX-XXXX-7281,False
606,P1588,Sara,Singh,71,M,s***h@yahoo.com,+91-XXXXXX8599,XXXX-XXXX-2141,False
607,P1589,Shaurya,Reddy,89,F,s***y@outlook.com,+91-XXXXXX2830,XXXX-XXXX-4090,False
608,P1590,Vivaan,Naidu,45,M,v***1@hotmail.com,+91-XXXXXX8085,XXXX-XXXX-5555,False
609,P1591,Krishna,Mehta,4,M,k***a@rediffmail.com,+91-XXXXXX1235,XXXX-XXXX-0918,False
610,P1592,Ananya,Reddy,36,M,a***y@yahoo.com,+91-XXXXXX3343,XXXX-XXXX-5057,False
611,P1593,Myra,Iyer,70,F,m***r@rediffmail.com,+91-XXXXXX4928,XXXX-XXXX-9328,False
612,P1594,Diya,Patel,31,F,d***l@hotmail.com,+91-XXXXXX0086,XXXX-XXXX-7833,False
613,P1595,Reyansh,Mishra,19,M,r***a@gmail.com,+91-XXXXXX3239,XXXX-XXXX-1287,False
614,P1596,Vivaan,Das,61,M,v***s@outlook.com,+91-XXXXXX5315,XXXX-XXXX-3414,False
615,P1597,Kavya,Agarwal,54,F,k***l@gmail.com,+91-XXXXXX3026,XXXX-XXXX-9040,False
616,P1598,Aadhya,Gupta,39,M,a***a@yahoo.com,+91-XXXXXX2797,XXXX-XXXX-6087,False
617,P1599,Ira,Nair,74,M,i***r@outlook.com,+91-XXXXXX1235,XXXX-XXXX-4814,False
618,P1600,Sara,Agarwal,19,F,s***l@rediffmail.com,+91-XXXXXX9611,XXXX-XXXX-2764,False
619,P1601,Krishna,Naidu,39,M,k***u@yahoo.com,+91-XXXXXX9223,XXXX-XXXX-8443,False
620,P1602,Krishna,Sharma,67,F,k***a@hotmail.com,+91-XXXXXX6093,XXXX-XXXX-2774,False
621,P1603,Ananya,Gupta,45,M,a***a@yahoo.com,+91-XXXXXX2655,XXXX-XXXX-0157,False
622,P1604,Riya,Mishra,13,F,r***a@gmail.com,+91-XXXXXX0229,XXXX-XXXX-7492,False
623,P1605,Anika,Kulkarni,58,M,a***1@rediffmail.com,+91-XXXXXX2100,XXXX-XXXX-1178,False
624,P1606,Sara,Chatterjee,20,M,s***e@hotmail.com,+91-XXXXXX9769,XXXX-XXXX-2151,False
625,P1607,Ira,Sharma,72,F,i***a@hotmail.com,+91-XXXXXX0327,XXXX-XXXX-9813,False
626,P1608,Krishna,Verma,61,M,k***a@yahoo.com,+91-XXXXXX6605,XXXX-XXXX-2184,False
627,P1609,Vivaan,Mishra,39,F,v***1@gmail.com,+91-XXXXXX9190,XXXX-XXXX-4872,False
628,P1610,Diya,Singh,1,M,d***1@outlook.com,+91-XXXXXX2368,XXXX-XXXX-2432,False
629,P1611,Sai,Banerjee,3,F,s***1@yahoo.com,+91-XXXXXX1389,XXXX-XXXX-2671,False
630,P1612,Ananya,Pillai,77,F,a***i@rediffmail.com,+91-XXXXXX2885,XXXX-XXXX-2625,False
631,P1613,Arjun,Singh,62,F,a***h@gmail.com,+91-XXXXXX1401,XXXX-XXXX-1554,False
632,P1614,Aarav,Reddy,63,F,a***y@yahoo.com,+91-XXXXXX0679,XXXX-XXXX-4971,False
633,P1615,Kavya,Patel,25,M,k***l@hotmail.com,+91-XXXXXX3965,XXXX-XXXX-5889,True
634,P1615,Kavya,Patel,25,M,k***1@hotmail.com,+91-XXXXXX4668,XXXX-XXXX-0539,True
635,P1616,Anika,Kulkarni,56,M,a***2@rediffmail.com,+91-XXXXXX9715,XXXX-XXXX-4146,False
636,P1617,Reyansh,Ghosh,33,F,r***h@gmail.com,+91-XXXXXX8704,XXXX-XXXX-7068,False
637,P1618,Ishaan,Sharma,38,F,i***a@rediffmail.com,+91-XXXXXX9375,XXXX-XXXX-8538,False
638,P1619,Ananya,Banerjee,6,F,a***1@gmail.com,+91-XXXXXX0216,XXXX-XXXX-0676,False
639,P1620,Saanvi,Kulkarni,58,M,s***i@gmail.com,+91-XXXXXX8534,XXXX-XXXX-3096,False
640,P1621,Aarav,Singh,44,M,a***h@hotmail.com,+91-XXXXXX3646,XXXX-XXXX-4510,False
641,P1622,Riya,Khan,45,M,r***1@yahoo.com,+91-XXXXXX6189,XXXX-XXXX-2617,False
642,P1623,Diya,Mehta,32,M,d***a@outlook.com,+91-XXXXXX8862,XXXX-XXXX-1772,False
643,P1624,Riya,Naidu,45,F,r***u@rediffmail.com,+91-XXXXXX7515,XXXX-XXXX-5023,False
644,P1625,Riya,Patel,61,F,r***1@outlook.com,+91-XXXXXX7658,XXXX-XXXX-2110,False
645,P1626,Arjun,Kulkarni,47,F,a***1@outlook.com,+91-XXXXXX3312,XXXX-XXXX-4471,False
646,P1627,Aditya,Iyer,21,M,a***r@hotmail.com,+91-XXXXXX4695,XXXX-XXXX-3718,False
647,P1628,Sara,Verma,80,M,s***a@yahoo.com,+91-XXXXXX9407,XXXX-XXXX-0931,False
648,P1629,Kavya,Banerjee,85,M,k***1@rediffmail.com,+91-XXXXXX9855,XXXX-XXXX-0414,False
649,P1630,Aadhya,Chatterjee,75,F,a***1@outlook.com,+91-XXXXXX0555,XXXX-XXXX-4749,True
650,P1630,Aadhya,Chatterjee,75,F,a***2@yahoo.com,+91-XXXXXX4698,XXXX-XXXX-5559,True
651,P1631,Muhammad,Das,36,F,m***s@outlook.com,+91-XXXXXX8840,XXXX-XXXX-1093,False
652,P1632,Ananya,Kulkarni,19,M,a***i@rediffmail.com,+91-XXXXXX1357,XXXX-XXXX-0236,False
653,P1633,Sara,Verma,20,F,s***a@outlook.com,+91-XXXXXX2419,XXXX-XXXX-0294,False
654,P1634,Riya,Naidu,57,M,r***u@outlook.com,+91-XXXXXX5535,XXXX-XXXX-7868,False
655,P1635,Aarav,Khan,18,M,a***n@hotmail.com,+91-XXXXXX3597,XXXX-XXXX-7884,False
656,P1636,Reyansh,Ghosh,47,F,r***h@yahoo.com,+91-XXXXXX2698,XXXX-XXXX-4024,False
657,P1637,Aditya,Nair,49,M,a***1@gmail.com,+91-XXXXXX0042,XXXX-XXXX-1842,False
658,P1638,Krishna,Banerjee,14,F,k***e@outlook.com,+91-XXXXXX6139,XXXX-XXXX-9164,False
659,P1639,Diya,Mishra,15,M,d***1@hotmail.com,+91-XXXXXX2820,XXXX-XXXX-7365,False
660,P1640,Krishna,Banerjee,31,F,k***e@gmail.com,+91-XXXXXX8680,XXXX-XXXX-0422,False
661,P1641,Myra,Gupta,1,F,m***1@hotmail.com,+91-XXXXXX5794,XXXX-XXXX-2091,False
662,P1642,Shaurya,Banerjee,54,F,s***e@gmail.com,+91-XXXXXX4459,XXXX-XXXX-0018,False
663,P1643,Muhammad,Das,3,M,m***1@outlook.com,+91-XXXXXX1211,XXXX-XXXX-2308,False
664,P1644,Diya,Iyer,16,M,d***1@hotmail.com,+91-XXXXXX1813,XXXX-XXXX-0303,False
665,P1645,Aditya,Singh,87,F,a***1@yahoo.com,+91-XXXXXX2376,XXXX-XXXX-1451,False
666,P1646,Ananya,Gupta,57,F,a***a@gmail.com,+91-XXXXXX7929,XXXX-XXXX-2624,False
667,P1647,Anika,Nair,75,M,a***r@outlook.com,+91-XXXXXX6005,XXXX-XXXX-5267,False
668,P1648,Arjun,Agarwal,12,M,a***l@rediffmail.com,+91-XXXXXX8953,XXXX-XXXX-6557,False
669,P1649,Aditya,Joshi,74,M,a***i@rediffmail.com,+91-XXXXXX3965,XXXX-XXXX-8836,False
670,P1650,Aadhya,Mehta,16,F,a***1@rediffmail.com,+91-XXXXXX0701,XXXX-XXXX-7210,False
671,P1651,Krishna,Singh,72,M,k***h@yahoo.com,+91-XXXXXX8271,XXXX-XXXX-1260,False
672,P1652,Aarav,Chatterjee,76,M,a***e@outlook.com,+91-XXXXXX4412,XXXX-XXXX-5213,False
673,P1653,Shaurya,Reddy,24,F,s***y@hotmail.com,+91-XXXXXX7642,XXXX-XXXX-7041,False
674,P1654,Ishaan,Nair,28,M,i***r@gmail.com,+91-XXXXXX9345,XXXX-XXXX-8436,False
675,P1655,Aditya,Singh,8,M,a***h@gmail.com,+91-XXXXXX0915,XXXX-XXXX-9177,False
676,P1656,Aarav,Chatterjee,36,M,a***e@rediffmail.com,+91-XXXXXX8815,XXXX-XXXX-5950,False
677,P1657,Sai,Kulkarni,8,F,s***i@yahoo.com,+91-XXXXXX5921,XXXX-XXXX-3419,False
678,P1658,Saanvi,Joshi,58,F,s***1@hotmail.com,+91-XXXXXX9185,XXXX-XXXX-8356,False
679,P1659,Riya,Mishra,60,F,r***a@yahoo.com,+91-XXXXXX0197,XXXX-XXXX-7904,False
680,P1660,Anika,Das,50,F,a***1@rediffmail.com,+91-XXXXXX1616,XXXX-XXXX-8572,False
681,P1661,Krishna,Nair,28,F,k***r@outlook.com,+91-XXXXXX3526,XXXX-XXXX-7102,False
682,P1662,Ira,Verma,41,F,i***a@gmail.com,+91-XXXXXX4129,XXXX-XXXX-5511,False
683,P1663,Saanvi,Das,64,F,s***1@rediffmail.com,+91-XXXXXX0077,XXXX-XXXX-4669,False
684,P1664,Myra,Naidu,27,M,m***u@rediffmail.com,+91-XXXXXX0404,XXXX-XXXX-0903,False
685,P1665,Vivaan,Singh,63,M,v***h@hotmail.com,+91-XXXXXX9933,XXXX-XXXX-6715,False
686,P1666,Diya,Das,17,F,d***s@hotmail.com,+91-XXXXXX5692,XXXX-XXXX-1559,False
687,P1667,Shaurya,Agarwal,73,M,s***2@rediffmail.com,+91-XXXXXX2947,XXXX-XXXX-9096,False
688,P1668,Ishaan,Banerjee,33,M,i***1@outlook.com,+91-XXXXXX9729,XXXX-XXXX-1214,False
689,P1669,Myra,Mehta,84,F,m***a@outlook.com,+91-XXXXXX2916,XXXX-XXXX-4235,False
690,P1670,Aarav,Banerjee,77,M,a***e@rediffmail.com,+91-XXXXXX5282,XXXX-XXXX-1992,False
691,P1671,Aadhya,Verma,29,M,a***1@outlook.com,+91-XXXXXX4880,XXXX-XXXX-0727,False
692,P1672,Diya,Joshi,13,M,d***1@gmail.com,+91-XXXXXX4410,XXXX-XXXX-3390,False
693,P1673,Muhammad,Das,46,M,m***2@outlook.com,+91-XXXXXX0400,XXXX-XXXX-5868,False
694,P1674,Myra,Agarwal,35,M,m***l@yahoo.com,+91-XXXXXX3407,XXXX-XXXX-4649,False
695,P1675,Myra,Das,6,F,m***s@gmail.com,+91-XXXXXX9095,XXXX-XXXX-7890,False
696,P1676,Reyansh,Reddy,82,F,r***y@rediffmail.com,+91-XXXXXX4901,XXXX-XXXX-7660,False
697,P1677,Diya,Naidu,69,F,d***u@yahoo.com,+91-XXXXXX3124,XXXX-XXXX-0258,False
698,P1678,Arjun,Joshi,47,M,a***i@outlook.com,+91-XXXXXX7147,XXXX-XXXX-0962,False
699,P1679,Sai,Pillai,25,F,s***1@yahoo.com,+91-XXXXXX4059,XXXX-XXXX-9648,False
700,P1680,Ira,Iyer,66,M,i***1@yahoo.com,+91-XXXXXX2973,XXXX-XXXX-1960,False
701,P1681,Anika,Agarwal,10,M,a***l@yahoo.com,+91-XXXXXX9622,XXXX-XXXX-6404,False
702,P1682,Krishna,Nair,56,M,k***1@gmail.com,+91-XXXXXX1815,XXXX-XXXX-1175,False
703,P1683,Arjun,Das,30,M,a***s@gmail.com,+91-XXXXXX8766,XXXX-XXXX-5722,False
704,P1684,Kavya,Banerjee,5,F,k***e@yahoo.com,+91-XXXXXX0205,XXXX-XXXX-8413,False
705,P1685,Myra,Ghosh,33,F,m***2@hotmail.com,+91-XXXXXX2815,XXXX-XXXX-2312,False
706,P1686,Ishaan,Khan,65,M,i***n@rediffmail.com,+91-XXXXXX1865,XXXX-XXXX-3423,False
707,P1687,Aadhya,Pillai,18,F,a***1@outlook.com,+91-XXXXXX2235,XXXX-XXXX-6945,False
708,P1688,Saanvi,Gupta,49,M,s***1@hotmail.com,+91-XXXXXX1296,XXXX-XXXX-8496,False
709,P1689,Ira,Patel,11,F,i***l@hotmail.com,+91-XXXXXX8529,XXXX-XXXX-1355,False
710,P1690,Krishna,Kulkarni,85,F,k***i@outlook.com,+91-XXXXXX3356,XXXX-XXXX-8164,False
711,P1691,Vivaan,Agarwal,26,M,v***1@hotmail.com,+91-XXXXXX9713,XXXX-XXXX-5330,False
712,P1692,Sara,Verma,63,F,s***1@gmail.com,+91-XXXXXX0048,XXXX-XXXX-3904,False
713,P1693,Ira,Gupta,89,M,i***a@hotmail.com,+91-XXXXXX3751,XXXX-XXXX-0171,False
714,P1694,Saanvi,Patel,86,F,s***l@outlook.com,+91-XXXXXX9806,XXXX-XXXX-6477,False
715,P1695,Kavya,iyer,59,M,k***r@outlook.com,+91-XXXXXX7949,XXXX-XXXX-2135,True
716,P1695,Kavya,Iyer,59,M,k***r@gmail.com,+91-XXXXXX7240,XXXX-XXXX-6422,True
717,P1696,Riya,Sharma,27,M,r***a@gmail.com,+91-XXXXXX0849,XXXX-XXXX-9774,False
718,P1697,Aditya,Nair,49,F,a***r@rediffmail.com,+91-XXXXXX8826,XXXX-XXXX-1703,False
719,P1698,Ira,Naidu,77,F,i***1@yahoo.com,+91-XXXXXX9972,XXXX-XXXX-8547,False
720,P1699,Vivaan,Agarwal,33,M,v***2@hotmail.com,+91-XXXXXX1408,XXXX-XXXX-3146,False
721,P1700,Kavya,Pillai,1,F,k***1@outlook.com,+91-XXXXXX1146,XXXX-XXXX-0787,False
722,P1701,Aditya,Gupta,21,F,a***a@gmail.com,+91-XXXXXX2915,XXXX-XXXX-0745,False
723,P1702,Aadhya,Mehta,55,M,a***2@rediffmail.com,+91-XXXXXX2501,XXXX-XXXX-7861,False
724,P1703,Aditya,Joshi,6,M,a***i@yahoo.com,+91-XXXXXX1983,XXXX-XXXX-1439,False
725,P1704,Shaurya,Singh,81,F,s***h@rediffmail.com,+91-XXXXXX7514,XXXX-XXXX-4940,False
726,P1705,Saanvi,Sharma,69,M,s***a@hotmail.com,+91-XXXXXX2650,XXXX-XXXX-7207,False
727,P1706,Arjun,Patel,5,M,a***l@gmail.com,+91-XXXXXX7655,XXXX-XXXX-7371,False
728,P1707,Saanvi,Das,3,M,s***s@gmail.com,+91-XXXXXX9935,XXXX-XXXX-5775,False
729,P1708,Anika,Ghosh,53,F,a***h@rediffmail.com,+91-XXXXXX2693,XXXX-XXXX-1480,False
730,P1709,Sai,Patel,23,F,s***l@yahoo.com,+91-XXXXXX4575,XXXX-XXXX-3614,False
731,P1710,Vivaan,Verma,53,M,v***1@hotmail.com,+91-XXXXXX1958,XXXX-XXXX-4309,False
732,P1711,Ira,Joshi,37,F,i***i@outlook.com,+91-XXXXXX3722,XXXX-XXXX-7284,True
733,P1711,Ira,Joshi,37,F,i***i@yahoo.com,+91-XXXXXX4151,XXXX-XXXX-9107,True
734,P1712,Krishna,Joshi,74,M,k***i@rediffmail.com,+91-XXXXXX1598,XXXX-XXXX-2142,False
735,P1713,Kavya,Verma,74,F,k***a@rediffmail.com,+91-XXXXXX6300,XXXX-XXXX-1449,False
736,P1714,Ira,Joshi,83,M,i***i@hotmail.com,+91-XXXXXX8247,XXXX-XXXX-3441,False
737,P1715,Vivaan,Mishra,17,M,v***a@rediffmail.com,+91-XXXXXX0359,XXXX-XXXX-7567,False
738,P1716,Shaurya,Mehta,85,F,s***2@rediffmail.com,+91-XXXXXX4081,XXXX-XXXX-8529,False
739,P1717,Arjun,Pillai,78,M,a***i@outlook.com,+91-XXXXXX4961,XXXX-XXXX-1041,False
740,P1718,Aditya,Joshi,73,F,a***i@gmail.com,+91-XXXXXX0225,XXXX-XXXX-8287,False
741,P1719,Shaurya,Ghosh,1,F,s***h@yahoo.com,+91-XXXXXX6985,XXXX-XXXX-2918,False
742,P1720,Anika,Agarwal,51,M,a***1@yahoo.com,+91-XXXXXX7033,XXXX-XXXX-7238,False
743,P1721,Kavya,Kulkarni,45,M,k***i@hotmail.com,+91-XXXXXX3185,XXXX-XXXX-2883,False
744,P1722,Shaurya,Naidu,77,F,s***1@outlook.com,+91-XXXXXX0816,XXXX-XXXX-7662,False
745,P1723,Kavya,Iyer,4,M,k***r@rediffmail.com,+91-XXXXXX4893,XXXX-XXXX-5277,False
746,P1724,Myra,Patel,62,M,m***l@yahoo.com,+91-XXXXXX6364,XXXX-XXXX-2595,False
747,P1725,Aadhya,Singh,65,M,a***h@yahoo.com,+91-XXXXXX5386,XXXX-XXXX-9884,False
748,P1726,Muhammad,Reddy,32,M,m***y@outlook.com,+91-XXXXXX4817,XXXX-XXXX-1775,False
749,P1727,Aadhya,das,34,M,a***s@yahoo.com,+91-XXXXXX8884,XXXX-XXXX-1759,True
750,P1727,Aadhya,Das,34,M,a***s@gmail.com,+91-XXXXXX2082,XXXX-XXXX-4774,True
751,P1728,Ira,patel,72,F,i***1@yahoo.com,+91-XXXXXX1617,XXXX-XXXX-2056,True
752,P1728,Ira,Patel,72,F,i***l@gmail.com,+91-XXXXXX9036,XXXX-XXXX-5982,True
753,P1729,Aarav,Naidu,39,F,a***1@rediffmail.com,+91-XXXXXX3527,XXXX-XXXX-3098,False
754,P1730,Myra,Patel,26,M,m***1@yahoo.com,+91-XXXXXX7681,XXXX-XXXX-9389,False
755,P1731,Krishna,Mishra,34,M,k***a@rediffmail.com,+91-XXXXXX0347,XXXX-XXXX-4350,False
756,P1732,Ira,Reddy,54,M,i***y@hotmail.com,+91-XXXXXX2746,XXXX-XXXX-1699,False
757,P1733,Anika,Nair,3,F,a***1@rediffmail.com,+91-XXXXXX6188,XXXX-XXXX-7430,False
758,P1734,Aadhya,Naidu,50,M,a***2@yahoo.com,+91-XXXXXX8806,XXXX-XXXX-6821,False
759,P1735,Aarav,Kulkarni,12,F,a***i@hotmail.com,+91-XXXXXX0669,XXXX-XXXX-0368,False
760,P1736,Aarav,Naidu,65,F,a***u@gmail.com,+91-XXXXXX6113,XXXX-XXXX-5593,False
761,P1737,Ishaan,Chatterjee,54,F,i***e@hotmail.com,+91-XXXXXX1677,XXXX-XXXX-3745,False
762,P1738,Ananya,Pillai,5,M,a***1@yahoo.com,+91-XXXXXX2191,XXXX-XXXX-4132,False
763,P1739,Sai,Pillai,57,F,s***1@outlook.com,+91-XXXXXX9713,XXXX-XXXX-7044,False
764,P1740,Sara,Chatterjee,17,M,s***e@outlook.com,+91-XXXXXX3910,XXXX-XXXX-0336,False
765,P1741,Anika,Ghosh,47,F,a***1@rediffmail.com,+91-XXXXXX1742,XXXX-XXXX-9305,False
766,P1742,Aditya,Mehta,23,M,a***a@hotmail.com,+91-XXXXXX7447,XXXX-XXXX-9984,False
767,P1743,Saanvi,Mishra,79,F,s***a@rediffmail.com,+91-XXXXXX7244,XXXX-XXXX-9609,False
768,P1744,Saanvi,Pillai,85,M,s***i@outlook.com,+91-XXXXXX3824,XXXX-XXXX-7707,False
769,P1745,Muhammad,Kulkarni,14,F,m***i@gmail.com,+91-XXXXXX9319,XXXX-XXXX-8517,False
770,P1746,Aarav,Mishra,66,M,a***a@outlook.com,+91-XXXXXX5891,XXXX-XXXX-0287,False
771,P1747,Kavya,Joshi,75,M,k***i@gmail.com,+91-XXXXXX7317,XXXX-XXXX-5118,False
772,P1748,Sara,Singh,51,M,s***1@hotmail.com,+91-XXXXXX3959,XXXX-XXXX-2059,False
773,P1749,Sara,Agarwal,38,M,s***1@rediffmail.com,+91-XXXXXX4202,XXXX-XXXX-9019,False
774,P1750,Ananya,Verma,64,F,a***a@outlook.com,+91-XXXXXX3535,XXXX-XXXX-9898,False
775,P1751,Sai,Reddy,38,F,s***y@hotmail.com,+91-XXXXXX4119,XXXX-XXXX-3943,False
776,P1752,Ira,Singh,50,M,i***h@outlook.com,+91-XXXXXX4256,XXXX-XXXX-8815,False
777,P1753,Diya,Reddy,82,F,d***y@hotmail.com,+91-XXXXXX5743,XXXX-XXXX-2944,False
778,P1754,Arjun,Gupta,30,M,a***a@gmail.com,+91-XXXXXX6530,XXXX-XXXX-0216,False
779,P1755,Reyansh,Verma,79,M,r***a@hotmail.com,+91-XXXXXX3403,XXXX-XXXX-8866,False
780,P1756,Ira,Nair,51,F,i***1@rediffmail.com,+91-XXXXXX6473,XXXX-XXXX-0157,False
781,P1757,Anika,Ghosh,63,M,a***2@rediffmail.com,+91-XXXXXX3993,XXXX-XXXX-9957,False
782,P1758,Shaurya,Agarwal,52,M,s***3@rediffmail.com,+91-XXXXXX7238,XXXX-XXXX-9889,False
783,P1759,Vivaan,Pillai,38,F,v***i@rediffmail.com,+91-XXXXXX3943,XXXX-XXXX-4995,False
784,P1760,Sai,Agarwal,88,M,s***l@outlook.com,+91-XXXXXX3255,XXXX-XXXX-9134,False
785,P1761,Myra,Joshi,79,M,m***1@yahoo.com,+91-XXXXXX6972,XXXX-XXXX-5349,False
786,P1762,Sara,Nair,30,M,s***r@rediffmail.com,+91-XXXXXX0057,XXXX-XXXX-1241,False
787,P1763,Sara,Patel,51,M,s***l@gmail.com,+91-XXXXXX8560,XXXX-XXXX-1506,False
788,P1764,Myra,Gupta,81,F,m***2@hotmail.com,+91-XXXXXX9023,XXXX-XXXX-3472,False
789,P1765,Saanvi,Gupta,5,F,s***a@yahoo.com,+91-XXXXXX9088,XXXX-XXXX-7893,False
790,P1766,Ira,Banerjee,29,F,i***e@gmail.com,+91-XXXXXX4681,XXXX-XXXX-2434,False
791,P1767,Sai,Singh,4,M,s***h@rediffmail.com,+91-XXXXXX8074,XXXX-XXXX-6753,False
792,P1768,Krishna,Ghosh,10,M,k***h@gmail.com,+91-XXXXXX6405,XXXX-XXXX-6304,False
793,P1769,Aditya,Ghosh,56,F,a***h@yahoo.com,+91-XXXXXX7000,XXXX-XXXX-6404,False
794,P1770,Myra,Mehta,17,M,m***1@yahoo.com,+91-XXXXXX5620,XXXX-XXXX-3199,False
795,P1771,Kavya,Reddy,74,M,k***y@hotmail.com,+91-XXXXXX7184,XXXX-XXXX-8358,False
796,P1772,Sai,Chatterjee,17,M,s***1@hotmail.com,+91-XXXXXX3896,XXXX-XXXX-3000,False
797,P1773,Saanvi,Singh,84,M,s***1@hotmail.com,+91-XXXXXX8571,XXXX-XXXX-0416,False
798,P1774,Aditya,Ghosh,88,F,a***1@yahoo.com,+91-XXXXXX8542,XXXX-XXXX-2196,False
799,P1775,Kavya,Das,69,F,k***s@hotmail.com,+91-XXXXXX2258,XXXX-XXXX-1497,False
800,P1776,Ananya,Banerjee,34,F,a***e@rediffmail.com,+91-XXXXXX2289,XXXX-XXXX-6076,False
801,P1777,Arjun,Sharma,6,M,a***a@hotmail.com,+91-XXXXXX1597,XXXX-XXXX-9145,False
802,P1778,Krishna,Verma,53,F,k***1@gmail.com,+91-XXXXXX6140,XXXX-XXXX-9789,False
803,P1779,Muhammad,Naidu,66,F,m***u@rediffmail.com,+91-XXXXXX9789,XXXX-XXXX-0438,False
804,P1780,Reyansh,Naidu,77,M,r***1@rediffmail.com,+91-XXXXXX8933,XXXX-XXXX-6162,False
805,P1781,Arjun,Singh,43,M,a***1@hotmail.com,+91-XXXXXX2642,XXXX-XXXX-7286,True
806,P1781,Arjun,Singh,43,M,a***r@outlook.com,+91-XXXXXX2441,XXXX-XXXX-2483,True
807,P1782,Sara,Nair,75,F,s***1@outlook.com,+91-XXXXXX4290,XXXX-XXXX-5622,False
808,P1783,Anika,Kulkarni,23,F,a***i@gmail.com,+91-XXXXXX1918,XXXX-XXXX-9792,False
809,P1784,Ira,Kulkarni,55,F,i***i@hotmail.com,+91-XXXXXX5234,XXXX-XXXX-9648,False
810,P1785,Aadhya,Kulkarni,80,F,a***1@yahoo.com,+91-XXXXXX1420,XXXX-XXXX-2896,False
811,P1786,Krishna,Verma,75,M,k***1@hotmail.com,+91-XXXXXX1325,XXXX-XXXX-9222,False
812,P1787,Reyansh,Mehta,16,F,r***a@gmail.com,+91-XXXXXX3612,XXXX-XXXX-8138,False
813,P1788,Reyansh,Mishra,8,F,r***a@rediffmail.com,+91-XXXXXX9366,XXXX-XXXX-4268,False
814,P1789,Anika,Ghosh,4,M,a***1@outlook.com,+91-XXXXXX6021,XXXX-XXXX-3983,False
815,P1790,Sai,Banerjee,4,F,s***2@yahoo.com,+91-XXXXXX7395,XXXX-XXXX-1548,False
816,P1791,Ananya,Joshi,56,M,a***1@outlook.com,+91-XXXXXX5166,XXXX-XXXX-0797,False
817,P1792,Ishaan,Chatterjee,25,M,i***1@rediffmail.com,+91-XXXXXX0063,XXXX-XXXX-1070,False
818,P1793,Anika,Joshi,67,M,a***i@hotmail.com,+91-XXXXXX1740,XXXX-XXXX-0660,False
819,P1794,Krishna,Joshi,67,F,k***1@hotmail.com,+91-XXXXXX1695,XXXX-XXXX-8620,False
820,P1795,Sara,Chatterjee,27,F,s***1@hotmail.com,+91-XXXXXX5063,XXXX-XXXX-1212,False
821,P1796,Diya,Agarwal,32,M,d***l@gmail.com,+91-XXXXXX9566,XXXX-XXXX-2406,False
822,P1797,Anika,Joshi,50,F,a***3@yahoo.com,+91-XXXXXX1347,XXXX-XXXX-4474,False
823,P1798,Aarav,Mishra,61,F,a***1@outlook.com,+91-XXXXXX4710,XXXX-XXXX-9365,False
824,P1799,Muhammad,Singh,51,M,m***h@outlook.com,+91-XXXXXX4224,XXXX-XXXX-7401,False
825,P1800,Reyansh,Joshi,19,M,r***i@yahoo.com,+91-XXXXXX5515,XXXX-XXXX-5150,False
826,P1801,Arjun,Sharma,21,F,a***a@rediffmail.com,+91-XXXXXX8632,XXXX-XXXX-0797,False
827,P1802,Myra,Gupta,5,M,m***a@rediffmail.com,+91-XXXXXX4141,XXXX-XXXX-0381,False
828,P1803,Krishna,Singh,82,F,k***h@outlook.com,+91-XXXXXX0563,XXXX-XXXX-9225,False
829,P1804,Muhammad,Banerjee,42,F,m***e@outlook.com,+91-XXXXXX2930,XXXX-XXXX-2441,False
830,P1805,Kavya,Patel,61,F,k***l@yahoo.com,+91-XXXXXX5965,XXXX-XXXX-1786,False
831,P1806,Sai,Ghosh,22,F,s***h@rediffmail.com,+91-XXXXXX2034,XXXX-XXXX-5469,False
832,P1807,Aadhya,Kulkarni,21,M,a***i@gmail.com,+91-XXXXXX8145,XXXX-XXXX-5809,True
833,P1807,Aadhya,Kulkarni,21,M,a***i@rediffmail.com,+91-XXXXXX3317,XXXX-XXXX-1562,True
834,P1808,Aditya,Joshi,70,M,a***1@outlook.com,+91-XXXXXX9993,XXXX-XXXX-1715,False
835,P1809,Diya,Mishra,1,M,d***2@gmail.com,+91-XXXXXX5514,XXXX-XXXX-0766,False
836,P1810,Ishaan,Naidu,5,M,i***u@rediffmail.com,+91-XXXXXX6236,XXXX-XXXX-5126,False
837,P1811,Muhammad,Banerjee,12,F,m***e@rediffmail.com,+91-XXXXXX7051,XXXX-XXXX-6074,True
838,P1811,Muhammad,Bbanerjee,12,F,m***e@rediffmail.com,+91-XXXXXX5052,XXXX-XXXX-8424,True
839,P1811,Muhammad,Banerjee,12,F,m***e@gmail.com,+91-XXXXXX1549,XXXX-XXXX-3218,True
840,P1812,Muhammad,Patel,46,F,m***l@yahoo.com,+91-XXXXXX0681,XXXX-XXXX-0155,False
841,P1813,Kavya,Joshi,34,M,k***1@hotmail.com,+91-XXXXXX5954,XXXX-XXXX-4161,False
842,P1814,Reyansh,Pillai,49,F,r***1@outlook.com,+91-XXXXXX5575,XXXX-XXXX-6424,False
843,P1815,Myra,Agarwal,78,F,m***l@gmail.com,+91-XXXXXX6885,XXXX-XXXX-4479,False
844,P1816,Shaurya,Joshi,45,F,s***i@gmail.com,+91-XXXXXX3760,XXXX-XXXX-9695,False
845,P1817,Reyansh,Patel,27,M,r***l@rediffmail.com,+91-XXXXXX0534,XXXX-XXXX-8264,False
846,P1818,Aditya,Das,73,M,a***1@hotmail.com,+91-XXXXXX3476,XXXX-XXXX-4577,False
847,P1819,Vivaan,Joshi,26,M,v***1@hotmail.com,+91-XXXXXX9588,XXXX-XXXX-3682,False
848,P1820,Myra,Banerjee,47,F,m***1@gmail.com,+91-XXXXXX3004,XXXX-XXXX-8653,False
849,P1821,Aadhya,Pillai,86,M,a***2@outlook.com,+91-XXXXXX7727,XXXX-XXXX-6774,False
850,P1822,Ira,Agarwal,56,M,i***l@yahoo.com,+91-XXXXXX5531,XXXX-XXXX-6663,False
851,P1823,Reyansh,Banerjee,63,M,r***e@hotmail.com,+91-XXXXXX0594,XXXX-XXXX-5932,False
852,P1824,Ira,Agarwal,48,M,i***l@rediffmail.com,+91-XXXXXX2212,XXXX-XXXX-5327,False
853,P1825,Ishaan,Iyer,61,M,i***2@outlook.com,+91-XXXXXX6943,XXXX-XXXX-7327,False
854,P1826,Ananya,Agarwal,81,M,a***l@gmail.com,+91-XXXXXX1192,XXXX-XXXX-6164,False
855,P1827,Ananya,Khan,26,F,a***n@gmail.com,+91-XXXXXX8471,XXXX-XXXX-7611,False
856,P1828,Reyansh,Banerjee,36,F,r***2@outlook.com,+91-XXXXXX5388,XXXX-XXXX-4151,False
857,P1829,Ananya,Reddy,1,M,a***1@rediffmail.com,+91-XXXXXX1709,XXXX-XXXX-4902,False
858,P1830,Myra,Joshi,8,M,m***i@outlook.com,+91-XXXXXX0065,XXXX-XXXX-7742,False
859,P1831,Diya,Banerjee,52,F,d***1@yahoo.com,+91-XXXXXX3849,XXXX-XXXX-2904,False
860,P1832,Kavya,Banerjee,79,F,k***e@hotmail.com,+91-XXXXXX7289,XXXX-XXXX-5672,False
861,P1833,Aadhya,Das,47,M,a***1@yahoo.com,+91-XXXXXX4854,XXXX-XXXX-4913,False
862,P1834,Riya,Singh,56,M,r***h@rediffmail.com,+91-XXXXXX6903,XXXX-XXXX-8148,False
863,P1835,Ishaan,Naidu,86,M,i***1@hotmail.com,+91-XXXXXX7726,XXXX-XXXX-3372,False
864,P1836,Saanvi,Chatterjee,14,M,s***e@outlook.com,+91-XXXXXX6189,XXXX-XXXX-3997,False
865,P1837,Ananya,Gupta,28,F,a***a@hotmail.com,+91-XXXXXX1535,XXXX-XXXX-1893,False
866,P1838,Ishaan,Kulkarni,87,M,i***2@outlook.com,+91-XXXXXX0167,XXXX-XXXX-4694,False
867,P1839,Ishaan,Nair,78,M,i***2@yahoo.com,+91-XXXXXX1690,XXXX-XXXX-4884,False
868,P1840,Aditya,Joshi,88,M,a***1@gmail.com,+91-XXXXXX5512,XXXX-XXXX-6417,False
869,P1841,Diya,Das,2,M,d***1@hotmail.com,+91-XXXXXX1584,XXXX-XXXX-7149,False
870,P1842,Ira,Banerjee,26,F,i***e@yahoo.com,+91-XXXXXX0042,XXXX-XXXX-7964,False
871,P1843,Vivaan,Patel,14,F,v***l@rediffmail.com,+91-XXXXXX3949,XXXX-XXXX-9660,False
872,P1844,Vivaan,Pillai,59,F,v***1@rediffmail.com,+91-XXXXXX4641,XXXX-XXXX-5056,False
873,P1845,Aadhya,Sharma,56,M,a***a@hotmail.com,+91-XXXXXX1850,XXXX-XXXX-2579,False
874,P1846,Vivaan,Verma,7,M,v***a@rediffmail.com,+91-XXXXXX0238,XXXX-XXXX-4857,False
875,P1847,Ananya,Agarwal,3,F,a***l@rediffmail.com,+91-XXXXXX9762,XXXX-XXXX-3817,False
876,P1848,Kavya,Reddy,23,M,k***1@hotmail.com,+91-XXXXXX4623,XXXX-XXXX-3257,False
877,P1849,Anika,Nair,18,M,a***1@outlook.com,+91-XXXXXX8711,XXXX-XXXX-6708,False
878,P1850,Aarav,Agarwal,38,F,a***l@outlook.com,+91-XXXXXX1423,XXXX-XXXX-5119,False
879,P1851,Reyansh,Patel,15,F,r***1@gmail.com,+91-XXXXXX0532,XXXX-XXXX-4772,False
880,P1852,Sai,Gupta,64,F,s***a@gmail.com,+91-XXXXXX2752,XXXX-XXXX-4096,False
881,P1853,Diya,Agarwal,89,F,d***l@yahoo.com,+91-XXXXXX8441,XXXX-XXXX-9592,False
882,P1854,Kavya,Banerjee,28,M,k***1@yahoo.com,+91-XXXXXX9665,XXXX-XXXX-5155,False
883,P1855,Muhammad,Naidu,74,M,m***u@yahoo.com,+91-XXXXXX8081,XXXX-XXXX-7160,False
884,P1856,Diya,Khan,39,F,d***n@yahoo.com,+91-XXXXXX3440,XXXX-XXXX-1289,False
885,P1857,Ira,Khan,57,M,i***n@gmail.com,+91-XXXXXX9890,XXXX-XXXX-3185,False
886,P1858,Myra,Gupta,17,F,m***3@hotmail.com,+91-XXXXXX0359,XXXX-XXXX-4164,True
887,P1858,myra,Gupta,17,F,m***1@gmail.com,+91-XXXXXX0516,XXXX-XXXX-0282,True
888,P1859,Shaurya,Khan,86,F,s***n@rediffmail.com,+91-XXXXXX3093,XXXX-XXXX-2282,False
889,P1860,Sara,Chatterjee,44,M,s***e@yahoo.com,+91-XXXXXX8307,XXXX-XXXX-9500,False
890,P1861,Ananya,Mishra,25,F,a***1@rediffmail.com,+91-XXXXXX7448,XXXX-XXXX-2105,False
891,P1862,Diya,Joshi,17,M,d***2@rediffmail.com,+91-XXXXXX9944,XXXX-XXXX-4774,False
892,P1863,Diya,Agarwal,13,M,d***l@hotmail.com,+91-XXXXXX8259,XXXX-XXXX-2231,False
893,P1864,Anika,Singh,84,M,a***h@rediffmail.com,+91-XXXXXX6848,XXXX-XXXX-9889,False
894,P1865,Ishaan,Mehta,25,M,i***a@yahoo.com,+91-XXXXXX1549,XXXX-XXXX-0203,False
895,P1866,Ishaan,Gupta,68,F,i***1@outlook.com,+91-XXXXXX3453,XXXX-XXXX-7948,False
896,P1867,Kavya,Das,10,M,k***s@outlook.com,+91-XXXXXX4359,XXXX-XXXX-8415,False
897,P1868,Myra,Patel,67,F,m***l@gmail.com,+91-XXXXXX8281,XXXX-XXXX-4768,False
898,P1869,Ira,Reddy,18,F,i***1@hotmail.com,+91-XXXXXX4753,XXXX-XXXX-9298,False
899,P1870,Reyansh,Patel,86,F,r***l@hotmail.com,+91-XXXXXX7767,XXXX-XXXX-3289,False
900,P1871,Ananya,Kulkarni,34,F,a***i@yahoo.com,+91-XXXXXX9054,XXXX-XXXX-2401,False
901,P1872,Krishna,Joshi,8,M,k***2@hotmail.com,+91-XXXXXX8755,XXXX-XXXX-2362,False
902,P1873,Shaurya,Reddy,40,M,s***1@rediffmail.com,+91-XXXXXX3551,XXXX-XXXX-2372,False
903,P1874,Muhammad,Naidu,83,F,m***1@outlook.com,+91-XXXXXX2200,XXXX-XXXX-7418,False
904,P1875,Ishaan,Agarwal,42,F,i***1@rediffmail.com,+91-XXXXXX4355,XXXX-XXXX-9274,True
905,P1875,Ishaan,Agarwal,42,F,i***l@gmail.com,+91-XXXXXX0569,XXXX-XXXX-1444,True
906,P1876,Arjun,Ghosh,41,M,a***1@outlook.com,+91-XXXXXX2690,XXXX-XXXX-7396,False
907,P1877,Ananya,Khan,6,F,a***1@gmail.com,+91-XXXXXX5640,XXXX-XXXX-1919,False
908,P1878,Kavya,Sharma,52,M,k***a@yahoo.com,+91-XXXXXX1319,XXXX-XXXX-8066,False
909,P1879,Arjun,Kulkarni,26,F,a***i@yahoo.com,+91-XXXXXX4873,XXXX-XXXX-5534,False
910,P1880,Reyansh,Khan,64,M,r***1@gmail.com,+91-XXXXXX3412,XXXX-XXXX-2715,False
911,P1881,Shaurya,Gupta,59,F,s***1@hotmail.com,+91-XXXXXX5950,XXXX-XXXX-6347,False
912,P1882,Krishna,Ghosh,56,F,k***h@rediffmail.com,+91-XXXXXX9026,XXXX-XXXX-8848,False
913,P1883,Riya,Chatterjee,59,M,r***e@rediffmail.com,+91-XXXXXX6186,XXXX-XXXX-5626,False
914,P1884,Ananya,Chatterjee,70,F,a***e@outlook.com,+91-XXXXXX6573,XXXX-XXXX-7333,False
915,P1885,Ira,Chatterjee,33,F,i***e@yahoo.com,+91-XXXXXX4107,XXXX-XXXX-8936,False
916,P1886,Diya,Pillai,53,M,d***1@hotmail.com,+91-XXXXXX0042,XXXX-XXXX-3585,False
917,P1887,Ira,Gupta,22,F,i***a@yahoo.com,+91-XXXXXX5406,XXXX-XXXX-5193,False
918,P1888,Muhammad,Naidu,21,M,m***u@hotmail.com,+91-XXXXXX7507,XXXX-XXXX-6120,False
919,P1889,Aadhya,Patel,70,M,a***l@hotmail.com,+91-XXXXXX5986,XXXX-XXXX-0976,True
920,P1889,Aadhyap,Patel,70,M,a***r@yahoo.com,+91-XXXXXX3681,XXXX-XXXX-6289,True
921,P1890,Reyansh,Sharma,70,F,r***a@gmail.com,+91-XXXXXX6275,XXXX-XXXX-2339,False
922,P1891,Shaurya,Banerjee,4,F,s***1@yahoo.com,+91-XXXXXX5469,XXXX-XXXX-6672,False
923,P1892,Aadhya,Mehta,75,F,a***1@gmail.com,+91-XXXXXX6877,XXXX-XXXX-3351,False
924,P1893,Ananya,Nair,62,F,a***r@gmail.com,+91-XXXXXX5151,XXXX-XXXX-8005,False
925,P1894,Krishna,Naidu,62,F,k***u@gmail.com,+91-XXXXXX6118,XXXX-XXXX-1295,False
926,P1895,Riya,Kulkarni,24,F,r***i@rediffmail.com,+91-XXXXXX0074,XXXX-XXXX-4152,False
927,P1896,Saanvi,Khan,55,F,s***1@yahoo.com,+91-XXXXXX8745,XXXX-XXXX-7181,False
928,P1897,Krishna,Mehta,9,M,k***a@outlook.com,+91-XXXXXX8928,XXXX-XXXX-1815,False
929,P1898,Shaurya,Singh,3,F,s***h@hotmail.com,+91-XXXXXX0386,XXXX-XXXX-6666,False
930,P1899,Shaurya,Ghosh,31,M,s***h@gmail.com,+91-XXXXXX1137,XXXX-XXXX-0803,False
931,P1900,Riya,Iyer,40,F,r***r@hotmail.com,+91-XXXXXX5959,XXXX-XXXX-5806,False
932,P1901,Aarav,Patel,36,F,a***l@hotmail.com,+91-XXXXXX1415,XXXX-XXXX-1373,False
933,P1902,Vivaan,Pillai,24,M,v***i@hotmail.com,+91-XXXXXX9511,XXXX-XXXX-6356,False
934,P1903,Aarav,Nair,6,F,a***r@yahoo.com,+91-XXXXXX3742,XXXX-XXXX-6664,False
935,P1904,Shaurya,Joshi,66,F,s***1@rediffmail.com,+91-XXXXXX4283,XXXX-XXXX-1271,False
936,P1905,Vivaan,Pillai,84,M,v***i@outlook.com,+91-XXXXXX8747,XXXX-XXXX-1163,True
937,P1905,Vivaan,Pillai,84,M,v***2@rediffmail.com,+91-XXXXXX8723,XXXX-XXXX-6211,True
938,P1906,Sai,Chatterjee,75,F,s***2@hotmail.com,+91-XXXXXX5484,XXXX-XXXX-0902,False
939,P1907,Sai,Sharma,4,F,s***a@outlook.com,+91-XXXXXX5498,XXXX-XXXX-1323,False
940,P1908,Aadhya,Sharma,79,F,a***a@rediffmail.com,+91-XXXXXX6016,XXXX-XXXX-8501,False
941,P1909,Ananya,Chatterjee,6,M,a***e@rediffmail.com,+91-XXXXXX1903,XXXX-XXXX-6090,False
942,P1910,Krishna,Sharma,51,F,k***1@hotmail.com,+91-XXXXXX4444,XXXX-XXXX-4967,False
943,P1911,Shaurya,Joshi,62,F,s***2@rediffmail.com,+91-XXXXXX7962,XXXX-XXXX-4264,False
944,P1912,Diya,kulkarni,57,F,d***i@gmail.com,+91-XXXXXX5867,XXXX-XXXX-2536,True
945,P1912,Diya,Kulkarni,57,F,d***i@rediffmail.com,+91-XXXXXX6352,XXXX-XXXX-3333,True
946,P1913,Ananya,Nair,66,F,a***1@hotmail.com,+91-XXXXXX6118,XXXX-XXXX-1874,False
947,P1914,Diya,Banerjee,79,M,d***e@gmail.com,+91-XXXXXX3248,XXXX-XXXX-0369,False
948,P1915,Sai,Patel,75,M,s***l@outlook.com,+91-XXXXXX4209,XXXX-XXXX-2759,False
949,P1916,Myra,Das,8,F,m***1@gmail.com,+91-XXXXXX4295,XXXX-XXXX-5323,False
950,P1917,Krishna,Gupta,26,F,k***a@gmail.com,+91-XXXXXX9920,XXXX-XXXX-1822,False
951,P1918,Ananya,Ghosh,51,M,a***h@gmail.com,+91-XXXXXX2308,XXXX-XXXX-1026,False
952,P1919,Aarav,Iyer,45,M,a***r@rediffmail.com,+91-XXXXXX8262,XXXX-XXXX-0795,False
953,P1920,Reyansh,Agarwal,44,F,r***l@outlook.com,+91-XXXXXX5140,XXXX-XXXX-4159,False
954,P1921,Ishaan,Chatterjee,5,M,i***1@hotmail.com,+91-XXXXXX6961,XXXX-XXXX-5203,False
955,P1922,Aditya,Ghosh,70,F,a***1@outlook.com,+91-XXXXXX6172,XXXX-XXXX-2909,False
956,P1923,Sai,Gupta,26,M,s***a@rediffmail.com,+91-XXXXXX8545,XXXX-XXXX-6652,False
957,P1924,Anika,Reddy,68,M,a***y@outlook.com,+91-XXXXXX7670,XXXX-XXXX-0213,False
958,P1925,Diya,Naidu,19,M,d***u@outlook.com,+91-XXXXXX2816,XXXX-XXXX-1297,False
959,P1926,Krishna,Iyer,84,M,k***r@outlook.com,+91-XXXXXX6858,XXXX-XXXX-0633,False
960,P1927,Sai,Reddy,20,F,s***y@gmail.com,+91-XXXXXX2199,XXXX-XXXX-4907,False
961,P1928,Shaurya,Agarwal,12,M,s***l@gmail.com,+91-XXXXXX8473,XXXX-XXXX-3253,False
962,P1929,Aarav,Sharma,47,M,a***a@hotmail.com,+91-XXXXXX3649,XXXX-XXXX-8044,False
963,P1930,Vivaan,Gupta,1,F,v***a@gmail.com,+91-XXXXXX5834,XXXX-XXXX-5959,False
964,P1931,Arjun,Verma,14,M,a***a@hotmail.com,+91-XXXXXX0209,XXXX-XXXX-5833,True
965,P1931,Arjun,Verma,14,M,a***a@gmail.com,+91-XXXXXX6808,XXXX-XXXX-2660,True
966,P1932,Ira,Gupta,64,M,i***a@outlook.com,+91-XXXXXX2108,XXXX-XXXX-2310,False
967,P1933,Ira,Khan,38,F,i***n@yahoo.com,+91-XXXXXX9456,XXXX-XXXX-3379,False
968,P1934,Shaurya,Verma,37,M,s***1@rediffmail.com,+91-XXXXXX6116,XXXX-XXXX-4238,False
969,P1935,Myra,Kulkarni,11,F,m***i@yahoo.com,+91-XXXXXX7747,XXXX-XXXX-1928,False
970,P1936,Riya,Verma,77,F,r***a@outlook.com,+91-XXXXXX0123,XXXX-XXXX-3535,False
971,P1937,Anika,Gupta,3,F,a***1@outlook.com,+91-XXXXXX5036,XXXX-XXXX-3379,False
972,P1938,Reyansh,Joshi,33,F,r***i@outlook.com,+91-XXXXXX0771,XXXX-XXXX-4176,False
973,P1939,Reyansh,Mishra,6,M,r***a@outlook.com,+91-XXXXXX8439,XXXX-XXXX-7824,False
974,P1940,Reyansh,Reddy,50,F,r***1@outlook.com,+91-XXXXXX9762,XXXX-XXXX-8436,False
975,P1941,Riya,Naidu,10,M,r***u@gmail.com,+91-XXXXXX3602,XXXX-XXXX-7276,False
976,P1942,Riya,Pillai,5,M,r***i@hotmail.com,+91-XXXXXX1910,XXXX-XXXX-4292,False
977,P1943,Shaurya,Naidu,23,M,s***u@gmail.com,+91-XXXXXX7550,XXXX-XXXX-6562,False
978,P1944,Riya,Gupta,10,M,r***1@gmail.com,+91-XXXXXX7555,XXXX-XXXX-1221,True
979,P1944,Riya,Gupta,10,M,r***r@yahoo.com,+91-XXXXXX9537,XXXX-XXXX-6808,True
980,P1945,Riya,Verma,44,M,r***a@rediffmail.com,+91-XXXXXX5227,XXXX-XXXX-0800,False
981,P1946,Aditya,Mehta,2,M,a***1@yahoo.com,+91-XXXXXX1106,XXXX-XXXX-6608,False
982,P1947,Muhammad,Sharma,13,M,m***a@gmail.com,+91-XXXXXX1380,XXXX-XXXX-7051,False
983,P1948,Ishaan,Verma,40,M,i***a@hotmail.com,+91-XXXXXX0378,XXXX-XXXX-5862,False
984,P1949,Saanvi,Ghosh,2,M,s***h@hotmail.com,+91-XXXXXX1333,XXXX-XXXX-7986,False
985,P1950,Arjun,Mehta,84,M,a***a@gmail.com,+91-XXXXXX3480,XXXX-XXXX-5703,False
986,P1951,Vivaan,Banerjee,65,F,v***e@outlook.com,+91-XXXXXX8785,XXXX-XXXX-6576,False
987,P1952,Myra,Das,63,F,m***s@yahoo.com,+91-XXXXXX4596,XXXX-XXXX-0900,False
988,P1953,Kavya,Iyer,73,F,k***1@outlook.com,+91-XXXXXX7590,XXXX-XXXX-5146,False
989,P1954,Anika,Agarwal,17,M,a***l@outlook.com,+91-XXXXXX1181,XXXX-XXXX-2011,False
990,P1955,Aarav,Das,9,F,a***s@rediffmail.com,+91-XXXXXX2059,XXXX-XXXX-6007,False
991,P1956,Aarav,Iyer,75,F,a***1@rediffmail.com,+91-XXXXXX9395,XXXX-XXXX-4043,False
992,P1957,Ishaan,Verma,15,F,i***a@rediffmail.com,+91-XXXXXX7845,XXXX-XXXX-5195,False
993,P1958,Arjun,Ghosh,24,M,a***h@rediffmail.com,+91-XXXXXX2887,XXXX-XXXX-9657,False
994,P1959,Sai,Khan,38,M,s***n@outlook.com,+91-XXXXXX0101,XXXX-XXXX-2557,False
995,P1960,Kavya,Mishra,35,M,k***a@hotmail.com,+91-XXXXXX8616,XXXX-XXXX-2361,False
996,P1961,Muhammad,Iyer,49,M,m***r@hotmail.com,+91-XXXXXX2800,XXXX-XXXX-7155,False
997,P1962,Krishna,Singh,69,F,k***h@hotmail.com,+91-XXXXXX6149,XXXX-XXXX-0817,False
998,P1963,Sara,Pillai,62,F,s***i@outlook.com,+91-XXXXXX4685,XXXX-XXXX-0413,False
999,P1964,Shaurya,Verma,60,F,s***a@gmail.com,+91-XXXXXX2580,XXXX-XXXX-5653,False
1000,P1965,Aarav,Banerjee,50,F,a***e@hotmail.com,+91-XXXXXX1852,XXXX-XXXX-0476,False
1001,P1966,Riya,Singh,78,M,r***h@gmail.com,+91-XXXXXX9106,XXXX-XXXX-1748,False
1002,P1967,Ananya,Iyer,75,M,a***r@yahoo.com,+91-XXXXXX5591,XXXX-XXXX-8739,False
1003,P1968,Shaurya,Patel,9,M,s***1@gmail.com,+91-XXXXXX9607,XXXX-XXXX-9680,False
1004,P1969,Shaurya,Chatterjee,34,F,s***e@gmail.com,+91-XXXXXX3752,XXXX-XXXX-1213,False
1005,P1970,Vivaan,Verma,76,M,v***a@yahoo.com,+91-XXXXXX4153,XXXX-XXXX-7371,False
1006,P1971,Vivaan,Ghosh,35,M,v***1@yahoo.com,+91-XXXXXX1620,XXXX-XXXX-8581,False
1007,P1972,Aditya,Joshi,1,F,a***2@gmail.com,+91-XXXXXX4025,XXXX-XXXX-6832,False
1008,P1973,Kavya,Mishra,40,F,k***1@yahoo.com,+91-XXXXXX4480,XXXX-XXXX-1296,False
1009,P1974,Kavya,Mishra,64,M,k***1@gmail.com,+91-XXXXXX6098,XXXX-XXXX-0184,False
1010,P1975,Riya,Patel,22,M,r***l@gmail.com,+91-XXXXXX0408,XXXX-XXXX-7312,False
1011,P1976,Reyansh,Khan,60,M,r***n@hotmail.com,+91-XXXXXX6986,XXXX-XXXX-2365,False
1012,P1977,Shaurya,Joshi,64,M,s***2@outlook.com,+91-XXXXXX3412,XXXX-XXXX-7932,False
1013,P1978,Vivaan,Sharma,72,M,v***a@hotmail.com,+91-XXXXXX1192,XXXX-XXXX-9061,False
1014,P1979,Kavya,Gupta,11,M,k***a@yahoo.com,+91-XXXXXX0295,XXXX-XXXX-5478,False
1015,P1980,Arjun,Ghosh,14,F,a***h@hotmail.com,+91-XXXXXX7212,XXXX-XXXX-4444,False
1016,P1981,Diya,Gupta,60,F,d***a@yahoo.com,+91-XXXXXX8818,XXXX-XXXX-6449,False
1017,P1982,Aadhya,Das,30,F,a***2@yahoo.com,+91-XXXXXX3389,XXXX-XXXX-9821,True
1018,P1982,Aadhya,Das,30,F,a***s@outlook.com,+91-XXXXXX5013,XXXX-XXXX-4978,True
1019,P1983,Muhammad,Khan,35,M,m***n@outlook.com,+91-XXXXXX8137,XXXX-XXXX-7789,False
1020,P1984,Ishaan,Singh,85,F,i***1@hotmail.com,+91-XXXXXX8650,XXXX-XXXX-6512,False
1021,P1985,Aadhya,Nair,37,M,a***r@outlook.com,+91-XXXXXX0578,XXXX-XXXX-6309,True
1022,P1985,Aadhya,Nair,37,M,a***r@gmail.com,+91-XXXXXX1470,XXXX-XXXX-9485,True
1023,P1986,Diya,Khan,5,M,d***n@gmail.com,+91-XXXXXX8394,XXXX-XXXX-1994,False
1024,P1987,Saanvi,Patel,83,F,s***l@gmail.com,+91-XXXXXX1041,XXXX-XXXX-1034,False
1025,P1988,Kavya,Iyer,78,M,k***r@hotmail.com,+91-XXXXXX6243,XXXX-XXXX-6960,False
1026,P1989,Reyansh,Chatterjee,26,M,r***e@outlook.com,+91-XXXXXX2352,XXXX-XXXX-9679,False
1027,P1990,Arjun,Agarwal,62,F,a***l@yahoo.com,+91-XXXXXX8953,XXXX-XXXX-4343,False
1028,P1991,Aarav,Sharma,4,F,a***a@rediffmail.com,+91-XXXXXX5354,XXXX-XXXX-5607,True
1029,P1991,Aarav,Shhharma,4,F,a***a@rediffmail.com,+91-XXXXXX7919,XXXX-XXXX-2239,True
1030,P1992,Diya,Singh,89,F,d***h@hotmail.com,+91-XXXXXX9636,XXXX-XXXX-8041,False
1031,P1993,Muhammad,Naidu,42,M,m***1@rediffmail.com,+91-XXXXXX0435,XXXX-XXXX-8131,False
1032,P1994,Diya,Kulkarni,89,F,d***1@hotmail.com,+91-XXXXXX8553,XXXX-XXXX-1114,True
1033,P1994,Diya,Kulkarni,89,F,d***r@gmail.com,+91-XXXXXX0229,XXXX-XXXX-2480,True
1034,P1995,Arjun,Verma,18,F,a***1@gmail.com,+91-XXXXXX0502,XXXX-XXXX-9473,False
1035,P1996,Ira,Nair,40,M,i***r@gmail.com,+91-XXXXXX9487,XXXX-XXXX-8768,False
1036,P1997,Aadhya,Reddy,72,F,a***y@rediffmail.com,+91-XXXXXX0262,XXXX-XXXX-2872,False
1037,P1998,Shaurya,Kulkarni,39,F,s***i@gmail.com,+91-XXXXXX9851,XXXX-XXXX-5730,False
1038,P1999,Ananya,Pillai,14,F,a***2@yahoo.com,+91-XXXXXX9290,XXXX-XXXX-4767,True
1039,P1999,Ananya,Pillai,14,F,a***r@outlook.com,+91-XXXXXX3844,XXXX-XXXX-0576,True
