booking_id,booking_date,flight_key,passenger_key,airline_key,route_key,raw_passenger_id,raw_flight_id,booking_status,is_confirmed,is_cancelled,is_pending,is_invalid,is_unknown,is_unresolved_flight,is_unresolved_passenger,gross_payment_amount,realized_revenue,payment_record_count,valid_payment_count,has_valid_payment
B1000,2025-06-14 11:37:36.951,5,609,2,27,P1591,AI192,CANCELLED,0,1,0,0,0,0,0,0.0,0.0,0,0,0
B1001,2025-11-02 11:37:36.951,12,828,1,7,P1803,6F026,CANCELLED,0,1,0,0,0,0,0,0.0,0.0,0,0,0
B1002,2025-08-25 11:37:36.951,1,85,3,15,P1083,SJ010,CANCELLED,0,1,0,0,0,0,0,8593.08,0.0,2,2,1
B1003,2025-12-30 11:37:36.951,15,377,2,17,P1364,AI069,CONFIRMED,1,0,0,0,0,0,0,0.0,0.0,0,0,0
B1004,2025-10-02 11:37:36.951,29,915,4,24,P1885,UK003,PENDING,0,0,1,0,0,0,0,12222.48,0.0,1,1,1
B1005,2025-08-31 11:37:36.951,20,566,2,13,P1548,AI048,CONFIRMED,1,0,0,0,0,0,0,13378.9,13378.9,1,1,1
B1006,2025-06-29 11:37:36.951,17,354,2,8,P1341,AI140,CANCELLED,0,1,0,0,0,0,0,14980.37,0.0,1,1,1
B1007,2026-03-12 11:37:36.951,13,866,4,20,P1838,UK167,CONFIRMED,1,0,0,0,0,0,0,0.0,0.0,0,0,0
B1008,2025-09-07 11:37:36.951,4,419,2,7,P1406,AI245,PENDING,0,0,1,0,0,0,0,0.0,0.0,0,0,0
B1009,2025-04-28 11:37:36.951,6,440,3,19,P1424,SJ158,CANCELLED,0,1,0,0,0,0,0,0.0,0.0,0,0,0
B1010,2025-11-24 11:37:36.951,2,767,2,7,P1743,AI155,CONFIRMED,1,0,0,0,0,0,0,0.0,0.0,1,0,0
B1011,2025-10-25 11:37:36.951,38,94,2,22,P1092,AI179,CONFIRMED,1,0,0,0,0,0,0,2115.18,2115.18,1,1,1
B1012,2025-08-15 11:37:36.951,11,875,2,8,P1847,AI137,PENDING,0,0,1,0,0,0,0,23702.39,0.0,4,3,1
B1013,2025-07-20 11:37:36.951,42,631,3,10,P1613,SJ001,CONFIRMED,1,0,0,0,0,0,0,1176.33,1176.33,1,1,1
B1014,2025-09-15 11:37:36.951,24,426,3,13,P1411,SJ172,PENDING,0,0,1,0,0,0,0,0.0,0.0,0,0,0
B1015,2025-10-21 11:37:36.951,3,447,4,7,P1431,UK094,UNKNOWN,0,0,0,0,1,0,0,19609.66,0.0,2,2,1
B1016,2026-01-13 11:37:36.951,14,697,4,7,P1677,UK027,CANCELLED,0,1,0,0,0,0,0,23800.77,0.0,2,2,1
B1017,2026-04-04 11:37:36.951,32,166,4,7,P1158,UK067,CONFIRMED,1,0,0,0,0,0,0,0.0,0.0,0,0,0
B1018,2026-03-25 11:37:36.951,7,14,1,15,P1013,6F196,CANCELLED,0,1,0,0,0,0,0,2588.63,0.0,1,1,1
B1019,2025-07-31 11:37:36.951,22,385,1,1,P1372,6F164,CANCELLED,0,1,0,0,0,0,0,18621.0,0.0,3,2,1
B1020,2025-12-06 11:37:36.951,21,234,3,24,P1224,SJ112,CONFIRMED,1,0,0,0,0,0,0,8150.35,8150.35,1,1,1
B1021,2025-12-07 11:37:36.951,49,521,1,20,P1504,6F190,CANCELLED,0,1,0,0,0,0,0,6949.93,0.0,1,1,1
B1022,2026-03-25 11:37:36.951,8,74,2,9,P1072,AI080,CONFIRMED,1,0,0,0,0,0,0,0.0,0.0,0,0,0
B1023,2026-02-03 11:37:36.951,34,259,1,1,P1248,6F213,PENDING,0,0,1,0,0,0,0,13057.27,0.0,1,1,1
B1024,2025-06-21 11:37:36.951,56,527,2,26,P1510,AI115,PENDING,0,0,1,0,0,0,0,4857.79,0.0,1,1,1
B1025,2026-03-18 11:37:36.951,43,620,3,13,P1602,SJ049,PENDING,0,0,1,0,0,0,0,36122.96,0.0,3,3,1
B1026,2025-06-27 11:37:36.951,16,224,2,7,P1215,AI058,CONFIRMED,1,0,0,0,0,0,0,13204.36,13204.36,2,2,1
B1027,2025-07-25 11:37:36.951,52,1007,4,11,P1972,UK036,CONFIRMED,1,0,0,0,0,0,0,7503.17,7503.17,1,1,1
B1028,2025-05-25 11:37:36.951,18,619,3,7,P1601,SJ239,CANCELLED,0,1,0,0,0,0,0,0.0,0.0,0,0,0
B1029,2025-06-06 11:37:36.951,9,557,1,1,P1540,6F025,CANCELLED,0,1,0,0,0,0,0,0.0,0.0,0,0,0
B1030,2026-03-18 11:37:36.951,40,981,1,8,P1946,6F236,CANCELLED,0,1,0,0,0,0,0,0.0,0.0,0,0,0
B1031,2025-11-16 11:37:36.951,25,844,2,19,P1816,AI060,CANCELLED,0,1,0,0,0,0,0,7056.42,0.0,1,1,1
B1032,2025-09-03 11:37:36.951,23,972,4,25,P1938,UK021,CANCELLED,0,1,0,0,0,0,0,0.0,0.0,0,0,0
B1033,2025-05-06 11:37:36.951,30,1024,4,25,P1987,UK026,UNKNOWN,0,0,0,0,1,0,0,17076.39,0.0,3,2,1
B1034,2025-12-31 11:37:36.951,48,229,3,19,P1219,SJ179,CONFIRMED,1,0,0,0,0,0,0,0.0,0.0,0,0,0
B1035,2025-08-21 11:37:36.951,10,867,1,16,P1839,6F251,PENDING,0,0,1,0,0,0,0,0.0,0.0,0,0,0
B1036,2025-11-24 11:37:36.951,33,748,3,25,P1726,SJ149,PENDING,0,0,1,0,0,0,0,5144.89,0.0,1,1,1
B1037,2026-03-20 11:37:36.951,46,230,2,14,P1220,AI188,PENDING,0,0,1,0,0,0,0,0.0,0.0,0,0,0
B1038,2026-01-01 11:37:36.951,27,401,3,1,P1388,SJ093,PENDING,0,0,1,0,0,0,0,0.0,0.0,0,0,0
B1039,2025-08-21 11:37:36.951,26,571,3,23,P1553,SJ205,CONFIRMED,1,0,0,0,0,0,0,24656.69,24656.69,3,3,1
B1040,2025-08-08 11:37:36.951,19,666,1,29,P1646,6F099,CONFIRMED,1,0,0,0,0,0,0,0.0,0.0,0,0,0
B1041,2025-05-28 11:37:36.951,60,43,4,21,P1041,UK176,CONFIRMED,1,0,0,0,0,0,0,23580.18,23580.18,2,2,1
B1042,2025-12-02 11:37:36.951,35,695,4,13,P1675,UK200,CANCELLED,0,1,0,0,0,0,0,14402.39,0.0,1,1,1
B1043,2025-11-22 11:37:36.951,28,901,1,13,P1872,6F195,CANCELLED,0,1,0,0,0,0,0,8291.6,0.0,1,1,1
B1044,2026-04-12 11:37:36.951,31,294,1,19,P1282,6F174,PENDING,0,0,1,0,0,0,0,1199.88,0.0,1,1,1
B1045,2026-03-19 11:37:36.951,36,59,3,10,P1057,SJ214,UNKNOWN,0,0,0,0,1,0,0,6732.21,0.0,3,2,1
B1046,2025-10-14 11:37:36.951,41,841,4,25,P1813,UK059,CONFIRMED,1,0,0,0,0,0,0,26282.31,26282.31,2,2,1
B1047,2025-12-29 11:37:36.951,54,861,1,14,P1833,6F151,PENDING,0,0,1,0,0,0,0,0.0,0.0,0,0,0
B1048,2025-09-19 11:37:36.951,66,553,3,27,P1536,SJ236,PENDING,0,0,1,0,0,0,0,0.0,0.0,0,0,0
B1049,2025-07-28 11:37:36.951,39,74,3,18,P1072,SJ153,INVALID,0,0,0,1,0,0,0,0.0,0.0,0,0,0
B1050,2026-01-15 11:37:36.951,45,914,2,8,P1884,AI220,PENDING,0,0,1,0,0,0,0,13350.33,0.0,1,1,1
B1051,2025-07-05 11:37:36.951,51,955,1,23,P1922,6F028,CANCELLED,0,1,0,0,0,0,0,10875.08,0.0,1,1,1
B1052,2025-12-30 11:37:36.951,58,134,4,26,P1128,UK209,CANCELLED,0,1,0,0,0,0,0,9827.3,0.0,1,1,1
B1053,2026-04-01 11:37:36.951,61,616,4,30,P1598,UK216,PENDING,0,0,1,0,0,0,0,7702.52,0.0,2,2,1
B1054,2026-04-11 11:37:36.951,57,869,2,1,P1841,AI132,CANCELLED,0,1,0,0,0,0,0,0.0,0.0,0,0,0
B1055,2025-10-14 11:37:36.951,65,441,1,14,P1425,6F012,CANCELLED,0,1,0,0,0,0,0,0.0,0.0,0,0,0
B1056,2026-03-24 11:37:36.951,76,982,4,26,P1947,UK173,CANCELLED,0,1,0,0,0,0,0,3173.87,0.0,2,1,1
B1057,2025-08-20 11:37:36.951,37,684,3,22,P1664,SJ047,CANCELLED,0,1,0,0,0,0,0,12211.2,0.0,2,2,1
B1058,2025-12-07 11:37:36.951,59,713,3,29,P1693,SJ043,PENDING,0,0,1,0,0,0,0,0.0,0.0,0,0,0
B1059,2026-01-03 11:37:36.951,55,130,4,26,P1124,UK140,CONFIRMED,1,0,0,0,0,0,0,10839.07,10839.07,1,1,1
B1060,2025-12-30 11:37:36.951,44,68,1,30,P1066,6F086,CONFIRMED,1,0,0,0,0,0,0,11681.98,11681.98,1,1,1
B1061,2026-04-05 11:37:36.951,47,6,1,10,P1005,6F114,CANCELLED,0,1,0,0,0,0,0,31579.8,0.0,3,3,1
B1062,2025-06-12 11:37:36.951,78,656,4,14,P1636,UK153,CANCELLED,0,1,0,0,0,0,0,0.0,0.0,0,0,0
B1063,2025-05-19 11:37:36.951,67,325,1,2,P1313,6F149,CANCELLED,0,1,0,0,0,0,0,0.0,0.0,0,0,0
B1064,2025-09-14 11:37:36.951,63,337,4,9,P1325,UK145,CONFIRMED,1,0,0,0,0,0,0,14413.72,14413.72,1,1,1
B1065,2026-03-06 11:37:36.951,69,582,4,30,P1564,UK010,CANCELLED,0,1,0,0,0,0,0,0.0,0.0,0,0,0
B1066,2025-11-05 11:37:36.951,50,595,3,28,P1577,SJ003,PENDING,0,0,1,0,0,0,0,0.0,0.0,0,0,0
B1067,2025-07-23 11:37:36.951,53,853,3,26,P1825,SJ160,PENDING,0,0,1,0,0,0,0,17433.34,0.0,3,3,1
B1068,2025-11-22 11:37:36.951,89,522,4,15,P1505,UK224,PENDING,0,0,1,0,0,0,0,5274.94,0.0,1,1,1
B1069,2025-08-02 11:37:36.951,73,83,4,7,P1081,UK152,CONFIRMED,1,0,0,0,0,0,0,14992.95,14992.95,1,1,1
B1070,2025-09-22 11:37:36.951,104,616,3,27,P1598,SJ034,CANCELLED,0,1,0,0,0,0,0,5631.13,0.0,1,1,1
B1071,2025-12-21 11:37:36.951,70,2,4,8,P1001,UK215,CANCELLED,0,1,0,0,0,0,0,0.0,0.0,0,0,0
B1072,2025-08-10 11:37:36.951,94,212,4,9,P1203,UK089,CANCELLED,0,1,0,0,0,0,0,0.0,0.0,0,0,0
B1073,2025-12-04 11:37:36.951,102,681,1,26,P1661,6F180,CONFIRMED,1,0,0,0,0,0,0,0.0,0.0,0,0,0
B1074,2025-09-25 11:37:36.951,109,829,1,19,P1804,6F188,CONFIRMED,1,0,0,0,0,0,0,0.0,0.0,0,0,0
B1075,2026-01-03 11:37:36.951,96,416,4,8,P1403,UK131,CONFIRMED,1,0,0,0,0,0,0,0.0,0.0,0,0,0
B1076,2025-05-04 11:37:36.951,80,-1,4,24,P1102,UK055,CONFIRMED,1,0,0,0,0,0,1,8247.5,8247.5,1,1,1
B1077,2025-05-03 11:37:36.951,81,552,4,29,P1535,UK181,PENDING,0,0,1,0,0,0,0,11261.7,0.0,2,2,1
B1078,2025-09-21 11:37:36.951,111,380,1,13,P1367,6F077,CONFIRMED,1,0,0,0,0,0,0,0.0,0.0,0,0,0
B1079,2025-06-03 11:37:36.951,116,220,3,5,P1211,SJ085,CONFIRMED,1,0,0,0,0,0,0,0.0,0.0,0,0,0
B1080,2025-06-05 11:37:36.951,72,594,3,25,P1576,SJ023,CONFIRMED,1,0,0,0,0,0,0,21169.42,21169.42,2,2,1
B1081,2025-11-13 11:37:36.951,74,995,3,14,P1960,SJ202,CANCELLED,0,1,0,0,0,0,0,0.0,0.0,0,0,0
B1082,2025-09-09 11:37:36.951,97,217,3,9,P1208,SJ150,CANCELLED,0,1,0,0,0,0,0,0.0,0.0,0,0,0
B1083,2025-05-12 11:37:36.951,71,786,3,23,P1762,SJ116,CANCELLED,0,1,0,0,0,0,0,6777.38,0.0,1,1,1
B1084,2025-06-14 11:37:36.951,64,927,1,25,P1896,6F270,PENDING,0,0,1,0,0,0,0,0.0,0.0,0,0,0
B1085,2026-03-24 11:37:36.951,62,122,4,18,P1116,UK150,PENDING,0,0,1,0,0,0,0,11410.8,0.0,1,1,1
B1086,2026-02-16 11:37:36.951,85,646,3,7,P1627,SJ237,CONFIRMED,1,0,0,0,0,0,0,4873.96,4873.96,2,2,1
B1087,2025-05-08 11:37:36.951,92,772,2,30,P1748,AI221,CANCELLED,0,1,0,0,0,0,0,3191.92,0.0,2,2,1
B1088,2026-03-25 11:37:36.951,77,494,3,6,P1477,SJ081,PENDING,0,0,1,0,0,0,0,7375.1,0.0,1,1,1
B1089,2025-09-03 11:37:36.951,106,-1,4,5,P1104,UK189,CANCELLED,0,1,0,0,0,0,1,0.0,0.0,0,0,0
B1090,2025-05-16 11:37:36.951,83,511,3,1,P1494,SJ068,PENDING,0,0,1,0,0,0,0,0.0,0.0,0,0,0
B1091,2025-08-18 11:37:36.951,75,794,1,9,P1770,6F043,PENDING,0,0,1,0,0,0,0,0.0,0.0,0,0,0
B1092,2026-03-18 11:37:36.951,79,47,4,1,P1045,UK187,CONFIRMED,1,0,0,0,0,0,0,15898.93,15898.93,3,3,1
B1093,2025-05-11 11:37:36.951,82,850,4,8,P1822,UK074,CONFIRMED,1,0,0,0,0,0,0,0.0,0.0,0,0,0
B1094,2026-01-07 11:37:36.951,68,342,4,7,P1330,UK004,PENDING,0,0,1,0,0,0,0,17560.29,0.0,2,2,1
B1095,2025-07-30 11:37:36.951,86,224,1,7,P1215,6F194,CONFIRMED,1,0,0,0,0,0,0,0.0,0.0,0,0,0
B1096,2026-01-03 11:37:36.951,88,1016,4,5,P1981,UK068,PENDING,0,0,1,0,0,0,0,18163.89,0.0,2,2,1
B1097,2025-08-26 11:37:36.951,100,994,1,12,P1959,6F017,UNKNOWN,0,0,0,0,1,0,0,0.0,0.0,0,0,0
B1098,2025-10-15 11:37:36.951,101,508,1,12,P1491,6F245,UNKNOWN,0,0,0,0,1,0,0,10455.66,0.0,1,1,1
B1099,2025-12-07 11:37:36.951,119,840,1,26,P1812,6F254,CONFIRMED,1,0,0,0,0,0,0,0.0,0.0,0,0,0
B1100,2026-03-05 11:37:36.951,90,954,4,22,P1921,UK077,CONFIRMED,1,0,0,0,0,0,0,0.0,0.0,0,0,0
B1101,2025-07-19 11:37:36.951,134,872,2,29,P1844,AI029,CONFIRMED,1,0,0,0,0,0,0,2214.47,2214.47,1,1,1
B1102,2025-10-06 11:37:36.951,108,464,3,19,P1448,SJ196,INVALID,0,0,0,1,0,0,0,24626.69,0.0,2,2,1
B1103,2025-08-08 11:37:36.951,84,552,2,2,P1535,AI242,CANCELLED,0,1,0,0,0,0,0,14062.55,0.0,2,2,1
B1104,2025-09-12 11:37:36.951,84,527,2,2,P1510,AI242,CANCELLED,0,1,0,0,0,0,0,0.0,0.0,0,0,0
B1105,2025-09-11 11:37:36.951,107,473,3,18,P1457,SJ044,CONFIRMED,1,0,0,0,0,0,0,14294.21,14294.21,1,1,1
B1106,2025-09-01 11:37:36.951,87,564,4,17,P1546,UK063,CONFIRMED,1,0,0,0,0,0,0,0.0,0.0,1,0,0
B1107,2025-05-19 11:37:36.951,131,552,2,20,P1535,AI056,CONFIRMED,1,0,0,0,0,0,0,0.0,0.0,0,0,0
B1108,2025-10-11 11:37:36.951,91,556,4,28,P1539,UK207,CANCELLED,0,1,0,0,0,0,0,0.0,0.0,0,0,0
B1109,2025-12-03 11:37:36.951,143,500,4,25,P1483,UK166,CANCELLED,0,1,0,0,0,0,0,13080.08,0.0,1,1,1
B1110,2025-12-17 11:37:36.951,117,1010,1,13,P1975,6F261,PENDING,0,0,1,0,0,0,0,0.0,0.0,0,0,0
B1111,2025-12-25 11:37:36.951,130,-1,4,23,P1999,UK134,CANCELLED,0,1,0,0,0,0,1,0.0,0.0,1,0,0
B1112,2025-10-02 11:37:36.951,103,16,1,13,P1015,6F152,PENDING,0,0,1,0,0,0,0,20662.78,0.0,2,2,1
B1113,2025-11-23 11:37:36.951,142,588,3,23,P1570,SJ089,CONFIRMED,1,0,0,0,0,0,0,9457.62,9457.62,1,1,1
B1114,2025-09-26 11:37:36.951,99,1011,1,19,P1976,6F123,CANCELLED,0,1,0,0,0,0,0,8187.33,0.0,1,1,1
B1115,2025-08-23 11:37:36.951,113,253,2,24,P1242,AI025,CONFIRMED,1,0,0,0,0,0,0,8185.02,8185.02,1,1,1
B1116,2025-12-05 11:37:36.951,121,984,1,8,P1949,6F030,CONFIRMED,1,0,0,0,0,0,0,9883.49,9883.49,1,1,1
B1117,2025-09-02 11:37:36.951,122,215,3,8,P1206,SJ222,CONFIRMED,1,0,0,0,0,0,0,24642.71,24642.71,2,2,1
B1118,2026-04-03 11:37:36.951,93,943,4,1,P1911,UK109,CONFIRMED,1,0,0,0,0,0,0,0.0,0.0,1,0,0
B1119,2025-11-25 11:37:36.951,138,282,3,26,P1270,SJ117,CANCELLED,0,1,0,0,0,0,0,22268.71,0.0,2,2,1
B1120,2025-08-12 11:37:36.951,105,784,3,12,P1760,SJ142,CONFIRMED,1,0,0,0,0,0,0,2571.48,2571.48,3,2,1
B1121,2025-06-01 11:37:36.951,105,1031,3,12,P1993,SJ142,PENDING,0,0,1,0,0,0,0,0.0,0.0,0,0,0
B1122,2025-05-02 11:37:36.951,133,802,2,14,P1778,AI030,CANCELLED,0,1,0,0,0,0,0,0.0,0.0,0,0,0
B1123,2025-09-23 11:37:36.951,98,725,1,1,P1704,6F097,CONFIRMED,1,0,0,0,0,0,0,14525.48,14525.48,2,2,1
B1124,2025-05-23 11:37:36.951,118,874,1,18,P1846,6F129,CANCELLED,0,1,0,0,0,0,0,15753.68,0.0,3,2,1
B1125,2026-01-15 11:37:36.951,110,753,1,10,P1729,6F181,PENDING,0,0,1,0,0,0,0,0.0,0.0,0,0,0
B1126,2025-10-20 11:37:36.951,95,120,2,2,P1114,AI072,CONFIRMED,1,0,0,0,0,0,0,0.0,0.0,0,0,0
B1127,2025-06-29 11:37:36.951,112,597,3,4,P1579,SJ154,PENDING,0,0,1,0,0,0,0,0.0,0.0,0,0,0
B1128,2026-04-08 11:37:36.951,140,310,2,20,P1298,AI031,CONFIRMED,1,0,0,0,0,0,0,0.0,0.0,0,0,0
B1129,2025-09-18 11:37:36.951,140,864,2,20,P1836,AI031,PENDING,0,0,1,0,0,0,0,12008.51,0.0,1,1,1
B1130,2025-12-26 11:37:36.951,150,499,1,15,P1482,6F158,CONFIRMED,1,0,0,0,0,0,0,0.0,0.0,0,0,0
B1131,2025-06-16 11:37:36.951,139,409,1,27,P1396,6F184,CANCELLED,0,1,0,0,0,0,0,3592.91,0.0,1,1,1
B1132,2025-06-20 11:37:36.951,132,406,4,25,P1393,UK141,CONFIRMED,1,0,0,0,0,0,0,4677.7,4677.7,3,2,1
B1133,2025-12-29 11:37:36.951,145,76,1,24,P1074,6F168,CANCELLED,0,1,0,0,0,0,0,14200.43,0.0,2,2,1
B1134,2025-07-28 11:37:36.951,125,1012,1,1,P1977,6F051,CONFIRMED,1,0,0,0,0,0,0,0.0,0.0,0,0,0
B1135,2025-12-02 11:37:36.951,128,498,1,29,P1481,6F047,CONFIRMED,1,0,0,0,0,0,0,10501.09,10501.09,1,1,1
B1136,2025-10-26 11:37:36.951,153,-1,4,26,P1102,UK156,PENDING,0,0,1,0,0,0,1,2857.01,0.0,1,1,1
B1137,2025-09-01 11:37:36.951,114,308,2,16,P1296,AI094,PENDING,0,0,1,0,0,0,0,10092.76,0.0,2,2,1
B1138,2025-07-14 11:37:36.951,160,185,2,25,P1177,AI038,PENDING,0,0,1,0,0,0,0,0.0,0.0,0,0,0
B1139,2026-01-19 11:37:36.951,148,223,1,17,P1214,6F255,CONFIRMED,1,0,0,0,0,0,0,6016.05,6016.05,1,1,1
B1140,2026-01-23 11:37:36.951,147,1001,3,7,P1966,SJ025,CONFIRMED,1,0,0,0,0,0,0,8447.38,8447.38,2,1,1
B1141,2025-10-28 11:37:36.951,120,326,3,7,P1314,SJ185,CONFIRMED,1,0,0,0,0,0,0,0.0,0.0,0,0,0
B1142,2026-01-21 11:37:36.951,123,40,1,8,P1038,6F259,CANCELLED,0,1,0,0,0,0,0,4506.21,0.0,1,1,1
B1143,2026-04-07 11:37:36.951,155,270,1,18,P1258,6F073,CANCELLED,0,1,0,0,0,0,0,6360.73,0.0,1,1,1
B1144,2025-09-26 11:37:36.951,164,737,2,15,P1715,AI091,CONFIRMED,1,0,0,0,0,0,0,0.0,0.0,1,0,0
B1145,2025-08-23 11:37:36.951,115,7,1,3,P1006,6F191,PENDING,0,0,1,0,0,0,0,0.0,0.0,0,0,0
B1146,2025-08-30 11:37:36.951,149,50,4,20,P1048,UK228,PENDING,0,0,1,0,0,0,0,0.0,0.0,1,0,0
B1147,2026-03-25 11:37:36.951,127,554,1,25,P1537,6F146,PENDING,0,0,1,0,0,0,0,0.0,0.0,0,0,0
B1148,2025-10-13 11:37:36.951,158,168,1,4,P1160,6F068,CONFIRMED,1,0,0,0,0,0,0,0.0,0.0,0,0,0
B1149,2026-01-08 11:37:36.951,151,897,3,19,P1868,SJ218,PENDING,0,0,1,0,0,0,0,12393.75,0.0,2,2,1
B1150,2025-09-25 11:37:36.951,124,183,4,19,P1175,UK083,CONFIRMED,1,0,0,0,0,0,0,12535.73,12535.73,1,1,1
B1151,2026-01-18 11:37:36.951,175,608,3,7,P1590,SJ007,CANCELLED,0,1,0,0,0,0,0,0.0,0.0,1,0,0
B1152,2025-08-14 11:37:36.951,129,2,2,14,P1001,AI077,PENDING,0,0,1,0,0,0,0,0.0,0.0,0,0,0
B1153,2025-12-20 11:37:36.951,136,925,4,4,P1894,UK017,CANCELLED,0,1,0,0,0,0,0,5774.24,0.0,1,1,1
B1154,2026-02-17 11:37:36.951,137,470,1,29,P1454,6F229,PENDING,0,0,1,0,0,0,0,9979.51,0.0,1,1,1
B1155,2025-10-08 11:37:36.951,159,960,1,22,P1927,6F074,CONFIRMED,1,0,0,0,0,0,0,0.0,0.0,0,0,0
B1156,2026-03-25 11:37:36.951,126,663,3,15,P1643,SJ088,CONFIRMED,1,0,0,0,0,0,0,3413.47,3413.47,1,1,1
B1157,2025-06-28 11:37:36.951,135,287,3,28,P1275,SJ167,CONFIRMED,1,0,0,0,0,0,0,7902.25,7902.25,1,1,1
B1158,2025-07-20 11:37:36.951,157,514,1,8,P1497,6F234,CONFIRMED,1,0,0,0,0,0,0,14265.47,14265.47,1,1,1
B1159,2025-12-10 11:37:36.951,165,647,4,19,P1628,UK071,PENDING,0,0,1,0,0,0,0,16962.75,0.0,3,2,1
B1160,2025-11-21 11:37:36.951,141,695,2,11,P1675,AI178,CANCELLED,0,1,0,0,0,0,0,5267.38,0.0,1,1,1
B1161,2025-11-14 11:37:36.951,144,824,4,17,P1799,UK104,CONFIRMED,1,0,0,0,0,0,0,24640.24,24640.24,3,3,1
B1162,2025-04-22 11:37:36.951,168,28,2,3,P1027,AI146,INVALID,0,0,0,1,0,0,0,0.0,0.0,0,0,0
B1163,2025-11-10 11:37:36.951,178,345,3,8,P1332,SJ235,CANCELLED,0,1,0,0,0,0,0,0.0,0.0,0,0,0
B1164,2025-04-24 11:37:36.951,190,1,1,28,P1000,6F209,CONFIRMED,1,0,0,0,0,0,0,2684.77,2684.77,1,1,1
B1165,2025-08-20 11:37:36.951,171,196,2,7,P1187,AI129,CANCELLED,0,1,0,0,0,0,0,43097.99,0.0,4,4,1
B1166,2026-01-23 11:37:36.951,176,57,3,13,P1055,SJ141,CONFIRMED,1,0,0,0,0,0,0,5530.81,5530.81,1,1,1
B1167,2026-02-02 11:37:36.951,162,564,3,7,P1546,SJ018,CANCELLED,0,1,0,0,0,0,0,27299.79,0.0,3,3,1
B1168,2025-10-14 11:37:36.951,184,117,4,24,P1111,UK120,CANCELLED,0,1,0,0,0,0,0,5435.83,0.0,1,1,1
B1169,2025-11-15 11:37:36.951,188,822,2,17,P1797,AI078,CONFIRMED,1,0,0,0,0,0,0,3795.6,3795.6,1,1,1
B1170,2025-09-14 11:37:36.951,161,321,2,11,P1309,AI079,PENDING,0,0,1,0,0,0,0,0.0,0.0,0,0,0
B1171,2025-09-19 11:37:36.951,179,37,4,25,P1035,UK087,CANCELLED,0,1,0,0,0,0,0,23311.04,0.0,3,3,1
B1172,2026-01-17 11:37:36.951,174,454,4,8,P1438,UK133,CONFIRMED,1,0,0,0,0,0,0,25477.4,25477.4,3,3,1
B1173,2025-06-01 11:37:36.951,146,-1,2,8,P1728,AI222,CANCELLED,0,1,0,0,0,0,1,0.0,0.0,1,0,0
B1174,2026-04-12 11:37:36.951,177,609,1,24,P1591,6F049,CANCELLED,0,1,0,0,0,0,0,0.0,0.0,1,0,0
B1175,2026-01-29 11:37:36.951,154,853,1,1,P1825,6F105,PENDING,0,0,1,0,0,0,0,10654.9,0.0,1,1,1
B1176,2025-04-17 11:37:36.951,189,612,3,22,P1594,SJ226,CANCELLED,0,1,0,0,0,0,0,0.0,0.0,0,0,0
B1177,2025-07-29 11:37:36.951,194,594,3,7,P1576,SJ227,CANCELLED,0,1,0,0,0,0,0,12412.89,0.0,1,1,1
B1178,2026-02-05 11:37:36.951,152,336,1,8,P1324,6F034,CONFIRMED,1,0,0,0,0,0,0,0.0,0.0,1,0,0
B1179,2025-10-03 11:37:36.951,181,659,3,19,P1639,SJ078,CONFIRMED,1,0,0,0,0,0,0,10619.52,10619.52,3,3,1
B1180,2026-04-10 11:37:36.951,172,318,2,29,P1306,AI240,PENDING,0,0,1,0,0,0,0,0.0,0.0,0,0,0
B1181,2026-03-29 11:37:36.951,205,550,3,17,P1533,SJ002,CANCELLED,0,1,0,0,0,0,0,0.0,0.0,0,0,0
B1182,2025-08-11 11:37:36.951,187,-1,2,26,P1727,AI044,CANCELLED,0,1,0,0,0,0,1,9005.88,0.0,1,1,1
B1183,2025-06-22 11:37:36.951,203,637,4,28,P1618,UK076,CANCELLED,0,1,0,0,0,0,0,0.0,0.0,0,0,0
B1184,2025-08-01 11:37:36.951,169,-1,1,26,P1108,6F232,PENDING,0,0,1,0,0,0,1,0.0,0.0,0,0,0
B1185,2025-08-16 11:37:36.951,197,384,3,7,P1371,SJ228,CANCELLED,0,1,0,0,0,0,0,13080.31,0.0,1,1,1
B1186,2026-04-04 11:37:36.951,156,369,3,18,P1356,SJ074,CONFIRMED,1,0,0,0,0,0,0,0.0,0.0,0,0,0
B1187,2025-08-04 11:37:36.951,207,189,4,24,P1180,UK229,PENDING,0,0,1,0,0,0,0,6625.76,0.0,1,1,1
B1188,2026-04-04 11:37:36.951,193,368,2,1,P1355,AI208,CONFIRMED,1,0,0,0,0,0,0,0.0,0.0,0,0,0
B1189,2025-11-23 11:37:36.951,166,695,2,7,P1675,AI019,CONFIRMED,1,0,0,0,0,0,0,0.0,0.0,0,0,0
B1190,2025-05-23 11:37:36.951,209,69,1,6,P1067,6F029,PENDING,0,0,1,0,0,0,0,0.0,0.0,0,0,0
B1191,2025-04-27 11:37:36.951,163,303,1,16,P1291,6F018,CONFIRMED,1,0,0,0,0,0,0,0.0,0.0,0,0,0
B1192,2025-06-23 11:37:36.951,185,711,2,13,P1691,AI059,CANCELLED,0,1,0,0,0,0,0,0.0,0.0,1,0,0
B1193,2025-05-22 11:37:36.951,183,189,2,21,P1180,AI159,PENDING,0,0,1,0,0,0,0,0.0,0.0,0,0,0
B1194,2025-07-11 11:37:36.951,173,481,1,2,P1465,6F091,CONFIRMED,1,0,0,0,0,0,0,0.0,0.0,0,0,0
B1195,2025-07-20 11:37:36.951,170,449,1,14,P1433,6F084,CANCELLED,0,1,0,0,0,0,0,19224.28,0.0,2,2,1
B1196,2026-01-15 11:37:36.951,180,479,4,6,P1463,UK170,CANCELLED,0,1,0,0,0,0,0,0.0,0.0,0,0,0
B1197,2025-05-19 11:37:36.951,167,700,4,25,P1680,UK212,CONFIRMED,1,0,0,0,0,0,0,8876.86,8876.86,1,1,1
B1198,2025-06-16 11:37:36.951,204,946,3,16,P1913,SJ022,INVALID,0,0,0,1,0,0,0,1830.32,0.0,1,1,1
B1199,2025-12-13 11:37:36.951,182,550,3,26,P1533,SJ075,PENDING,0,0,1,0,0,0,0,13499.52,0.0,2,2,1
B1200,2025-09-17 11:37:36.951,219,67,4,19,P1065,UK177,CONFIRMED,1,0,0,0,0,0,0,30813.57,30813.57,3,3,1
B1201,2026-02-01 11:37:36.951,222,21,4,26,P1020,UK206,CANCELLED,0,1,0,0,0,0,0,7338.75,0.0,1,1,1
B1202,2025-04-29 11:37:36.951,213,629,4,16,P1611,UK079,CANCELLED,0,1,0,0,0,0,0,1973.12,0.0,1,1,1
B1203,2025-06-21 11:37:36.951,186,396,4,23,P1383,UK040,CONFIRMED,1,0,0,0,0,0,0,12774.63,12774.63,1,1,1
B1204,2025-07-25 11:37:36.951,224,-1,2,17,P1811,AI034,CONFIRMED,1,0,0,0,0,0,1,14106.07,14106.07,1,1,1
B1205,2025-10-18 11:37:36.951,212,632,4,16,P1614,UK034,CONFIRMED,1,0,0,0,0,0,0,10452.65,10452.65,1,1,1
B1206,2025-07-02 11:37:36.951,218,576,2,29,P1558,AI088,CONFIRMED,1,0,0,0,0,0,0,0.0,0.0,0,0,0
B1207,2025-06-11 11:37:36.951,220,40,2,7,P1038,AI128,PENDING,0,0,1,0,0,0,0,10823.99,0.0,1,1,1
B1208,2025-07-22 11:37:36.951,200,296,3,26,P1284,SJ052,INVALID,0,0,0,1,0,0,0,22071.57,0.0,2,2,1
B1209,2025-12-15 11:37:36.951,201,849,2,1,P1821,AI233,PENDING,0,0,1,0,0,0,0,10307.2,0.0,1,1,1
B1210,2026-01-20 11:37:36.951,225,619,2,7,P1601,AI012,PENDING,0,0,1,0,0,0,0,0.0,0.0,0,0,0
B1211,2025-07-07 11:37:36.951,196,614,2,9,P1596,AI084,CONFIRMED,1,0,0,0,0,0,0,0.0,0.0,0,0,0
B1212,2025-07-08 11:37:36.951,199,809,1,15,P1784,6F126,PENDING,0,0,1,0,0,0,0,8421.62,0.0,1,1,1
B1213,2025-06-16 11:37:36.951,215,348,3,26,P1335,SJ061,CONFIRMED,1,0,0,0,0,0,0,0.0,0.0,0,0,0
B1214,2025-08-14 11:37:36.951,198,196,4,12,P1187,UK194,UNKNOWN,0,0,0,0,1,0,0,0.0,0.0,0,0,0
B1215,2025-08-08 11:37:36.951,214,690,2,1,P1670,AI135,CANCELLED,0,1,0,0,0,0,0,11951.15,0.0,2,2,1
B1216,2025-12-09 11:37:36.951,195,253,1,8,P1242,6F238,CONFIRMED,1,0,0,0,0,0,0,19165.81,19165.81,3,3,1
B1217,2026-03-19 11:37:36.951,192,74,1,26,P1072,6F092,CANCELLED,0,1,0,0,0,0,0,0.0,0.0,0,0,0
B1218,2025-11-13 11:37:36.951,202,495,2,23,P1478,AI213,PENDING,0,0,1,0,0,0,0,0.0,0.0,0,0,0
B1219,2026-02-15 11:37:36.951,191,1008,4,24,P1973,UK193,CANCELLED,0,1,0,0,0,0,0,0.0,0.0,0,0,0
B1220,2026-04-04 11:37:36.951,231,578,1,7,P1560,6F178,PENDING,0,0,1,0,0,0,0,11075.72,0.0,1,1,1
B1221,2026-03-06 11:37:36.951,221,102,2,13,P1100,AI158,CONFIRMED,1,0,0,0,0,0,0,18797.11,18797.11,2,2,1
B1222,2026-03-30 11:37:36.951,244,530,4,18,P1513,UK208,PENDING,0,0,1,0,0,0,0,0.0,0.0,0,0,0
B1223,2026-04-09 11:37:36.951,210,779,1,10,P1755,6F056,UNKNOWN,0,0,0,0,1,0,0,1794.08,0.0,1,1,1
B1224,2025-10-26 11:37:36.951,208,183,4,20,P1175,UK185,CONFIRMED,1,0,0,0,0,0,0,0.0,0.0,0,0,0
B1225,2026-01-13 11:37:36.951,206,248,2,25,P1237,AI163,PENDING,0,0,1,0,0,0,0,3894.65,0.0,2,1,1
B1226,2025-08-23 11:37:36.951,233,941,2,16,P1909,AI112,CONFIRMED,1,0,0,0,0,0,0,8968.11,8968.11,1,1,1
B1227,2025-10-23 11:37:36.951,236,60,2,5,P1058,AI227,CANCELLED,0,1,0,0,0,0,0,0.0,0.0,1,0,0
B1228,2026-04-17 11:37:36.951,227,893,3,26,P1864,SJ083,CONFIRMED,1,0,0,0,0,0,0,11716.58,11716.58,2,2,1
B1229,2026-02-07 11:37:36.951,240,100,4,2,P1098,UK073,CONFIRMED,1,0,0,0,0,0,0,0.0,0.0,0,0,0
B1230,2025-04-29 11:37:36.951,248,988,1,8,P1953,6F169,PENDING,0,0,1,0,0,0,0,4531.77,0.0,1,1,1
B1231,2026-04-06 11:37:36.951,239,899,4,30,P1870,UK154,CANCELLED,0,1,0,0,0,0,0,11556.42,0.0,2,2,1
B1232,2025-10-06 11:37:36.951,256,988,3,10,P1953,SJ169,CONFIRMED,1,0,0,0,0,0,0,0.0,0.0,0,0,0
B1233,2025-05-13 11:37:36.951,253,511,1,10,P1494,6F187,CANCELLED,0,1,0,0,0,0,0,1617.29,0.0,1,1,1
B1234,2025-11-21 11:37:36.951,217,981,4,18,P1946,UK210,CANCELLED,0,1,0,0,0,0,0,7984.22,0.0,1,1,1
B1235,2025-12-23 11:37:36.951,-1,1014,1,-1,P1979,6F250,PENDING,0,0,1,0,0,1,0,1236.74,0.0,2,1,1
B1236,2025-07-05 11:37:36.951,211,530,2,29,P1513,AI062,CONFIRMED,1,0,0,0,0,0,0,0.0,0.0,0,0,0
B1237,2025-11-16 11:37:36.951,216,778,2,15,P1754,AI047,UNKNOWN,0,0,0,0,1,0,0,0.0,0.0,0,0,0
B1238,2025-10-20 11:37:36.951,228,308,3,13,P1296,SJ186,UNKNOWN,0,0,0,0,1,0,0,3231.46,0.0,1,1,1
B1239,2025-11-17 11:37:36.951,230,219,2,11,P1210,AI217,CANCELLED,0,1,0,0,0,0,0,8821.9,0.0,1,1,1
B1240,2025-12-31 11:37:36.951,234,128,4,11,P1122,UK100,CONFIRMED,1,0,0,0,0,0,0,12241.53,12241.53,1,1,1
B1241,2025-12-16 11:37:36.951,255,238,4,12,P1228,UK116,CONFIRMED,1,0,0,0,0,0,0,0.0,0.0,1,0,0
B1242,2025-12-01 11:37:36.951,270,611,1,11,P1593,6F036,CANCELLED,0,1,0,0,0,0,0,0.0,0.0,0,0,0
B1243,2026-01-22 11:37:36.951,257,675,2,9,P1655,AI175,CANCELLED,0,1,0,0,0,0,0,0.0,0.0,0,0,0
B1244,2025-08-18 11:37:36.951,243,400,4,24,P1387,UK051,CONFIRMED,1,0,0,0,0,0,0,4953.56,4953.56,1,1,1
B1245,2026-04-17 11:37:36.951,271,145,1,12,P1139,6F201,UNKNOWN,0,0,0,0,1,0,0,3162.91,0.0,1,1,1
B1246,2026-04-09 11:37:36.951,247,557,1,11,P1540,6F230,CONFIRMED,1,0,0,0,0,0,0,11516.06,11516.06,1,1,1
B1247,2025-08-13 11:37:36.951,223,403,3,1,P1390,SJ138,CANCELLED,0,1,0,0,0,0,0,7658.69,0.0,1,1,1
B1248,2026-03-04 11:37:36.951,252,281,2,6,P1269,AI246,PENDING,0,0,1,0,0,0,0,0.0,0.0,0,0,0
B1249,2025-06-06 11:37:36.951,266,782,1,25,P1758,6F179,CANCELLED,0,1,0,0,0,0,0,5024.44,0.0,2,2,1
B1250,2026-01-28 11:37:36.951,274,12,1,6,P1011,6F031,CANCELLED,0,1,0,0,0,0,0,6497.92,0.0,1,1,1
B1251,2025-08-30 11:37:36.951,232,895,4,1,P1866,UK015,PENDING,0,0,1,0,0,0,0,6952.65,0.0,1,1,1
B1252,2025-04-21 11:37:36.951,229,401,4,13,P1388,UK001,CANCELLED,0,1,0,0,0,0,0,1480.08,0.0,1,1,1
B1253,2026-02-27 11:37:36.951,235,349,1,26,P1336,6F133,CANCELLED,0,1,0,0,0,0,0,16182.17,0.0,2,2,1
B1254,2025-07-22 11:37:36.951,272,522,1,13,P1505,6F143,CANCELLED,0,1,0,0,0,0,0,0.0,0.0,1,0,0
B1255,2025-09-22 11:37:36.951,275,110,4,16,P1105,UK165,CANCELLED,0,1,0,0,0,0,0,1412.67,0.0,1,1,1
B1256,2025-08-10 11:37:36.951,226,32,1,3,P1031,6F083,CANCELLED,0,1,0,0,0,0,0,2040.64,0.0,1,1,1
B1257,2025-08-19 11:37:36.951,254,75,2,18,P1073,AI082,CANCELLED,0,1,0,0,0,0,0,13028.65,0.0,1,1,1
B1258,2025-10-28 11:37:36.951,241,178,2,16,P1170,AI164,CANCELLED,0,1,0,0,0,0,0,0.0,0.0,0,0,0
B1259,2026-01-19 11:37:36.951,288,876,3,18,P1848,SJ155,CANCELLED,0,1,0,0,0,0,0,12805.67,0.0,1,1,1
B1260,2026-01-04 11:37:36.951,246,70,2,13,P1068,AI189,CANCELLED,0,1,0,0,0,0,0,16293.86,0.0,3,3,1
B1261,2025-12-21 11:37:36.951,269,840,3,7,P1812,SJ057,CONFIRMED,1,0,0,0,0,0,0,0.0,0.0,0,0,0
B1262,2025-05-07 11:37:36.951,286,374,3,12,P1361,SJ198,CONFIRMED,1,0,0,0,0,0,0,10619.2,10619.2,2,2,1
B1263,2026-01-03 11:37:36.951,276,668,1,16,P1648,6F122,CANCELLED,0,1,0,0,0,0,0,12480.9,0.0,2,2,1
B1264,2026-04-15 11:37:36.951,264,448,3,7,P1432,SJ097,CONFIRMED,1,0,0,0,0,0,0,8599.61,8599.61,2,2,1
B1265,2025-08-06 11:37:36.951,238,961,4,4,P1928,UK203,PENDING,0,0,1,0,0,0,0,0.0,0.0,0,0,0
B1266,2026-01-16 11:37:36.951,237,1034,4,23,P1995,UK093,CONFIRMED,1,0,0,0,0,0,0,14431.32,14431.32,1,1,1
B1267,2025-05-21 11:37:36.951,249,101,2,1,P1099,AI205,CANCELLED,0,1,0,0,0,0,0,16308.98,0.0,2,2,1
B1268,2026-01-16 11:37:36.951,291,677,2,11,P1657,AI102,INVALID,0,0,0,1,0,0,0,13289.27,0.0,1,1,1
B1269,2025-09-06 11:37:36.951,278,9,1,16,P1008,6F046,CONFIRMED,1,0,0,0,0,0,0,21299.7,21299.7,2,2,1
B1270,2025-06-02 11:37:36.951,260,591,3,20,P1573,SJ017,UNKNOWN,0,0,0,0,1,0,0,0.0,0.0,0,0,0
B1271,2025-10-20 11:37:36.951,267,717,1,27,P1696,6F156,PENDING,0,0,1,0,0,0,0,12211.33,0.0,1,1,1
B1272,2025-07-18 11:37:36.951,263,29,2,6,P1028,AI068,PENDING,0,0,1,0,0,0,0,30432.86,0.0,4,3,1
B1273,2025-06-05 11:37:36.951,245,923,2,8,P1892,AI150,UNKNOWN,0,0,0,0,1,0,0,9142.12,0.0,2,2,1
B1274,2025-10-15 11:37:36.951,242,119,4,11,P1113,UK008,PENDING,0,0,1,0,0,0,0,8582.34,0.0,1,1,1
B1275,2025-07-11 11:37:36.951,292,477,1,7,P1461,6F166,PENDING,0,0,1,0,0,0,0,0.0,0.0,0,0,0
B1276,2025-07-15 11:37:36.951,273,953,1,25,P1920,6F177,CONFIRMED,1,0,0,0,0,0,0,9396.07,9396.07,1,1,1
B1277,2026-01-19 11:37:36.951,262,150,2,30,P1142,AI196,PENDING,0,0,1,0,0,0,0,0.0,0.0,0,0,0
B1278,2025-08-09 11:37:36.951,259,402,3,1,P1389,SJ191,CONFIRMED,1,0,0,0,0,0,0,0.0,0.0,0,0,0
B1279,2025-05-10 11:37:36.951,290,651,1,1,P1631,6F019,UNKNOWN,0,0,0,0,1,0,0,5467.05,0.0,1,1,1
B1280,2026-04-12 11:37:36.951,282,701,2,4,P1681,AI226,CONFIRMED,1,0,0,0,0,0,0,0.0,0.0,0,0,0
B1281,2026-01-21 11:37:36.951,285,164,3,18,P1156,SJ207,CANCELLED,0,1,0,0,0,0,0,4413.8,0.0,1,1,1
B1282,2025-12-30 11:37:36.951,277,347,2,18,P1334,AI009,CANCELLED,0,1,0,0,0,0,0,0.0,0.0,0,0,0
B1283,2025-05-08 11:37:36.951,250,889,2,1,P1860,AI103,INVALID,0,0,0,1,0,0,0,8606.06,0.0,2,2,1
B1284,2026-02-22 11:37:36.951,281,271,3,8,P1259,SJ127,CANCELLED,0,1,0,0,0,0,0,12706.73,0.0,2,2,1
B1285,2026-03-26 11:37:36.951,261,83,4,26,P1081,UK188,CANCELLED,0,1,0,0,0,0,0,1207.32,0.0,1,1,1
B1286,2025-09-25 11:37:36.951,294,777,1,16,P1753,6F010,INVALID,0,0,0,1,0,0,0,0.0,0.0,0,0,0
B1287,2025-12-13 11:37:36.951,258,456,3,25,P1440,SJ098,CANCELLED,0,1,0,0,0,0,0,22303.69,0.0,2,2,1
B1288,2025-12-11 11:37:36.951,284,-1,1,7,P1944,6F058,PENDING,0,0,1,0,0,0,1,9254.89,0.0,2,2,1
B1289,2026-03-23 11:37:36.951,265,179,3,19,P1171,SJ030,PENDING,0,0,1,0,0,0,0,12016.99,0.0,2,1,1
B1290,2025-07-26 11:37:36.951,293,240,4,1,P1230,UK175,CANCELLED,0,1,0,0,0,0,0,13471.57,0.0,1,1,1
B1291,2026-04-01 11:37:36.951,287,741,3,4,P1719,SJ108,PENDING,0,0,1,0,0,0,0,4129.39,0.0,1,1,1
B1292,2025-08-03 11:37:36.951,309,76,1,7,P1074,6F075,CONFIRMED,1,0,0,0,0,0,0,22109.52,22109.52,2,2,1
B1293,2025-08-31 11:37:36.951,280,281,4,7,P1269,UK222,CONFIRMED,1,0,0,0,0,0,0,6227.3,6227.3,1,1,1
B1294,2025-07-13 11:37:36.951,-1,929,1,-1,P1898,6F250,CANCELLED,0,1,0,0,0,1,0,0.0,0.0,0,0,0
B1295,2025-12-29 11:37:36.951,317,644,2,13,P1625,AI096,CANCELLED,0,1,0,0,0,0,0,0.0,0.0,0,0,0
B1296,2025-12-23 11:37:36.951,283,63,2,7,P1061,AI216,CANCELLED,0,1,0,0,0,0,0,0.0,0.0,0,0,0
B1297,2026-01-23 11:37:36.951,289,902,1,10,P1873,6F193,PENDING,0,0,1,0,0,0,0,0.0,0.0,0,0,0
B1298,2026-01-02 11:37:36.951,303,331,3,13,P1319,SJ194,PENDING,0,0,1,0,0,0,0,0.0,0.0,0,0,0
B1299,2025-09-11 11:37:36.951,310,103,3,1,P1101,SJ020,CONFIRMED,1,0,0,0,0,0,0,8842.93,8842.93,1,1,1
B1300,2025-06-14 11:37:36.951,299,444,1,24,P1428,6F070,PENDING,0,0,1,0,0,0,0,0.0,0.0,0,0,0
B1301,2025-09-03 11:37:36.951,279,902,2,26,P1873,AI051,CONFIRMED,1,0,0,0,0,0,0,14671.03,14671.03,1,1,1
B1302,2025-12-27 11:37:36.951,313,743,4,9,P1721,UK219,PENDING,0,0,1,0,0,0,0,24221.91,0.0,3,3,1
B1303,2025-12-13 11:37:36.951,304,988,2,4,P1953,AI235,CONFIRMED,1,0,0,0,0,0,0,19672.95,19672.95,2,2,1
B1304,2025-12-13 11:37:36.951,318,266,1,26,P1254,6F022,INVALID,0,0,0,1,0,0,0,0.0,0.0,0,0,0
B1305,2025-09-28 11:37:36.951,306,548,3,24,P1531,SJ114,PENDING,0,0,1,0,0,0,0,13844.39,0.0,1,1,1
B1306,2025-12-01 11:37:36.951,301,587,3,20,P1569,SJ076,CONFIRMED,1,0,0,0,0,0,0,9753.04,9753.04,1,1,1
B1307,2026-01-26 11:37:36.951,315,117,4,9,P1111,UK227,PENDING,0,0,1,0,0,0,0,26271.33,0.0,2,2,1
B1308,2025-07-22 11:37:36.951,296,1020,4,24,P1984,UK135,CANCELLED,0,1,0,0,0,0,0,21710.67,0.0,2,2,1
B1309,2025-05-06 11:37:36.951,295,324,2,10,P1312,AI234,CONFIRMED,1,0,0,0,0,0,0,0.0,0.0,0,0,0
B1310,2025-08-20 11:37:36.951,324,1036,1,7,P1997,6F113,PENDING,0,0,1,0,0,0,0,7370.22,0.0,1,1,1
B1311,2025-11-16 11:37:36.951,330,476,3,18,P1460,SJ206,PENDING,0,0,1,0,0,0,0,0.0,0.0,0,0,0
B1312,2026-03-29 11:37:36.951,300,728,2,2,P1707,AI015,UNKNOWN,0,0,0,0,1,0,0,0.0,0.0,0,0,0
B1313,2025-05-16 11:37:36.951,316,916,1,13,P1886,6F260,CANCELLED,0,1,0,0,0,0,0,0.0,0.0,0,0,0
B1314,2025-04-28 11:37:36.951,298,477,2,7,P1461,AI061,CONFIRMED,1,0,0,0,0,0,0,7529.51,7529.51,2,1,1
B1315,2026-03-26 11:37:36.951,319,893,1,25,P1864,6F237,PENDING,0,0,1,0,0,0,0,0.0,0.0,0,0,0
B1316,2026-01-06 11:37:36.951,311,93,3,26,P1091,SJ099,PENDING,0,0,1,0,0,0,0,11302.63,0.0,1,1,1
B1317,2026-02-24 11:37:36.951,307,53,3,21,P1051,SJ146,CANCELLED,0,1,0,0,0,0,0,33282.71,0.0,3,3,1
B1318,2025-05-23 11:37:36.951,307,829,3,21,P1804,SJ146,CANCELLED,0,1,0,0,0,0,0,4594.77,0.0,1,1,1
B1319,2025-05-04 11:37:36.951,336,536,1,18,P1519,6F071,CONFIRMED,1,0,0,0,0,0,0,5359.26,5359.26,1,1,1
B1320,2025-08-13 11:37:36.951,297,-1,1,25,P1811,6F272,PENDING,0,0,1,0,0,0,1,22159.09,0.0,2,2,1
B1321,2026-02-12 11:37:36.951,302,99,3,24,P1097,SJ029,PENDING,0,0,1,0,0,0,0,0.0,0.0,0,0,0
B1322,2025-07-27 11:37:36.951,329,245,4,29,P1235,UK084,CONFIRMED,1,0,0,0,0,0,0,0.0,0.0,0,0,0
B1323,2026-02-06 11:37:36.951,305,931,3,26,P1900,SJ048,CONFIRMED,1,0,0,0,0,0,0,0.0,0.0,0,0,0
B1324,2026-02-04 11:37:36.951,322,386,2,2,P1373,AI108,CANCELLED,0,1,0,0,0,0,0,7543.0,0.0,2,1,1
B1325,2025-08-11 11:37:36.951,343,598,3,7,P1580,SJ134,CANCELLED,0,1,0,0,0,0,0,4503.45,0.0,1,1,1
B1326,2025-10-31 11:37:36.951,320,959,4,10,P1926,UK146,CONFIRMED,1,0,0,0,0,0,0,0.0,0.0,0,0,0
B1327,2025-09-24 11:37:36.951,332,574,3,19,P1556,SJ036,CONFIRMED,1,0,0,0,0,0,0,13822.99,13822.99,1,1,1
B1328,2025-11-01 11:37:36.951,335,668,1,21,P1648,6F202,PENDING,0,0,1,0,0,0,0,0.0,0.0,0,0,0
B1329,2026-02-13 11:37:36.951,308,243,4,25,P1233,UK041,CONFIRMED,1,0,0,0,0,0,0,6401.38,6401.38,1,1,1
B1330,2025-12-06 11:37:36.951,312,32,1,7,P1031,6F078,CONFIRMED,1,0,0,0,0,0,0,0.0,0.0,0,0,0
B1331,2025-07-03 11:37:36.951,353,300,2,25,P1288,AI097,PENDING,0,0,1,0,0,0,0,7131.5,0.0,1,1,1
B1332,2026-01-15 11:37:36.951,328,657,4,11,P1637,UK159,CONFIRMED,1,0,0,0,0,0,0,4183.32,4183.32,1,1,1
B1333,2025-09-06 11:37:36.951,331,596,4,1,P1578,UK044,CANCELLED,0,1,0,0,0,0,0,4610.9,0.0,2,2,1
B1334,2025-09-27 11:37:36.951,333,558,1,13,P1541,6F176,CANCELLED,0,1,0,0,0,0,0,0.0,0.0,0,0,0
B1335,2026-02-11 11:37:36.951,360,119,3,30,P1113,SJ221,PENDING,0,0,1,0,0,0,0,0.0,0.0,0,0,0
B1336,2025-07-03 11:37:36.951,325,212,1,24,P1203,6F112,CONFIRMED,1,0,0,0,0,0,0,0.0,0.0,0,0,0
B1337,2025-10-20 11:37:36.951,326,29,1,24,P1028,6F246,INVALID,0,0,0,1,0,0,0,0.0,0.0,0,0,0
B1338,2026-02-21 11:37:36.951,346,662,1,20,P1642,6F014,CANCELLED,0,1,0,0,0,0,0,0.0,0.0,0,0,0
B1339,2025-09-17 11:37:36.951,342,490,2,7,P1473,AI237,CANCELLED,0,1,0,0,0,0,0,0.0,0.0,0,0,0
B1340,2025-12-14 11:37:36.951,340,717,1,22,P1696,6F003,CANCELLED,0,1,0,0,0,0,0,0.0,0.0,0,0,0
B1341,2025-07-04 11:37:36.951,341,-1,1,22,P1252,6F249,CONFIRMED,1,0,0,0,0,0,1,9263.24,9263.24,2,1,1
B1342,2025-04-29 11:37:36.951,365,822,4,29,P1797,UK149,CONFIRMED,1,0,0,0,0,0,0,19003.28,19003.28,3,2,1
B1343,2026-03-08 11:37:36.951,358,935,3,19,P1904,SJ163,CONFIRMED,1,0,0,0,0,0,0,0.0,0.0,0,0,0
B1344,2026-03-28 11:37:36.951,367,954,3,3,P1921,SJ243,CONFIRMED,1,0,0,0,0,0,0,0.0,0.0,0,0,0
B1345,2025-06-06 11:37:36.951,357,398,4,13,P1385,UK113,CANCELLED,0,1,0,0,0,0,0,0.0,0.0,0,0,0
B1346,2025-06-07 11:37:36.951,344,63,2,10,P1061,AI071,PENDING,0,0,1,0,0,0,0,0.0,0.0,0,0,0
B1347,2026-02-07 11:37:36.951,348,531,1,25,P1514,6F271,PENDING,0,0,1,0,0,0,0,12000.54,0.0,1,1,1
B1348,2025-06-05 11:37:36.951,321,445,3,7,P1429,SJ015,CANCELLED,0,1,0,0,0,0,0,0.0,0.0,0,0,0
B1349,2025-11-19 11:37:36.951,355,597,4,4,P1579,UK047,CANCELLED,0,1,0,0,0,0,0,11101.75,0.0,1,1,1
B1350,2026-02-04 11:37:36.951,323,553,4,26,P1536,UK020,PENDING,0,0,1,0,0,0,0,30051.37,0.0,3,3,1
B1351,2025-09-03 11:37:36.951,363,710,2,7,P1690,AI122,PENDING,0,0,1,0,0,0,0,14687.44,0.0,1,1,1
B1352,2025-10-20 11:37:36.951,314,-1,4,13,P1140,UK223,CANCELLED,0,1,0,0,0,0,1,12219.85,0.0,2,2,1
B1353,2025-09-19 11:37:36.951,334,766,1,12,P1742,6F148,CANCELLED,0,1,0,0,0,0,0,0.0,0.0,0,0,0
B1354,2025-12-14 11:37:36.951,339,311,3,19,P1299,SJ162,CONFIRMED,1,0,0,0,0,0,0,10023.88,10023.88,1,1,1
B1355,2026-03-30 11:37:36.951,362,694,1,22,P1674,6F127,CONFIRMED,1,0,0,0,0,0,0,14298.51,14298.51,2,2,1
B1356,2025-11-10 11:37:36.951,371,322,2,24,P1310,AI173,PENDING,0,0,1,0,0,0,0,0.0,0.0,0,0,0
B1357,2026-02-05 11:37:36.951,347,487,1,26,P1470,6F065,UNKNOWN,0,0,0,0,1,0,0,6983.72,0.0,1,1,1
B1358,2025-06-22 11:37:36.951,368,405,2,13,P1392,AI053,PENDING,0,0,1,0,0,0,0,0.0,0.0,0,0,0
B1359,2025-10-22 11:37:36.951,338,661,2,21,P1641,AI241,CONFIRMED,1,0,0,0,0,0,0,21566.81,21566.81,4,3,1
B1360,2025-06-15 11:37:36.951,337,460,2,13,P1444,AI105,UNKNOWN,0,0,0,0,1,0,0,0.0,0.0,0,0,0
B1361,2025-08-24 11:37:36.951,378,781,2,7,P1757,AI110,PENDING,0,0,1,0,0,0,0,5339.72,0.0,1,1,1
B1362,2025-10-22 11:37:36.951,373,834,2,24,P1808,AI252,CONFIRMED,1,0,0,0,0,0,0,0.0,0.0,0,0,0
B1363,2025-12-14 11:37:36.951,366,179,2,9,P1171,AI149,CANCELLED,0,1,0,0,0,0,0,8554.62,0.0,1,1,1
B1364,2025-09-09 11:37:36.951,383,593,2,19,P1575,AI224,PENDING,0,0,1,0,0,0,0,14123.66,0.0,3,3,1
B1365,2025-07-03 11:37:36.951,327,31,4,10,P1030,UK158,CANCELLED,0,1,0,0,0,0,0,0.0,0.0,0,0,0
B1366,2025-05-05 11:37:36.951,376,48,1,7,P1046,6F125,CANCELLED,0,1,0,0,0,0,0,0.0,0.0,0,0,0
B1367,2025-12-14 11:37:36.951,385,135,4,9,P1129,UK164,CONFIRMED,1,0,0,0,0,0,0,2379.52,2379.52,2,1,1
B1368,2025-12-26 11:37:36.951,351,364,4,19,P1351,UK007,CANCELLED,0,1,0,0,0,0,0,21921.94,0.0,3,3,1
B1369,2026-03-18 11:37:36.951,345,1012,1,14,P1977,6F118,PENDING,0,0,1,0,0,0,0,18103.68,0.0,3,2,1
B1370,2026-01-01 11:37:36.951,370,872,3,29,P1844,SJ004,CANCELLED,0,1,0,0,0,0,0,16512.64,0.0,2,2,1
B1371,2025-09-25 11:37:36.951,387,640,1,17,P1621,6F206,CANCELLED,0,1,0,0,0,0,0,0.0,0.0,0,0,0
B1372,2025-05-11 11:37:36.951,382,598,3,8,P1580,SJ130,CANCELLED,0,1,0,0,0,0,0,10597.22,0.0,2,2,1
B1373,2026-02-14 11:37:36.951,349,59,3,28,P1057,SJ070,CANCELLED,0,1,0,0,0,0,0,6540.32,0.0,1,1,1
B1374,2025-04-24 11:37:36.951,397,110,2,19,P1105,AI085,CANCELLED,0,1,0,0,0,0,0,0.0,0.0,0,0,0
B1375,2025-09-02 11:37:36.951,374,-1,3,8,P1811,SJ109,CONFIRMED,1,0,0,0,0,0,1,19214.79,19214.79,2,2,1
B1376,2025-08-24 11:37:36.951,395,341,2,18,P1329,AI168,PENDING,0,0,1,0,0,0,0,19918.21,0.0,3,2,1
B1377,2025-10-24 11:37:36.951,375,791,4,8,P1767,UK123,CONFIRMED,1,0,0,0,0,0,0,0.0,0.0,0,0,0
B1378,2026-01-16 11:37:36.951,401,851,4,24,P1823,UK110,PENDING,0,0,1,0,0,0,0,14416.01,0.0,2,2,1
B1379,2025-11-02 11:37:36.951,389,702,2,15,P1682,AI206,PENDING,0,0,1,0,0,0,0,0.0,0.0,0,0,0
B1380,2026-04-16 11:37:36.951,350,395,1,25,P1382,6F007,PENDING,0,0,1,0,0,0,0,14705.02,0.0,1,1,1
B1381,2025-11-11 11:37:36.951,402,1020,3,20,P1984,SJ013,PENDING,0,0,1,0,0,0,0,7452.89,0.0,1,1,1
B1382,2025-09-19 11:37:36.951,369,169,4,1,P1161,UK061,PENDING,0,0,1,0,0,0,0,14862.46,0.0,1,1,1
B1383,2025-09-24 11:37:36.951,410,1035,2,9,P1996,AI010,CANCELLED,0,1,0,0,0,0,0,0.0,0.0,0,0,0
B1384,2025-05-16 11:37:36.951,356,297,2,27,P1285,AI024,CONFIRMED,1,0,0,0,0,0,0,5107.55,5107.55,1,1,1
B1385,2025-06-08 11:37:36.951,399,72,4,26,P1070,UK130,CONFIRMED,1,0,0,0,0,0,0,0.0,0.0,0,0,0
B1386,2026-03-12 11:37:36.951,386,790,2,12,P1766,AI161,CANCELLED,0,1,0,0,0,0,0,0.0,0.0,0,0,0
B1387,2025-07-23 11:37:36.951,359,469,3,19,P1453,SJ208,PENDING,0,0,1,0,0,0,0,0.0,0.0,0,0,0
B1388,2025-09-23 11:37:36.951,400,915,1,25,P1885,6F038,INVALID,0,0,0,1,0,0,0,22550.01,0.0,2,2,1
B1389,2026-02-22 11:37:36.951,372,584,1,25,P1566,6F085,UNKNOWN,0,0,0,0,1,0,0,0.0,0.0,1,0,0
B1390,2026-03-09 11:37:36.951,407,862,3,12,P1834,SJ028,CANCELLED,0,1,0,0,0,0,0,0.0,0.0,0,0,0
B1391,2025-11-26 11:37:36.951,361,409,3,25,P1396,SJ084,CONFIRMED,1,0,0,0,0,0,0,35468.95,35468.95,3,3,1
B1392,2026-03-27 11:37:36.951,364,531,2,25,P1514,AI139,CONFIRMED,1,0,0,0,0,0,0,0.0,0.0,0,0,0
B1393,2026-04-06 11:37:36.951,419,26,4,19,P1025,UK179,PENDING,0,0,1,0,0,0,0,5252.26,0.0,1,1,1
B1394,2025-07-23 11:37:36.951,354,324,1,7,P1312,6F256,PENDING,0,0,1,0,0,0,0,0.0,0.0,0,0,0
B1395,2026-02-10 11:37:36.951,421,131,4,20,P1125,UK023,INVALID,0,0,0,1,0,0,0,10317.13,0.0,1,1,1
B1396,2025-08-03 11:37:36.951,403,420,2,26,P1407,AI039,UNKNOWN,0,0,0,0,1,0,0,16199.13,0.0,2,2,1
B1397,2026-02-05 11:37:36.951,396,582,4,16,P1564,UK190,CANCELLED,0,1,0,0,0,0,0,3065.33,0.0,1,1,1
B1398,2026-02-04 11:37:36.951,381,206,1,20,P1197,6F224,PENDING,0,0,1,0,0,0,0,7148.95,0.0,1,1,1
B1399,2025-05-31 11:37:36.951,420,836,4,13,P1810,UK221,PENDING,0,0,1,0,0,0,0,0.0,0.0,0,0,0
B1400,2026-04-02 11:37:36.951,422,196,3,10,P1187,SJ107,CANCELLED,0,1,0,0,0,0,0,3063.78,0.0,1,1,1
B1401,2025-04-20 11:37:36.951,417,718,4,30,P1697,UK155,UNKNOWN,0,0,0,0,1,0,0,20849.53,0.0,3,3,1
B1402,2026-03-21 11:37:36.951,377,844,4,2,P1816,UK183,CANCELLED,0,1,0,0,0,0,0,16058.67,0.0,2,2,1
B1403,2025-05-08 11:37:36.951,392,835,3,19,P1809,SJ203,PENDING,0,0,1,0,0,0,0,0.0,0.0,0,0,0
B1404,2026-03-07 11:37:36.951,391,737,1,26,P1715,6F253,INVALID,0,0,0,1,0,0,0,7473.06,0.0,1,1,1
B1405,2025-08-26 11:37:36.951,415,500,2,12,P1483,AI100,PENDING,0,0,1,0,0,0,0,0.0,0.0,0,0,0
B1406,2025-06-24 11:37:36.951,390,465,1,14,P1449,6F140,CONFIRMED,1,0,0,0,0,0,0,21722.62,21722.62,2,2,1
B1407,2025-08-26 11:37:36.951,428,539,4,29,P1522,UK048,CONFIRMED,1,0,0,0,0,0,0,0.0,0.0,0,0,0
B1408,2025-07-29 11:37:36.951,388,899,3,13,P1870,SJ204,CONFIRMED,1,0,0,0,0,0,0,7805.42,7805.42,2,2,1
B1409,2026-03-24 11:37:36.951,379,366,4,14,P1353,UK105,CONFIRMED,1,0,0,0,0,0,0,1095.0,1095.0,1,1,1
B1410,2026-04-13 11:37:36.951,394,-1,2,25,P1985,AI098,CONFIRMED,1,0,0,0,0,0,1,0.0,0.0,0,0,0
B1411,2025-10-12 11:37:36.951,433,677,1,7,P1657,6F013,CANCELLED,0,1,0,0,0,0,0,13409.03,0.0,2,2,1
B1412,2025-11-18 11:37:36.951,380,614,1,24,P1596,6F128,CANCELLED,0,1,0,0,0,0,0,10616.41,0.0,1,1,1
B1413,2025-10-05 11:37:36.951,412,101,3,3,P1099,SJ038,UNKNOWN,0,0,0,0,1,0,0,0.0,0.0,0,0,0
B1414,2026-01-07 11:37:36.951,384,-1,3,12,P1615,SJ182,CONFIRMED,1,0,0,0,0,0,1,6182.07,6182.07,1,1,1
B1415,2026-03-22 11:37:36.951,405,982,1,20,P1947,6F199,PENDING,0,0,1,0,0,0,0,0.0,0.0,0,0,0
B1416,2025-08-17 11:37:36.951,424,575,3,26,P1557,SJ187,CANCELLED,0,1,0,0,0,0,0,0.0,0.0,0,0,0
B1417,2025-08-18 11:37:36.951,444,573,2,24,P1555,AI182,PENDING,0,0,1,0,0,0,0,7252.05,0.0,2,2,1
B1418,2025-05-04 11:37:36.951,440,289,3,10,P1277,SJ027,PENDING,0,0,1,0,0,0,0,12326.46,0.0,1,1,1
B1419,2026-01-20 11:37:36.951,427,712,3,4,P1692,SJ062,CONFIRMED,1,0,0,0,0,0,0,4937.75,4937.75,2,2,1
B1420,2026-02-24 11:37:36.951,393,719,3,26,P1698,SJ161,CONFIRMED,1,0,0,0,0,0,0,7161.79,7161.79,1,1,1
B1421,2025-10-03 11:37:36.951,425,1026,4,27,P1989,UK058,UNKNOWN,0,0,0,0,1,0,0,0.0,0.0,0,0,0
B1422,2026-01-04 11:37:36.951,429,644,2,30,P1625,AI181,CANCELLED,0,1,0,0,0,0,0,4826.6,0.0,1,1,1
B1423,2025-06-12 11:37:36.951,430,507,2,4,P1490,AI003,CONFIRMED,1,0,0,0,0,0,0,0.0,0.0,0,0,0
B1424,2025-11-05 11:37:36.951,437,266,1,25,P1254,6F150,CANCELLED,0,1,0,0,0,0,0,0.0,0.0,0,0,0
B1425,2025-06-28 11:37:36.951,443,393,3,26,P1380,SJ175,CANCELLED,0,1,0,0,0,0,0,0.0,0.0,0,0,0
B1426,2025-12-15 11:37:36.951,431,922,1,27,P1891,6F041,CANCELLED,0,1,0,0,0,0,0,0.0,0.0,1,0,0
B1427,2026-04-15 11:37:36.951,434,558,3,7,P1541,SJ040,CANCELLED,0,1,0,0,0,0,0,0.0,0.0,0,0,0
B1428,2025-06-17 11:37:36.951,411,275,1,9,P1263,6F020,CONFIRMED,1,0,0,0,0,0,0,0.0,0.0,0,0,0
B1429,2025-05-08 11:37:36.951,404,627,2,13,P1609,AI248,CANCELLED,0,1,0,0,0,0,0,16937.88,0.0,2,2,1
B1430,2026-02-08 11:37:36.951,435,852,3,23,P1824,SJ016,CONFIRMED,1,0,0,0,0,0,0,0.0,0.0,0,0,0
B1431,2025-11-21 11:37:36.951,413,908,4,3,P1878,UK204,CONFIRMED,1,0,0,0,0,0,0,22261.95,22261.95,2,2,1
B1432,2025-09-02 11:37:36.951,454,340,1,26,P1328,6F211,CANCELLED,0,1,0,0,0,0,0,0.0,0.0,0,0,0
B1433,2025-05-07 11:37:36.951,439,120,3,14,P1114,SJ166,CONFIRMED,1,0,0,0,0,0,0,15968.93,15968.93,2,2,1
B1434,2025-10-19 11:37:36.951,414,287,2,7,P1275,AI036,PENDING,0,0,1,0,0,0,0,5989.29,0.0,2,2,1
B1435,2025-09-18 11:37:36.951,416,504,3,13,P1487,SJ215,CONFIRMED,1,0,0,0,0,0,0,8589.93,8589.93,1,1,1
B1436,2026-01-05 11:37:36.951,398,292,2,1,P1280,AI076,CONFIRMED,1,0,0,0,0,0,0,0.0,0.0,0,0,0
B1437,2025-11-28 11:37:36.951,408,286,3,21,P1274,SJ012,CANCELLED,0,1,0,0,0,0,0,0.0,0.0,0,0,0
B1438,2026-04-01 11:37:36.951,423,796,2,6,P1772,AI073,UNKNOWN,0,0,0,0,1,0,0,7670.85,0.0,1,1,1
B1439,2025-11-09 11:37:36.951,418,870,3,14,P1842,SJ173,CONFIRMED,1,0,0,0,0,0,0,7292.76,7292.76,1,1,1
B1440,2026-03-09 11:37:36.951,452,740,2,30,P1718,AI193,CANCELLED,0,1,0,0,0,0,0,0.0,0.0,0,0,0
B1441,2025-09-22 11:37:36.951,409,926,3,30,P1895,SJ131,INVALID,0,0,0,1,0,0,0,0.0,0.0,0,0,0
B1442,2025-06-02 11:37:36.951,406,339,2,6,P1327,AI225,PENDING,0,0,1,0,0,0,0,11779.89,0.0,1,1,1
B1443,2025-10-09 11:37:36.951,445,219,2,7,P1210,AI190,CANCELLED,0,1,0,0,0,0,0,0.0,0.0,1,0,0
B1444,2025-12-25 11:37:36.951,451,748,3,26,P1726,SJ238,CONFIRMED,1,0,0,0,0,0,0,0.0,0.0,0,0,0
B1445,2025-12-21 11:37:36.951,461,955,1,10,P1922,6F005,PENDING,0,0,1,0,0,0,0,9862.4,0.0,1,1,1
B1446,2025-09-25 11:37:36.951,450,569,4,23,P1551,UK136,PENDING,0,0,1,0,0,0,0,7709.96,0.0,3,2,1
B1447,2025-05-21 11:37:36.951,426,-1,3,27,P1991,SJ063,CONFIRMED,1,0,0,0,0,0,1,18438.66,18438.66,2,2,1
B1448,2025-11-21 11:37:36.951,432,26,1,28,P1025,6F175,CANCELLED,0,1,0,0,0,0,0,0.0,0.0,0,0,0
B1449,2025-05-23 11:37:36.951,458,27,2,6,P1026,AI037,PENDING,0,0,1,0,0,0,0,0.0,0.0,0,0,0
B1450,2025-11-11 11:37:36.951,442,722,4,26,P1701,UK225,CONFIRMED,1,0,0,0,0,0,0,0.0,0.0,0,0,0
B1451,2025-05-20 11:37:36.951,469,84,2,3,P1082,AI141,CONFIRMED,1,0,0,0,0,0,0,10311.86,10311.86,1,1,1
B1452,2026-01-26 11:37:36.951,472,926,1,6,P1895,6F172,PENDING,0,0,1,0,0,0,0,0.0,0.0,0,0,0
B1453,2026-02-07 11:37:36.951,464,980,1,29,P1945,6F219,CANCELLED,0,1,0,0,0,0,0,5268.18,0.0,2,2,1
B1454,2025-08-16 11:37:36.951,449,701,2,25,P1681,AI045,PENDING,0,0,1,0,0,0,0,0.0,0.0,0,0,0
B1455,2026-04-12 11:37:36.951,462,427,2,15,P1412,AI198,CONFIRMED,1,0,0,0,0,0,0,27634.5,27634.5,2,2,1
B1456,2025-04-24 11:37:36.951,446,174,2,28,P1166,AI120,PENDING,0,0,1,0,0,0,0,0.0,0.0,0,0,0
B1457,2025-06-11 11:37:36.951,441,720,1,5,P1699,6F134,CANCELLED,0,1,0,0,0,0,0,5769.17,0.0,1,1,1
B1458,2025-11-19 11:37:36.951,448,176,4,23,P1168,UK102,CONFIRMED,1,0,0,0,0,0,0,8073.17,8073.17,1,1,1
B1459,2025-06-10 11:37:36.951,455,825,3,22,P1800,SJ199,CANCELLED,0,1,0,0,0,0,0,19085.7,0.0,3,3,1
B1460,2025-10-01 11:37:36.951,459,1013,1,25,P1978,6F235,PENDING,0,0,1,0,0,0,0,0.0,0.0,0,0,0
B1461,2025-10-14 11:37:36.951,475,238,4,7,P1228,UK065,PENDING,0,0,1,0,0,0,0,30261.46,0.0,3,3,1
B1462,2025-12-03 11:37:36.951,436,1013,1,30,P1978,6F135,CANCELLED,0,1,0,0,0,0,0,6497.79,0.0,1,1,1
B1463,2026-02-10 11:37:36.951,474,626,3,16,P1608,SJ148,PENDING,0,0,1,0,0,0,0,6844.58,0.0,2,2,1
B1464,2026-03-07 11:37:36.951,438,379,2,17,P1366,AI083,CANCELLED,0,1,0,0,0,0,0,4535.96,0.0,1,1,1
B1465,2025-07-02 11:37:36.951,490,544,4,26,P1527,UK024,PENDING,0,0,1,0,0,0,0,0.0,0.0,0,0,0
B1466,2025-04-27 11:37:36.951,473,815,4,1,P1790,UK220,CANCELLED,0,1,0,0,0,0,0,0.0,0.0,0,0,0
B1467,2025-04-30 11:37:36.951,457,666,4,1,P1646,UK115,CANCELLED,0,1,0,0,0,0,0,13307.54,0.0,1,1,1
B1468,2025-07-16 11:37:36.951,486,554,2,28,P1537,AI255,CONFIRMED,1,0,0,0,0,0,0,25336.54,25336.54,2,2,1
B1469,2025-12-25 11:37:36.951,453,892,1,22,P1863,6F001,CONFIRMED,1,0,0,0,0,0,0,0.0,0.0,0,0,0
B1470,2025-05-27 11:37:36.951,447,540,1,27,P1523,6F132,CANCELLED,0,1,0,0,0,0,0,0.0,0.0,0,0,0
B1471,2026-03-28 11:37:36.951,463,73,4,30,P1071,UK184,PENDING,0,0,1,0,0,0,0,0.0,0.0,0,0,0
B1472,2025-06-06 11:37:36.951,468,664,1,5,P1644,6F098,PENDING,0,0,1,0,0,0,0,0.0,0.0,0,0,0
B1473,2025-07-19 11:37:36.951,493,110,3,12,P1105,SJ168,PENDING,0,0,1,0,0,0,0,0.0,0.0,0,0,0
B1474,2025-07-28 11:37:36.951,471,755,3,9,P1731,SJ178,CANCELLED,0,1,0,0,0,0,0,32760.32,0.0,3,3,1
B1475,2026-03-07 11:37:36.951,460,914,4,26,P1884,UK111,CANCELLED,0,1,0,0,0,0,0,21399.98,0.0,3,3,1
B1476,2026-02-27 11:37:36.951,489,999,3,6,P1964,SJ051,CANCELLED,0,1,0,0,0,0,0,0.0,0.0,0,0,0
B1477,2025-07-06 11:37:36.951,477,708,3,13,P1688,SJ193,CANCELLED,0,1,0,0,0,0,0,17403.75,0.0,3,3,1
B1478,2026-02-24 11:37:36.951,488,293,3,27,P1281,SJ039,CONFIRMED,1,0,0,0,0,0,0,2928.68,2928.68,1,1,1
B1479,2025-12-17 11:37:36.951,465,138,4,7,P1132,UK066,CANCELLED,0,1,0,0,0,0,0,16478.5,0.0,2,2,1
B1480,2026-03-14 11:37:36.951,456,550,3,23,P1533,SJ050,PENDING,0,0,1,0,0,0,0,3112.82,0.0,1,1,1
B1481,2025-06-11 11:37:36.951,481,1009,1,7,P1974,6F052,CONFIRMED,1,0,0,0,0,0,0,0.0,0.0,0,0,0
B1482,2025-08-29 11:37:36.951,470,280,3,1,P1268,SJ170,PENDING,0,0,1,0,0,0,0,17749.28,0.0,2,2,1
B1483,2025-06-09 11:37:36.951,484,426,3,7,P1411,SJ119,UNKNOWN,0,0,0,0,1,0,0,10562.26,0.0,1,1,1
B1484,2025-05-07 11:37:36.951,479,692,2,3,P1672,AI219,CONFIRMED,1,0,0,0,0,0,0,0.0,0.0,0,0,0
B1485,2025-07-05 11:37:36.951,466,637,1,22,P1618,6F220,CANCELLED,0,1,0,0,0,0,0,0.0,0.0,0,0,0
B1486,2025-05-04 11:37:36.951,492,815,2,10,P1790,AI207,CONFIRMED,1,0,0,0,0,0,0,20297.6,20297.6,3,3,1
B1487,2026-01-26 11:37:36.951,496,893,1,8,P1864,6F024,PENDING,0,0,1,0,0,0,0,0.0,0.0,0,0,0
B1488,2025-05-04 11:37:36.951,480,770,3,11,P1746,SJ073,CANCELLED,0,1,0,0,0,0,0,22623.03,0.0,2,2,1
B1489,2025-07-08 11:37:36.951,482,18,3,3,P1017,SJ201,CANCELLED,0,1,0,0,0,0,0,0.0,0.0,0,0,0
B1490,2026-03-10 11:37:36.951,467,777,2,7,P1753,AI180,CONFIRMED,1,0,0,0,0,0,0,1217.88,1217.88,2,1,1
B1491,2025-07-16 11:37:36.951,507,122,4,19,P1116,UK022,CONFIRMED,1,0,0,0,0,0,0,6534.99,6534.99,1,1,1
B1492,2026-03-27 11:37:36.951,487,822,2,21,P1797,AI202,CANCELLED,0,1,0,0,0,0,0,0.0,0.0,0,0,0
B1493,2025-06-01 11:37:36.952,509,818,1,2,P1793,6F212,CONFIRMED,1,0,0,0,0,0,0,0.0,0.0,0,0,0
B1494,2025-06-09 11:37:36.952,504,151,1,27,P1143,6F163,CANCELLED,0,1,0,0,0,0,0,0.0,0.0,0,0,0
B1495,2025-10-15 11:37:36.952,483,738,4,25,P1716,UK028,CONFIRMED,1,0,0,0,0,0,0,17491.12,17491.12,2,2,1
B1496,2026-03-21 11:37:36.952,476,568,1,9,P1550,6F243,PENDING,0,0,1,0,0,0,0,2901.65,0.0,1,1,1
B1497,2025-09-02 11:37:36.952,485,961,2,18,P1928,AI165,CONFIRMED,1,0,0,0,0,0,0,0.0,0.0,0,0,0
B1498,2025-07-18 11:37:36.952,508,685,4,10,P1665,UK099,PENDING,0,0,1,0,0,0,0,0.0,0.0,0,0,0
B1499,2025-06-17 11:37:36.952,521,707,2,28,P1687,AI033,INVALID,0,0,0,1,0,0,0,0.0,0.0,0,0,0
B1500,2025-04-30 11:37:36.952,478,995,4,25,P1960,UK056,CONFIRMED,1,0,0,0,0,0,0,1303.07,1303.07,1,1,1
B1501,2025-09-04 11:37:36.952,522,776,3,12,P1752,SJ122,CANCELLED,0,1,0,0,0,0,0,27890.44,0.0,3,2,1
B1502,2025-10-15 11:37:36.952,502,437,2,14,P1421,AI086,CONFIRMED,1,0,0,0,0,0,0,17966.76,17966.76,2,2,1
B1503,2025-10-17 11:37:36.952,527,928,3,10,P1897,SJ011,CONFIRMED,1,0,0,0,0,0,0,0.0,0.0,0,0,0
B1504,2025-04-21 11:37:36.952,514,381,3,21,P1368,SJ021,PENDING,0,0,1,0,0,0,0,32259.76,0.0,3,3,1
B1505,2025-11-29 11:37:36.952,501,665,3,13,P1645,SJ106,CONFIRMED,1,0,0,0,0,0,0,7472.98,7472.98,1,1,1
B1506,2026-01-29 11:37:36.952,524,575,3,15,P1557,SJ026,CANCELLED,0,1,0,0,0,0,0,0.0,0.0,0,0,0
B1507,2025-11-27 11:37:36.952,511,51,3,8,P1049,SJ245,PENDING,0,0,1,0,0,0,0,4865.21,0.0,1,1,1
B1508,2025-07-31 11:37:36.952,510,697,2,21,P1677,AI023,UNKNOWN,0,0,0,0,1,0,0,14679.26,0.0,3,3,1
B1509,2025-09-25 11:37:36.952,498,110,2,26,P1105,AI032,CANCELLED,0,1,0,0,0,0,0,0.0,0.0,0,0,0
B1510,2025-05-11 11:37:36.952,531,224,2,17,P1215,AI236,CANCELLED,0,1,0,0,0,0,0,3179.45,0.0,1,1,1
B1511,2025-12-24 11:37:36.952,495,677,1,1,P1657,6F094,CANCELLED,0,1,0,0,0,0,0,12346.57,0.0,1,1,1
B1512,2025-12-21 11:37:36.952,499,955,4,19,P1922,UK163,PENDING,0,0,1,0,0,0,0,5747.83,0.0,1,1,1
B1513,2025-06-30 11:37:36.952,499,440,4,19,P1424,UK163,CONFIRMED,1,0,0,0,0,0,0,22716.67,22716.67,2,2,1
B1514,2025-05-07 11:37:36.952,540,73,3,20,P1071,SJ045,CANCELLED,0,1,0,0,0,0,0,0.0,0.0,1,0,0
B1515,2025-07-06 11:37:36.952,491,1024,3,21,P1987,SJ006,PENDING,0,0,1,0,0,0,0,0.0,0.0,0,0,0
B1516,2025-08-05 11:37:36.952,526,869,3,26,P1841,SJ103,CANCELLED,0,1,0,0,0,0,0,3242.75,0.0,1,1,1
B1517,2026-01-16 11:37:36.952,525,809,1,29,P1784,6F221,INVALID,0,0,0,1,0,0,0,0.0,0.0,1,0,0
B1518,2026-03-20 11:37:36.952,536,782,3,2,P1758,SJ147,INVALID,0,0,0,1,0,0,0,0.0,0.0,0,0,0
B1519,2026-03-25 11:37:36.952,505,461,3,13,P1445,SJ064,PENDING,0,0,1,0,0,0,0,14857.83,0.0,2,2,1
B1520,2026-04-02 11:37:36.952,494,957,2,22,P1924,AI028,CONFIRMED,1,0,0,0,0,0,0,14340.74,14340.74,1,1,1
B1521,2025-11-08 11:37:36.952,516,194,2,25,P1185,AI148,PENDING,0,0,1,0,0,0,0,10629.67,0.0,3,2,1
B1522,2025-08-31 11:37:36.952,503,71,1,19,P1069,6F263,CONFIRMED,1,0,0,0,0,0,0,0.0,0.0,0,0,0
B1523,2025-05-19 11:37:36.952,500,1008,3,26,P1973,SJ067,PENDING,0,0,1,0,0,0,0,10733.84,0.0,2,1,1
B1524,2025-06-17 11:37:36.952,497,157,1,27,P1149,6F061,PENDING,0,0,1,0,0,0,0,9831.83,0.0,2,2,1
B1525,2025-05-29 11:37:36.952,532,256,2,14,P1245,AI254,UNKNOWN,0,0,0,0,1,0,0,7869.06,0.0,1,1,1
B1526,2025-11-15 11:37:36.952,515,797,3,21,P1773,SJ136,CONFIRMED,1,0,0,0,0,0,0,12889.82,12889.82,2,2,1
B1527,2025-07-09 11:37:36.952,529,554,2,17,P1537,AI046,PENDING,0,0,1,0,0,0,0,11891.78,0.0,1,1,1
B1528,2026-03-28 11:37:36.952,520,968,4,13,P1934,UK174,PENDING,0,0,1,0,0,0,0,0.0,0.0,0,0,0
B1529,2025-04-30 11:37:36.952,512,671,1,4,P1651,6F066,UNKNOWN,0,0,0,0,1,0,0,0.0,0.0,0,0,0
B1530,2025-12-08 11:37:36.952,523,100,4,10,P1098,UK095,INVALID,0,0,0,1,0,0,0,29065.67,0.0,3,3,1
B1531,2026-04-01 11:37:36.952,533,941,1,19,P1909,6F063,PENDING,0,0,1,0,0,0,0,23911.21,0.0,3,2,1
B1532,2025-04-22 11:37:36.952,506,289,4,21,P1277,UK118,PENDING,0,0,1,0,0,0,0,24295.6,0.0,3,2,1
B1533,2025-09-15 11:37:36.952,552,580,4,26,P1562,UK218,PENDING,0,0,1,0,0,0,0,0.0,0.0,0,0,0
B1534,2025-09-11 11:37:36.952,546,682,4,13,P1662,UK031,CONFIRMED,1,0,0,0,0,0,0,12347.23,12347.23,1,1,1
B1535,2026-04-02 11:37:36.952,553,977,4,3,P1943,UK142,PENDING,0,0,1,0,0,0,0,19520.85,0.0,2,2,1
B1536,2025-06-01 11:37:36.952,528,470,2,21,P1454,AI002,UNKNOWN,0,0,0,0,1,0,0,6548.99,0.0,1,1,1
B1537,2025-10-08 11:37:36.952,535,106,4,8,P1103,UK070,CONFIRMED,1,0,0,0,0,0,0,9202.57,9202.57,1,1,1
B1538,2026-03-17 11:37:36.952,519,980,3,13,P1945,SJ121,PENDING,0,0,1,0,0,0,0,0.0,0.0,0,0,0
B1539,2025-06-11 11:37:36.952,537,618,4,22,P1600,UK201,CONFIRMED,1,0,0,0,0,0,0,17509.78,17509.78,2,2,1
B1540,2026-01-15 11:37:36.952,513,672,2,18,P1652,AI138,CANCELLED,0,1,0,0,0,0,0,3640.69,0.0,1,1,1
B1541,2025-12-16 11:37:36.952,517,746,3,9,P1724,SJ014,CONFIRMED,1,0,0,0,0,0,0,12031.17,12031.17,1,1,1
B1542,2025-12-13 11:37:36.952,530,242,3,13,P1232,SJ053,PENDING,0,0,1,0,0,0,0,0.0,0.0,0,0,0
B1543,2025-06-16 11:37:36.952,544,406,3,19,P1393,SJ241,CANCELLED,0,1,0,0,0,0,0,3207.85,0.0,1,1,1
B1544,2025-09-01 11:37:36.952,548,517,2,4,P1500,AI249,CANCELLED,0,1,0,0,0,0,0,12003.06,0.0,2,2,1
B1545,2026-03-08 11:37:36.952,539,714,2,3,P1694,AI176,PENDING,0,0,1,0,0,0,0,17736.33,0.0,2,2,1
B1546,2026-04-02 11:37:36.952,538,261,3,2,P1250,SJ234,PENDING,0,0,1,0,0,0,0,0.0,0.0,0,0,0
B1547,2025-04-18 11:37:36.952,534,537,1,26,P1520,6F115,PENDING,0,0,1,0,0,0,0,0.0,0.0,0,0,0
B1548,2025-10-04 11:37:36.952,545,80,2,6,P1078,AI020,CONFIRMED,1,0,0,0,0,0,0,0.0,0.0,0,0,0
B1549,2025-12-16 11:37:36.952,545,53,2,6,P1051,AI020,CONFIRMED,1,0,0,0,0,0,0,0.0,0.0,0,0,0
B1550,2025-12-06 11:37:36.952,564,928,1,30,P1897,6F079,CONFIRMED,1,0,0,0,0,0,0,0.0,0.0,0,0,0
B1551,2025-11-14 11:37:36.952,518,953,1,12,P1920,6F104,INVALID,0,0,0,1,0,0,0,0.0,0.0,0,0,0
B1552,2026-02-06 11:37:36.952,549,804,4,13,P1780,UK046,PENDING,0,0,1,0,0,0,0,12589.6,0.0,1,1,1
B1553,2025-11-15 11:37:36.952,555,235,3,7,P1225,SJ217,CONFIRMED,1,0,0,0,0,0,0,1883.33,1883.33,1,1,1
B1554,2025-08-26 11:37:36.952,569,52,1,15,P1050,6F142,CANCELLED,0,1,0,0,0,0,0,0.0,0.0,0,0,0
B1555,2026-04-04 11:37:36.952,562,194,3,16,P1185,SJ139,CONFIRMED,1,0,0,0,0,0,0,13344.12,13344.12,1,1,1
B1556,2026-01-18 11:37:36.952,579,34,1,8,P1033,6F059,CANCELLED,0,1,0,0,0,0,0,0.0,0.0,0,0,0
B1557,2025-08-10 11:37:36.952,554,827,1,26,P1802,6F067,PENDING,0,0,1,0,0,0,0,17708.74,0.0,2,2,1
B1558,2025-08-07 11:37:36.952,542,765,2,29,P1741,AI007,PENDING,0,0,1,0,0,0,0,15597.73,0.0,2,2,1
B1559,2026-01-20 11:37:36.952,580,136,4,19,P1130,UK202,CONFIRMED,1,0,0,0,0,0,0,3622.91,3622.91,1,1,1
B1560,2026-03-07 11:37:36.952,568,651,2,25,P1631,AI200,CONFIRMED,1,0,0,0,0,0,0,0.0,0.0,0,0,0
B1561,2026-01-27 11:37:36.952,561,458,4,17,P1442,UK172,PENDING,0,0,1,0,0,0,0,11507.31,0.0,2,2,1
B1562,2025-05-01 11:37:36.952,576,865,1,7,P1837,6F214,CONFIRMED,1,0,0,0,0,0,0,6572.09,6572.09,1,1,1
B1563,2025-09-11 11:37:36.952,581,782,4,1,P1758,UK037,PENDING,0,0,1,0,0,0,0,0.0,0.0,0,0,0
B1564,2025-08-14 11:37:36.952,551,447,2,10,P1431,AI022,PENDING,0,0,1,0,0,0,0,3514.52,0.0,1,1,1
B1565,2026-02-06 11:37:36.952,557,724,2,1,P1703,AI243,CANCELLED,0,1,0,0,0,0,0,7243.49,0.0,2,2,1
B1566,2025-10-08 11:37:36.952,541,513,3,13,P1496,SJ174,CONFIRMED,1,0,0,0,0,0,0,26394.47,26394.47,2,2,1
B1567,2025-11-13 11:37:36.952,570,415,3,24,P1402,SJ079,PENDING,0,0,1,0,0,0,0,10982.24,0.0,1,1,1
B1568,2025-12-21 11:37:36.952,585,334,4,22,P1322,UK097,CONFIRMED,1,0,0,0,0,0,0,0.0,0.0,1,0,0
B1569,2025-12-26 11:37:36.952,547,218,2,21,P1209,AI013,CANCELLED,0,1,0,0,0,0,0,0.0,0.0,0,0,0
B1570,2025-11-21 11:37:36.952,589,632,4,9,P1614,UK196,CANCELLED,0,1,0,0,0,0,0,15054.77,0.0,2,2,1
B1571,2025-11-06 11:37:36.952,577,340,3,7,P1328,SJ213,CONFIRMED,1,0,0,0,0,0,0,0.0,0.0,0,0,0
B1572,2025-05-26 11:37:36.952,593,384,4,7,P1371,UK119,CONFIRMED,1,0,0,0,0,0,0,13849.86,13849.86,2,1,1
B1573,2026-03-18 11:37:36.952,592,475,2,13,P1459,AI043,PENDING,0,0,1,0,0,0,0,7629.97,0.0,1,1,1
B1574,2025-04-29 11:37:36.952,592,138,2,13,P1132,AI043,CANCELLED,0,1,0,0,0,0,0,13905.05,0.0,1,1,1
B1575,2025-06-16 11:37:36.952,543,862,2,13,P1834,AI143,CANCELLED,0,1,0,0,0,0,0,12516.91,0.0,1,1,1
B1576,2025-10-20 11:37:36.952,565,670,3,27,P1650,SJ032,UNKNOWN,0,0,0,0,1,0,0,0.0,0.0,1,0,0
B1577,2026-01-24 11:37:36.952,588,126,1,17,P1120,6F050,CONFIRMED,1,0,0,0,0,0,0,0.0,0.0,0,0,0
B1578,2025-12-25 11:37:36.952,591,623,2,22,P1605,AI134,PENDING,0,0,1,0,0,0,0,4097.69,0.0,3,2,1
B1579,2025-04-24 11:37:36.952,566,467,1,7,P1451,6F182,CONFIRMED,1,0,0,0,0,0,0,9444.1,9444.1,2,2,1
B1580,2025-10-08 11:37:36.952,590,999,3,13,P1964,SJ086,CONFIRMED,1,0,0,0,0,0,0,26625.06,26625.06,3,3,1
B1581,2025-08-06 11:37:36.952,559,134,1,24,P1128,6F170,CONFIRMED,1,0,0,0,0,0,0,9514.99,9514.99,2,1,1
B1582,2025-04-24 11:37:36.952,550,92,4,2,P1090,UK168,PENDING,0,0,1,0,0,0,0,13552.0,0.0,1,1,1
B1583,2026-02-22 11:37:36.952,578,621,3,19,P1603,SJ072,UNKNOWN,0,0,0,0,1,0,0,0.0,0.0,0,0,0
B1584,2025-04-28 11:37:36.952,607,592,4,28,P1574,UK075,CANCELLED,0,1,0,0,0,0,0,26466.88,0.0,2,2,1
B1585,2026-01-08 11:37:36.952,596,29,1,1,P1028,6F233,CANCELLED,0,1,0,0,0,0,0,23517.7,0.0,3,2,1
B1586,2025-11-13 11:37:36.952,556,743,3,17,P1721,SJ143,CANCELLED,0,1,0,0,0,0,0,0.0,0.0,0,0,0
B1587,2025-06-28 11:37:36.952,558,540,3,8,P1523,SJ246,PENDING,0,0,1,0,0,0,0,11740.35,0.0,1,1,1
B1588,2025-11-04 11:37:36.952,599,345,3,17,P1332,SJ247,CONFIRMED,1,0,0,0,0,0,0,12810.22,12810.22,1,1,1
B1589,2025-08-31 11:37:36.952,560,308,4,12,P1296,UK157,PENDING,0,0,1,0,0,0,0,29432.76,0.0,3,3,1
B1590,2026-04-01 11:37:36.952,582,135,4,13,P1129,UK069,CONFIRMED,1,0,0,0,0,0,0,1015.84,1015.84,1,1,1
B1591,2025-11-20 11:37:36.952,567,304,2,21,P1292,AI106,CANCELLED,0,1,0,0,0,0,0,16833.8,0.0,2,2,1
B1592,2025-11-17 11:37:36.952,563,180,4,29,P1172,UK085,CONFIRMED,1,0,0,0,0,0,0,0.0,0.0,0,0,0
B1593,2025-09-24 11:37:36.952,604,741,1,19,P1719,6F087,UNKNOWN,0,0,0,0,1,0,0,0.0,0.0,0,0,0
B1594,2025-06-01 11:37:36.952,600,977,2,24,P1943,AI067,CONFIRMED,1,0,0,0,0,0,0,1448.88,1448.88,1,1,1
B1595,2026-01-07 11:37:36.952,587,24,1,17,P1023,6F226,PENDING,0,0,1,0,0,0,0,24869.85,0.0,2,2,1
B1596,2025-12-20 11:37:36.952,605,100,3,23,P1098,SJ210,CONFIRMED,1,0,0,0,0,0,0,18020.9,18020.9,2,2,1
B1597,2025-10-23 11:37:36.952,575,418,1,25,P1405,6F269,CONFIRMED,1,0,0,0,0,0,0,19192.26,19192.26,2,2,1
B1598,2026-01-02 11:37:36.952,597,368,4,10,P1355,UK013,CONFIRMED,1,0,0,0,0,0,0,15978.23,15978.23,2,2,1
B1599,2025-09-30 11:37:36.952,597,144,4,10,P1138,UK013,PENDING,0,0,1,0,0,0,0,0.0,0.0,0,0,0
B1600,2025-07-20 11:37:36.952,574,519,4,1,P1502,UK143,PENDING,0,0,1,0,0,0,0,24083.25,0.0,2,2,1
B1601,2025-09-07 11:37:36.952,573,853,1,29,P1825,6F262,PENDING,0,0,1,0,0,0,0,0.0,0.0,0,0,0
B1602,2025-07-07 11:37:36.952,612,181,1,24,P1173,6F042,UNKNOWN,0,0,0,0,1,0,0,4028.21,0.0,1,1,1
B1603,2025-12-06 11:37:36.952,583,29,3,17,P1028,SJ118,CANCELLED,0,1,0,0,0,0,0,0.0,0.0,0,0,0
B1604,2025-11-17 11:37:36.952,583,963,3,17,P1930,SJ118,CANCELLED,0,1,0,0,0,0,0,0.0,0.0,0,0,0
B1605,2025-10-03 11:37:36.952,571,512,3,8,P1495,SJ082,CANCELLED,0,1,0,0,0,0,0,0.0,0.0,1,0,0
B1606,2025-07-18 11:37:36.952,598,674,1,7,P1654,6F015,CONFIRMED,1,0,0,0,0,0,0,21087.41,21087.41,3,3,1
B1607,2026-02-02 11:37:36.952,606,855,2,16,P1827,AI101,INVALID,0,0,0,1,0,0,0,13086.08,0.0,2,2,1
B1608,2025-06-28 11:37:36.952,572,363,3,13,P1350,SJ110,CANCELLED,0,1,0,0,0,0,0,0.0,0.0,0,0,0
B1609,2025-10-21 11:37:36.952,610,571,3,23,P1553,SJ042,CANCELLED,0,1,0,0,0,0,0,0.0,0.0,0,0,0
B1610,2025-10-13 11:37:36.952,584,310,1,13,P1298,6F145,CONFIRMED,1,0,0,0,0,0,0,5809.44,5809.44,1,1,1
B1611,2026-01-05 11:37:36.952,602,741,4,17,P1719,UK029,CANCELLED,0,1,0,0,0,0,0,22397.64,0.0,2,2,1
B1612,2025-04-18 11:37:36.952,603,869,3,8,P1841,SJ200,CANCELLED,0,1,0,0,0,0,0,0.0,0.0,0,0,0
B1613,2026-01-29 11:37:36.952,614,-1,3,1,P1944,SJ209,CONFIRMED,1,0,0,0,0,0,1,16309.3,16309.3,2,2,1
B1614,2025-05-11 11:37:36.952,613,200,2,12,P1191,AI116,UNKNOWN,0,0,0,0,1,0,0,8965.77,0.0,2,2,1
B1615,2025-05-23 11:37:36.952,586,691,1,13,P1671,6F117,CANCELLED,0,1,0,0,0,0,0,13670.64,0.0,2,2,1
B1616,2025-12-23 11:37:36.952,594,65,3,6,P1063,SJ181,PENDING,0,0,1,0,0,0,0,0.0,0.0,0,0,0
B1617,2025-05-10 11:37:36.952,595,778,2,13,P1754,AI070,INVALID,0,0,0,1,0,0,0,12237.51,0.0,1,1,1
B1618,2026-01-19 11:37:36.952,595,793,2,13,P1769,AI070,CONFIRMED,1,0,0,0,0,0,0,6904.57,6904.57,1,1,1
B1619,2026-02-05 11:37:36.952,629,683,4,27,P1663,UK042,PENDING,0,0,1,0,0,0,0,33652.61,0.0,3,3,1
B1620,2026-02-24 11:37:36.952,626,223,2,13,P1214,AI169,PENDING,0,0,1,0,0,0,0,33808.97,0.0,4,4,1
B1621,2025-12-21 11:37:36.952,625,861,1,5,P1833,6F021,PENDING,0,0,1,0,0,0,0,11805.25,0.0,2,2,1
B1622,2025-06-23 11:37:36.952,620,173,3,10,P1165,SJ046,PENDING,0,0,1,0,0,0,0,36638.7,0.0,3,3,1
B1623,2025-08-17 11:37:36.952,601,-1,2,18,P1542,AI211,CANCELLED,0,1,0,0,0,0,1,37128.79,0.0,4,4,1
B1624,2025-12-20 11:37:36.952,608,912,3,2,P1882,SJ091,CANCELLED,0,1,0,0,0,0,0,0.0,0.0,0,0,0
B1625,2026-04-05 11:37:36.952,615,241,2,27,P1231,AI123,PENDING,0,0,1,0,0,0,0,0.0,0.0,0,0,0
B1626,2025-04-17 11:37:36.952,637,818,1,19,P1793,6F053,CANCELLED,0,1,0,0,0,0,0,7859.04,0.0,1,1,1
B1627,2026-01-09 11:37:36.952,617,557,4,27,P1540,UK012,PENDING,0,0,1,0,0,0,0,23952.61,0.0,2,2,1
B1628,2025-11-25 11:37:36.952,640,203,1,26,P1194,6F023,PENDING,0,0,1,0,0,0,0,1971.53,0.0,1,1,1
B1629,2026-01-02 11:37:36.952,631,522,2,7,P1505,AI250,CONFIRMED,1,0,0,0,0,0,0,0.0,0.0,0,0,0
B1630,2026-04-07 11:37:36.952,647,346,2,15,P1333,AI238,PENDING,0,0,1,0,0,0,0,11475.88,0.0,1,1,1
B1631,2026-02-17 11:37:36.952,619,791,4,4,P1767,UK096,CANCELLED,0,1,0,0,0,0,0,17514.41,0.0,2,2,1
B1632,2026-03-30 11:37:36.952,611,817,4,13,P1792,UK126,PENDING,0,0,1,0,0,0,0,11397.25,0.0,1,1,1
B1633,2025-08-30 11:37:36.952,632,315,3,7,P1303,SJ195,CONFIRMED,1,0,0,0,0,0,0,0.0,0.0,0,0,0
B1634,2025-12-25 11:37:36.952,630,860,3,19,P1832,SJ171,CANCELLED,0,1,0,0,0,0,0,0.0,0.0,0,0,0
B1635,2025-08-14 11:37:36.952,635,452,2,3,P1436,AI136,INVALID,0,0,0,1,0,0,0,0.0,0.0,0,0,0
B1636,2025-05-27 11:37:36.952,352,334,3,22,P1322,SJ192,CONFIRMED,1,0,0,0,0,0,0,14700.1,14700.1,1,1,1
B1637,2025-12-01 11:37:36.952,650,518,1,14,P1501,6F035,PENDING,0,0,1,0,0,0,0,25470.66,0.0,3,3,1
B1638,2026-02-23 11:37:36.952,649,885,4,26,P1857,UK088,CONFIRMED,1,0,0,0,0,0,0,0.0,0.0,0,0,0
B1639,2025-09-14 11:37:36.952,639,946,1,2,P1913,6F009,CONFIRMED,1,0,0,0,0,0,0,6069.3,6069.3,2,2,1
B1640,2026-01-28 11:37:36.952,645,405,1,7,P1392,6F004,CANCELLED,0,1,0,0,0,0,0,0.0,0.0,0,0,0
B1641,2026-03-27 11:37:36.952,634,830,4,23,P1805,UK122,UNKNOWN,0,0,0,0,1,0,0,14953.42,0.0,1,1,1
B1642,2026-02-15 11:37:36.952,609,616,2,29,P1598,AI251,PENDING,0,0,1,0,0,0,0,6919.99,0.0,1,1,1
B1643,2026-02-04 11:37:36.952,646,156,2,10,P1148,AI027,PENDING,0,0,1,0,0,0,0,0.0,0.0,0,0,0
B1644,2025-10-20 11:37:36.952,642,784,3,12,P1760,SJ165,PENDING,0,0,1,0,0,0,0,10406.49,0.0,1,1,1
B1645,2025-08-16 11:37:36.952,621,860,4,3,P1832,UK081,CONFIRMED,1,0,0,0,0,0,0,2308.55,2308.55,1,1,1
B1646,2025-09-27 11:37:36.952,622,417,4,26,P1404,UK191,CANCELLED,0,1,0,0,0,0,0,22654.88,0.0,2,2,1
B1647,2025-11-06 11:37:36.952,618,294,3,1,P1282,SJ188,PENDING,0,0,1,0,0,0,0,17320.63,0.0,2,2,1
B1648,2025-08-09 11:37:36.952,616,374,1,22,P1361,6F016,CONFIRMED,1,0,0,0,0,0,0,3484.04,3484.04,1,1,1
B1649,2026-04-05 11:37:36.952,623,391,1,13,P1378,6F064,PENDING,0,0,1,0,0,0,0,28108.05,0.0,2,2,1
B1650,2026-04-03 11:37:36.952,648,206,3,9,P1197,SJ105,UNKNOWN,0,0,0,0,1,0,0,0.0,0.0,0,0,0
B1651,2025-09-09 11:37:36.952,657,573,3,26,P1555,SJ054,CANCELLED,0,1,0,0,0,0,0,6941.55,0.0,1,1,1
B1652,2025-12-19 11:37:36.952,658,368,1,6,P1355,6F197,PENDING,0,0,1,0,0,0,0,21520.53,0.0,4,4,1
B1653,2026-03-26 11:37:36.952,628,556,2,21,P1539,AI040,CANCELLED,0,1,0,0,0,0,0,10350.94,0.0,1,1,1
B1654,2025-08-14 11:37:36.952,644,444,2,27,P1428,AI131,UNKNOWN,0,0,0,0,1,0,0,12116.85,0.0,1,1,1
B1655,2025-10-09 11:37:36.952,636,17,1,7,P1016,6F141,PENDING,0,0,1,0,0,0,0,0.0,0.0,0,0,0
B1656,2025-05-12 11:37:36.952,627,658,4,22,P1638,UK035,CONFIRMED,1,0,0,0,0,0,0,9174.46,9174.46,1,1,1
B1657,2025-08-28 11:37:36.952,624,391,2,18,P1378,AI005,CONFIRMED,1,0,0,0,0,0,0,11326.44,11326.44,1,1,1
B1658,2025-06-22 11:37:36.952,652,699,2,19,P1679,AI001,CONFIRMED,1,0,0,0,0,0,0,0.0,0.0,0,0,0
B1659,2026-01-17 11:37:36.952,633,522,4,28,P1505,UK211,PENDING,0,0,1,0,0,0,0,0.0,0.0,0,0,0
B1660,2026-04-04 11:37:36.952,667,779,3,21,P1755,SJ189,CANCELLED,0,1,0,0,0,0,0,5033.75,0.0,2,1,1
B1661,2025-04-21 11:37:36.952,641,929,4,28,P1898,UK006,PENDING,0,0,1,0,0,0,0,20979.51,0.0,2,2,1
B1662,2025-10-13 11:37:36.952,643,77,1,26,P1075,6F189,CONFIRMED,1,0,0,0,0,0,0,9168.1,9168.1,1,1,1
B1663,2025-05-16 11:37:36.952,651,240,2,18,P1230,AI133,CANCELLED,0,1,0,0,0,0,0,66885.47,0.0,6,6,1
B1664,2025-11-08 11:37:36.952,654,737,3,7,P1715,SJ216,CONFIRMED,1,0,0,0,0,0,0,0.0,0.0,0,0,0
B1665,2026-03-04 11:37:36.952,653,996,3,7,P1961,SJ133,CANCELLED,0,1,0,0,0,0,0,13434.66,0.0,1,1,1
B1666,2026-03-05 11:37:36.952,672,258,4,17,P1247,UK082,PENDING,0,0,1,0,0,0,0,4184.87,0.0,1,1,1
B1667,2026-02-16 11:37:36.952,638,313,1,13,P1301,6F136,CANCELLED,0,1,0,0,0,0,0,0.0,0.0,0,0,0
B1668,2025-04-30 11:37:36.952,675,747,1,28,P1725,6F039,PENDING,0,0,1,0,0,0,0,0.0,0.0,0,0,0
B1669,2025-06-16 11:37:36.952,670,223,2,12,P1214,AI011,CONFIRMED,1,0,0,0,0,0,0,0.0,0.0,0,0,0
B1670,2025-05-12 11:37:36.952,655,165,3,19,P1157,SJ225,CANCELLED,0,1,0,0,0,0,0,0.0,0.0,0,0,0
B1671,2025-07-08 11:37:36.952,677,70,3,20,P1068,SJ024,CONFIRMED,1,0,0,0,0,0,0,0.0,0.0,0,0,0
B1672,2025-08-01 11:37:36.952,688,405,2,1,P1392,AI109,CANCELLED,0,1,0,0,0,0,0,6895.9,0.0,1,1,1
B1673,2025-06-12 11:37:36.952,656,86,2,23,P1084,AI147,UNKNOWN,0,0,0,0,1,0,0,0.0,0.0,0,0,0
B1674,2025-11-03 11:37:36.952,694,278,4,13,P1266,UK057,CANCELLED,0,1,0,0,0,0,0,0.0,0.0,0,0,0
B1675,2025-08-01 11:37:36.952,665,70,1,24,P1068,6F111,CANCELLED,0,1,0,0,0,0,0,0.0,0.0,0,0,0
B1676,2026-04-14 11:37:36.952,679,628,2,7,P1610,AI197,PENDING,0,0,1,0,0,0,0,26552.82,0.0,2,2,1
B1677,2026-01-31 11:37:36.952,687,359,4,9,P1346,UK127,PENDING,0,0,1,0,0,0,0,19599.18,0.0,2,2,1
B1678,2025-12-31 11:37:36.952,693,996,1,19,P1961,6F240,PENDING,0,0,1,0,0,0,0,3831.88,0.0,1,1,1
B1679,2025-08-17 11:37:36.952,684,-1,1,28,P1727,6F257,CANCELLED,0,1,0,0,0,0,1,0.0,0.0,0,0,0
B1680,2026-03-19 11:37:36.952,682,959,2,1,P1926,AI253,UNKNOWN,0,0,0,0,1,0,0,0.0,0.0,0,0,0
B1681,2026-04-02 11:37:36.952,685,692,3,28,P1672,SJ135,CANCELLED,0,1,0,0,0,0,0,26057.93,0.0,2,2,1
B1682,2025-07-10 11:37:36.952,668,438,4,13,P1422,UK112,CANCELLED,0,1,0,0,0,0,0,2916.86,0.0,1,1,1
B1683,2025-08-07 11:37:36.952,666,623,2,1,P1605,AI050,CONFIRMED,1,0,0,0,0,0,0,19349.76,19349.76,2,2,1
B1684,2025-11-18 11:37:36.952,683,181,4,2,P1173,UK060,PENDING,0,0,1,0,0,0,0,0.0,0.0,0,0,0
B1685,2025-05-15 11:37:36.952,660,696,3,13,P1676,SJ183,CANCELLED,0,1,0,0,0,0,0,12700.44,0.0,2,2,1
B1686,2025-11-17 11:37:36.952,673,120,4,16,P1114,UK138,CONFIRMED,1,0,0,0,0,0,0,1293.05,1293.05,1,1,1
B1687,2025-10-12 11:37:36.952,662,229,3,15,P1219,SJ071,PENDING,0,0,1,0,0,0,0,0.0,0.0,0,0,0
B1688,2025-06-14 11:37:36.952,689,990,2,7,P1955,AI057,PENDING,0,0,1,0,0,0,0,10945.95,0.0,1,1,1
B1689,2025-07-10 11:37:36.952,661,31,3,7,P1030,SJ151,CANCELLED,0,1,0,0,0,0,0,8030.27,0.0,1,1,1
B1690,2025-06-28 11:37:36.952,691,539,3,1,P1522,SJ144,PENDING,0,0,1,0,0,0,0,7675.73,0.0,1,1,1
B1691,2026-01-23 11:37:36.952,703,355,3,8,P1342,SJ087,PENDING,0,0,1,0,0,0,0,10442.06,0.0,1,1,1
B1692,2026-04-02 11:37:36.952,659,389,3,23,P1376,SJ066,CONFIRMED,1,0,0,0,0,0,0,0.0,0.0,0,0,0
B1693,2026-01-02 11:37:36.952,686,135,2,7,P1129,AI247,CONFIRMED,1,0,0,0,0,0,0,0.0,0.0,0,0,0
B1694,2026-04-01 11:37:36.952,663,-1,3,28,P1999,SJ102,PENDING,0,0,1,0,0,0,1,7153.61,0.0,2,2,1
B1695,2026-04-13 11:37:36.952,700,635,1,26,P1616,6F252,CONFIRMED,1,0,0,0,0,0,0,5969.93,5969.93,1,1,1
B1696,2025-11-28 11:37:36.952,681,555,1,18,P1538,6F055,PENDING,0,0,1,0,0,0,0,0.0,0.0,0,0,0
B1697,2025-11-12 11:37:36.952,715,762,2,15,P1738,AI204,CANCELLED,0,1,0,0,0,0,0,0.0,0.0,0,0,0
B1698,2026-02-02 11:37:36.952,705,2,2,7,P1001,AI016,CONFIRMED,1,0,0,0,0,0,0,8023.98,8023.98,1,1,1
B1699,2025-12-11 11:37:36.952,664,899,2,2,P1870,AI209,PENDING,0,0,1,0,0,0,0,23144.93,0.0,4,3,1
B1700,2026-01-04 11:37:36.952,680,102,3,27,P1100,SJ211,PENDING,0,0,1,0,0,0,0,6028.27,0.0,1,1,1
B1701,2025-10-16 11:37:36.952,690,549,1,15,P1532,6F103,CONFIRMED,1,0,0,0,0,0,0,0.0,0.0,0,0,0
B1702,2025-04-22 11:37:36.952,704,59,4,23,P1057,UK182,CONFIRMED,1,0,0,0,0,0,0,13329.36,13329.36,2,1,1
B1703,2025-12-25 11:37:36.952,710,401,1,19,P1388,6F264,CANCELLED,0,1,0,0,0,0,0,11995.2,0.0,2,2,1
B1704,2025-07-23 11:37:36.952,671,711,1,3,P1691,6F027,PENDING,0,0,1,0,0,0,0,13993.49,0.0,1,1,1
B1705,2026-01-31 11:37:36.952,674,974,4,16,P1940,UK198,CANCELLED,0,1,0,0,0,0,0,20858.79,0.0,4,4,1
B1706,2025-09-07 11:37:36.952,669,353,1,16,P1340,6F171,CANCELLED,0,1,0,0,0,0,0,0.0,0.0,0,0,0
B1707,2025-07-05 11:37:36.952,712,889,2,25,P1860,AI004,CANCELLED,0,1,0,0,0,0,0,0.0,0.0,0,0,0
B1708,2025-11-22 11:37:36.952,676,20,1,28,P1019,6F157,CONFIRMED,1,0,0,0,0,0,0,0.0,0.0,0,0,0
B1709,2025-10-03 11:37:36.952,724,266,2,7,P1254,AI018,CANCELLED,0,1,0,0,0,0,0,0.0,0.0,0,0,0
B1710,2025-08-05 11:37:36.952,716,328,4,13,P1316,UK098,CONFIRMED,1,0,0,0,0,0,0,12059.65,12059.65,1,1,1
B1711,2026-01-29 11:37:36.952,678,39,1,1,P1037,6F167,UNKNOWN,0,0,0,0,1,0,0,0.0,0.0,0,0,0
B1712,2025-09-06 11:37:36.952,722,679,2,1,P1659,AI228,CANCELLED,0,1,0,0,0,0,0,0.0,0.0,0,0,0
B1713,2025-08-31 11:37:36.952,696,553,3,4,P1536,SJ242,CANCELLED,0,1,0,0,0,0,0,0.0,0.0,0,0,0
B1714,2025-12-11 11:37:36.952,721,398,1,27,P1385,6F227,PENDING,0,0,1,0,0,0,0,5064.12,0.0,1,1,1
B1715,2025-08-27 11:37:36.952,697,652,1,10,P1632,6F037,CANCELLED,0,1,0,0,0,0,0,0.0,0.0,0,0,0
B1716,2025-12-22 11:37:36.952,706,960,1,11,P1927,6F107,PENDING,0,0,1,0,0,0,0,0.0,0.0,0,0,0
B1717,2025-11-06 11:37:36.952,702,26,3,16,P1025,SJ125,CANCELLED,0,1,0,0,0,0,0,2408.22,0.0,2,2,1
B1718,2025-06-17 11:37:36.952,720,469,4,1,P1453,UK117,CANCELLED,0,1,0,0,0,0,0,18312.78,0.0,2,2,1
B1719,2025-11-12 11:37:36.952,730,700,1,11,P1680,6F192,CANCELLED,0,1,0,0,0,0,0,5781.1,0.0,1,1,1
B1720,2025-11-27 11:37:36.952,695,334,2,2,P1322,AI201,CANCELLED,0,1,0,0,0,0,0,5194.3,0.0,1,1,1
B1721,2026-03-25 11:37:36.952,713,760,3,16,P1736,SJ126,PENDING,0,0,1,0,0,0,0,0.0,0.0,0,0,0
B1722,2026-02-10 11:37:36.952,708,529,2,14,P1512,AI177,PENDING,0,0,1,0,0,0,0,0.0,0.0,1,0,0
B1723,2025-12-23 11:37:36.952,718,846,2,12,P1818,AI092,CANCELLED,0,1,0,0,0,0,0,0.0,0.0,0,0,0
B1724,2025-10-10 11:37:36.952,692,796,1,14,P1772,6F076,CANCELLED,0,1,0,0,0,0,0,10484.53,0.0,1,1,1
B1725,2025-04-29 11:37:36.952,732,13,2,12,P1012,AI185,PENDING,0,0,1,0,0,0,0,0.0,0.0,1,0,0
B1726,2025-05-14 11:37:36.952,699,947,2,12,P1914,AI055,CONFIRMED,1,0,0,0,0,0,0,10313.45,10313.45,2,2,1
B1727,2026-03-15 11:37:36.952,711,939,1,25,P1907,6F222,CONFIRMED,1,0,0,0,0,0,0,0.0,0.0,0,0,0
B1728,2025-12-12 11:37:36.952,717,577,2,28,P1559,AI090,CONFIRMED,1,0,0,0,0,0,0,7592.89,7592.89,1,1,1
B1729,2025-06-03 11:37:36.952,701,953,2,18,P1920,AI183,PENDING,0,0,1,0,0,0,0,2726.28,0.0,1,1,1
B1730,2025-04-29 11:37:36.952,709,852,2,6,P1824,AI041,PENDING,0,0,1,0,0,0,0,0.0,0.0,1,0,0
B1731,2025-07-12 11:37:36.952,738,383,1,24,P1370,6F210,CONFIRMED,1,0,0,0,0,0,0,1355.89,1355.89,1,1,1
B1732,2026-01-15 11:37:36.952,742,302,2,24,P1290,AI170,CONFIRMED,1,0,0,0,0,0,0,7405.96,7405.96,1,1,1
B1733,2026-04-16 11:37:36.952,750,-1,3,21,P1331,SJ008,CANCELLED,0,1,0,0,0,0,1,10832.74,0.0,1,1,1
B1734,2025-09-29 11:37:36.952,719,623,2,15,P1605,AI049,PENDING,0,0,1,0,0,0,0,2972.66,0.0,1,1,1
B1735,2025-05-12 11:37:36.952,698,272,3,29,P1260,SJ132,PENDING,0,0,1,0,0,0,0,10012.48,0.0,1,1,1
B1736,2026-01-26 11:37:36.952,726,1031,3,20,P1993,SJ224,CONFIRMED,1,0,0,0,0,0,0,8590.58,8590.58,2,2,1
B1737,2025-06-11 11:37:36.952,729,814,4,28,P1789,UK038,CONFIRMED,1,0,0,0,0,0,0,12049.41,12049.41,1,1,1
B1738,2025-08-14 11:37:36.952,714,899,3,7,P1870,SJ220,PENDING,0,0,1,0,0,0,0,26003.14,0.0,3,3,1
B1739,2025-06-29 11:37:36.952,752,213,1,1,P1204,6F124,CANCELLED,0,1,0,0,0,0,0,8263.32,0.0,1,1,1
B1740,2025-11-16 11:37:36.952,723,717,3,15,P1696,SJ164,CONFIRMED,1,0,0,0,0,0,0,0.0,0.0,0,0,0
B1741,2025-05-18 11:37:36.952,707,706,2,17,P1686,AI026,PENDING,0,0,1,0,0,0,0,4483.43,0.0,1,1,1
B1742,2025-09-14 11:37:36.952,737,984,1,22,P1949,6F144,PENDING,0,0,1,0,0,0,0,0.0,0.0,0,0,0
B1743,2025-11-21 11:37:36.952,753,399,1,13,P1386,6F137,INVALID,0,0,0,1,0,0,0,4062.36,0.0,1,1,1
B1744,2025-09-05 11:37:36.952,749,922,4,5,P1891,UK139,CANCELLED,0,1,0,0,0,0,0,9225.17,0.0,1,1,1
B1745,2025-05-20 11:37:36.952,749,848,4,5,P1820,UK139,CONFIRMED,1,0,0,0,0,0,0,10889.16,10889.16,1,1,1
B1746,2025-08-31 11:37:36.952,755,483,3,24,P1467,SJ140,CONFIRMED,1,0,0,0,0,0,0,0.0,0.0,0,0,0
B1747,2025-04-20 11:37:36.952,762,430,1,4,P1414,6F131,CONFIRMED,1,0,0,0,0,0,0,0.0,0.0,0,0,0
B1748,2025-11-15 11:37:36.952,745,70,4,7,P1068,UK128,PENDING,0,0,1,0,0,0,0,13170.94,0.0,1,1,1
B1749,2026-02-19 11:37:36.952,772,488,3,8,P1471,SJ219,CONFIRMED,1,0,0,0,0,0,0,0.0,0.0,0,0,0
B1750,2025-09-21 11:37:36.952,728,106,3,13,P1103,SJ159,PENDING,0,0,1,0,0,0,0,0.0,0.0,0,0,0
B1751,2025-09-19 11:37:36.952,725,781,4,24,P1757,UK192,CONFIRMED,1,0,0,0,0,0,0,14391.99,14391.99,1,1,1
B1752,2025-08-13 11:37:36.952,761,168,2,25,P1160,AI014,CANCELLED,0,1,0,0,0,0,0,0.0,0.0,0,0,0
B1753,2025-08-08 11:37:36.952,733,208,3,8,P1199,SJ152,CANCELLED,0,1,0,0,0,0,0,4016.57,0.0,1,1,1
B1754,2026-02-11 11:37:36.952,777,224,3,23,P1215,SJ060,PENDING,0,0,1,0,0,0,0,12013.34,0.0,1,1,1
B1755,2026-02-17 11:37:36.952,757,980,2,19,P1945,AI127,CANCELLED,0,1,0,0,0,0,0,4760.39,0.0,1,1,1
B1756,2026-01-27 11:37:36.952,758,220,3,19,P1211,SJ096,PENDING,0,0,1,0,0,0,0,0.0,0.0,1,0,0
B1757,2025-04-24 11:37:36.952,734,524,2,3,P1507,AI215,PENDING,0,0,1,0,0,0,0,1608.39,0.0,1,1,1
B1758,2026-02-28 11:37:36.952,741,16,4,8,P1015,UK009,CANCELLED,0,1,0,0,0,0,0,8260.94,0.0,1,1,1
B1759,2025-10-26 11:37:36.952,751,514,2,26,P1497,AI171,PENDING,0,0,1,0,0,0,0,10926.0,0.0,2,2,1
B1760,2026-01-14 11:37:36.952,764,913,4,7,P1883,UK151,CANCELLED,0,1,0,0,0,0,0,12133.03,0.0,1,1,1
B1761,2025-05-22 11:37:36.952,747,-1,2,1,P1331,AI099,CONFIRMED,1,0,0,0,0,0,1,35672.39,35672.39,4,4,1
B1762,2025-06-04 11:37:36.952,727,738,4,8,P1716,UK050,CONFIRMED,1,0,0,0,0,0,0,13897.13,13897.13,2,2,1
B1763,2025-10-06 11:37:36.952,740,906,4,26,P1876,UK092,CANCELLED,0,1,0,0,0,0,0,0.0,0.0,1,0,0
B1764,2025-06-20 11:37:36.952,775,568,3,19,P1550,SJ058,CANCELLED,0,1,0,0,0,0,0,10528.45,0.0,1,1,1
B1765,2025-12-21 11:37:36.952,760,618,3,25,P1600,SJ090,CANCELLED,0,1,0,0,0,0,0,23925.48,0.0,2,2,1
B1766,2025-09-07 11:37:36.952,731,975,1,7,P1941,6F173,CANCELLED,0,1,0,0,0,0,0,0.0,0.0,0,0,0
B1767,2025-11-19 11:37:36.952,746,267,2,17,P1255,AI186,CONFIRMED,1,0,0,0,0,0,0,10462.21,10462.21,2,2,1
B1768,2026-03-23 11:37:36.952,763,-1,2,6,P1991,AI130,PENDING,0,0,1,0,0,0,1,2835.7,0.0,1,1,1
B1769,2025-11-23 11:37:36.952,739,789,3,20,P1765,SJ111,INVALID,0,0,0,1,0,0,0,2465.29,0.0,2,2,1
B1770,2025-08-04 11:37:36.952,748,-1,1,4,P1727,6F203,CONFIRMED,1,0,0,0,0,0,1,0.0,0.0,0,0,0
B1771,2025-05-24 11:37:36.952,771,909,1,21,P1879,6F138,PENDING,0,0,1,0,0,0,0,6761.89,0.0,1,1,1
B1772,2025-08-29 11:37:36.952,736,842,1,1,P1814,6F109,UNKNOWN,0,0,0,0,1,0,0,0.0,0.0,0,0,0
B1773,2026-01-01 11:37:36.952,735,179,2,12,P1171,AI074,PENDING,0,0,1,0,0,0,0,11699.42,0.0,1,1,1
B1774,2026-01-07 11:37:36.952,766,668,4,1,P1648,UK161,CANCELLED,0,1,0,0,0,0,0,0.0,0.0,0,0,0
B1775,2025-06-19 11:37:36.952,754,-1,2,7,P1999,AI008,CANCELLED,0,1,0,0,0,0,1,13185.54,0.0,1,1,1
B1776,2025-12-27 11:37:36.952,778,514,4,1,P1497,UK121,CANCELLED,0,1,0,0,0,0,0,16692.14,0.0,2,2,1
B1777,2025-04-26 11:37:36.952,743,487,1,13,P1470,6F154,CONFIRMED,1,0,0,0,0,0,0,9927.3,9927.3,1,1,1
B1778,2025-08-01 11:37:36.952,744,396,1,29,P1383,6F161,CONFIRMED,1,0,0,0,0,0,0,0.0,0.0,0,0,0
B1779,2026-02-01 11:37:36.952,780,709,1,11,P1689,6F153,PENDING,0,0,1,0,0,0,0,8876.97,0.0,1,1,1
B1780,2026-02-10 11:37:36.952,793,606,1,23,P1588,6F225,PENDING,0,0,1,0,0,0,0,0.0,0.0,0,0,0
B1781,2026-02-09 11:37:36.952,783,720,2,5,P1699,AI191,PENDING,0,0,1,0,0,0,0,0.0,0.0,0,0,0
B1782,2025-08-18 11:37:36.952,776,523,2,7,P1506,AI218,CONFIRMED,1,0,0,0,0,0,0,4755.95,4755.95,1,1,1
B1783,2025-09-28 11:37:36.952,784,-1,1,20,P1991,6F267,PENDING,0,0,1,0,0,0,1,8201.65,0.0,1,1,1
B1784,2025-08-20 11:37:36.952,799,543,4,22,P1526,UK125,CANCELLED,0,1,0,0,0,0,0,1577.5,0.0,1,1,1
B1785,2025-08-19 11:37:36.952,779,828,1,12,P1803,6F208,PENDING,0,0,1,0,0,0,0,2489.15,0.0,1,1,1
B1786,2026-02-12 11:37:36.952,774,858,1,17,P1830,6F119,CANCELLED,0,1,0,0,0,0,0,14801.3,0.0,1,1,1
B1787,2025-07-11 11:37:36.952,797,336,2,21,P1324,AI063,CONFIRMED,1,0,0,0,0,0,0,13330.68,13330.68,3,3,1
B1788,2025-06-05 11:37:36.952,756,222,4,18,P1213,UK016,CANCELLED,0,1,0,0,0,0,0,0.0,0.0,0,0,0
B1789,2026-01-13 11:37:36.952,759,216,1,24,P1207,6F048,CANCELLED,0,1,0,0,0,0,0,11758.27,0.0,1,1,1
B1790,2025-04-23 11:37:36.952,770,176,1,15,P1168,6F266,CANCELLED,0,1,0,0,0,0,0,4971.8,0.0,2,2,1
B1791,2026-02-24 11:37:36.952,801,341,2,3,P1329,AI167,CONFIRMED,1,0,0,0,0,0,0,0.0,0.0,0,0,0
B1792,2026-01-17 11:37:36.952,765,291,1,1,P1279,6F165,CONFIRMED,1,0,0,0,0,0,0,0.0,0.0,0,0,0
B1793,2025-11-25 11:37:36.952,768,1012,3,24,P1977,SJ104,CONFIRMED,1,0,0,0,0,0,0,12515.25,12515.25,1,1,1
B1794,2025-06-26 11:37:36.952,802,316,4,1,P1304,UK160,CONFIRMED,1,0,0,0,0,0,0,0.0,0.0,0,0,0
B1795,2026-03-21 11:37:36.952,802,153,4,1,P1145,UK160,PENDING,0,0,1,0,0,0,0,11714.65,0.0,1,1,1
B1796,2025-11-28 11:37:36.952,804,798,3,7,P1774,SJ230,CONFIRMED,1,0,0,0,0,0,0,0.0,0.0,0,0,0
B1797,2025-06-03 11:37:36.952,769,532,2,13,P1515,AI042,CANCELLED,0,1,0,0,0,0,0,0.0,0.0,0,0,0
B1798,2025-05-16 11:37:36.952,773,91,4,4,P1089,UK197,CONFIRMED,1,0,0,0,0,0,0,14793.78,14793.78,2,1,1
B1799,2026-02-05 11:37:36.952,767,468,2,23,P1452,AI107,PENDING,0,0,1,0,0,0,0,0.0,0.0,0,0,0
B1800,2025-08-22 11:37:36.952,791,61,3,11,P1059,SJ128,PENDING,0,0,1,0,0,0,0,4478.56,0.0,1,1,1
B1801,2026-04-14 11:37:36.952,809,322,1,25,P1310,6F121,PENDING,0,0,1,0,0,0,0,0.0,0.0,0,0,0
B1802,2025-06-30 11:37:36.952,789,544,2,28,P1527,AI111,INVALID,0,0,0,1,0,0,0,2072.55,0.0,1,1,1
B1803,2026-02-21 11:37:36.952,806,236,3,13,P1226,SJ137,CONFIRMED,1,0,0,0,0,0,0,5663.2,5663.2,1,1,1
B1804,2025-11-12 11:37:36.952,800,490,2,16,P1473,AI232,CONFIRMED,1,0,0,0,0,0,0,9496.04,9496.04,1,1,1
B1805,2025-10-26 11:37:36.952,782,1012,3,1,P1977,SJ113,CONFIRMED,1,0,0,0,0,0,0,0.0,0.0,1,0,0
B1806,2025-08-02 11:37:36.952,781,557,2,21,P1540,AI117,CANCELLED,0,1,0,0,0,0,0,14488.78,0.0,1,1,1
B1807,2025-06-28 11:37:36.952,785,682,1,13,P1662,6F185,CANCELLED,0,1,0,0,0,0,0,1759.8,0.0,1,1,1
B1808,2026-01-26 11:37:36.952,816,780,2,26,P1756,AI194,PENDING,0,0,1,0,0,0,0,0.0,0.0,0,0,0
B1809,2026-04-09 11:37:36.952,788,-1,4,30,P1781,UK045,PENDING,0,0,1,0,0,0,1,2114.98,0.0,1,1,1
B1810,2026-03-20 11:37:36.952,823,80,1,25,P1078,6F228,CONFIRMED,1,0,0,0,0,0,0,0.0,0.0,0,0,0
B1811,2026-04-04 11:37:36.952,818,448,3,7,P1432,SJ190,CANCELLED,0,1,0,0,0,0,0,9625.29,0.0,1,1,1
B1812,2026-01-06 11:37:36.952,790,825,2,12,P1800,AI156,CANCELLED,0,1,0,0,0,0,0,1736.99,0.0,1,1,1
B1813,2025-04-21 11:37:36.952,792,160,2,30,P1152,AI104,INVALID,0,0,0,1,0,0,0,0.0,0.0,0,0,0
B1814,2025-06-22 11:37:36.952,824,813,4,24,P1788,UK033,CONFIRMED,1,0,0,0,0,0,0,9940.19,9940.19,2,2,1
B1815,2025-05-01 11:37:36.952,796,413,4,10,P1400,UK137,PENDING,0,0,1,0,0,0,0,6355.84,0.0,2,2,1
B1816,2025-06-21 11:37:36.952,810,290,4,24,P1278,UK214,PENDING,0,0,1,0,0,0,0,4762.94,0.0,2,1,1
B1817,2025-06-07 11:37:36.952,794,58,1,19,P1056,6F033,PENDING,0,0,1,0,0,0,0,19018.62,0.0,2,2,1
B1818,2025-11-07 11:37:36.952,786,1011,2,13,P1976,AI114,CONFIRMED,1,0,0,0,0,0,0,4317.72,4317.72,1,1,1
B1819,2026-01-19 11:37:36.952,813,194,2,12,P1185,AI017,CONFIRMED,1,0,0,0,0,0,0,0.0,0.0,0,0,0
B1820,2025-12-01 11:37:36.952,795,410,1,28,P1397,6F244,PENDING,0,0,1,0,0,0,0,22474.87,0.0,2,2,1
B1821,2025-11-27 11:37:36.952,829,622,1,26,P1604,6F160,PENDING,0,0,1,0,0,0,0,5390.05,0.0,3,1,1
B1822,2026-01-05 11:37:36.952,808,812,1,11,P1787,6F088,CANCELLED,0,1,0,0,0,0,0,7545.61,0.0,1,1,1
B1823,2025-11-26 11:37:36.952,787,165,1,16,P1157,6F155,CANCELLED,0,1,0,0,0,0,0,7854.23,0.0,1,1,1
B1824,2026-04-15 11:37:36.952,817,811,2,20,P1786,AI095,PENDING,0,0,1,0,0,0,0,10599.9,0.0,1,1,1
B1825,2025-05-17 11:37:36.952,819,712,1,25,P1692,6F139,PENDING,0,0,1,0,0,0,0,5950.28,0.0,1,1,1
B1826,2025-07-11 11:37:36.952,838,371,1,10,P1358,6F101,CANCELLED,0,1,0,0,0,0,0,5128.12,0.0,1,1,1
B1827,2025-06-23 11:37:36.952,833,455,2,23,P1439,AI054,PENDING,0,0,1,0,0,0,0,26463.98,0.0,2,2,1
B1828,2025-05-18 11:37:36.952,837,606,3,30,P1588,SJ094,CANCELLED,0,1,0,0,0,0,0,9418.44,0.0,1,1,1
B1829,2026-01-15 11:37:36.952,815,481,1,1,P1465,6F217,CANCELLED,0,1,0,0,0,0,0,4847.06,0.0,1,1,1
B1830,2026-04-15 11:37:36.952,822,682,1,6,P1662,6F100,CANCELLED,0,1,0,0,0,0,0,12651.33,0.0,1,1,1
B1831,2026-02-05 11:37:36.952,807,461,1,26,P1445,6F081,CONFIRMED,1,0,0,0,0,0,0,25995.51,25995.51,2,2,1
B1832,2025-06-17 11:37:36.952,798,773,3,8,P1749,SJ156,CONFIRMED,1,0,0,0,0,0,0,11197.41,11197.41,1,1,1
B1833,2025-06-07 11:37:36.952,811,825,1,16,P1800,6F060,PENDING,0,0,1,0,0,0,0,5872.19,0.0,1,1,1
B1834,2025-08-14 11:37:36.952,803,766,4,25,P1742,UK129,CANCELLED,0,1,0,0,0,0,0,7570.53,0.0,1,1,1
B1835,2026-02-07 11:37:36.952,835,504,4,1,P1487,UK032,CONFIRMED,1,0,0,0,0,0,0,0.0,0.0,0,0,0
B1836,2025-09-23 11:37:36.952,826,546,2,7,P1529,AI166,PENDING,0,0,1,0,0,0,0,0.0,0.0,0,0,0
B1837,2025-10-31 11:37:36.952,805,74,3,24,P1072,SJ056,PENDING,0,0,1,0,0,0,0,39342.91,0.0,3,3,1
B1838,2025-06-12 11:37:36.952,812,961,3,13,P1928,SJ101,PENDING,0,0,1,0,0,0,0,0.0,0.0,0,0,0
B1839,2025-05-09 11:37:36.952,828,960,3,26,P1927,SJ065,PENDING,0,0,1,0,0,0,0,16796.17,0.0,2,2,1
B1840,2025-04-19 11:37:36.952,836,721,3,26,P1700,SJ100,PENDING,0,0,1,0,0,0,0,7085.2,0.0,1,1,1
B1841,2025-10-24 11:37:36.952,821,984,4,13,P1949,UK011,CANCELLED,0,1,0,0,0,0,0,0.0,0.0,0,0,0
B1842,2026-02-17 11:37:36.952,820,17,1,13,P1016,6F062,PENDING,0,0,1,0,0,0,0,9813.82,0.0,2,2,1
B1843,2025-08-15 11:37:36.952,827,547,3,17,P1530,SJ176,CANCELLED,0,1,0,0,0,0,0,5648.05,0.0,2,2,1
B1844,2025-11-26 11:37:36.952,814,754,1,1,P1730,6F120,CONFIRMED,1,0,0,0,0,0,0,7078.61,7078.61,2,1,1
B1845,2026-03-05 11:37:36.952,846,337,2,25,P1325,AI121,PENDING,0,0,1,0,0,0,0,3147.85,0.0,1,1,1
B1846,2025-08-30 11:37:36.952,842,-1,4,6,P1994,UK072,CONFIRMED,1,0,0,0,0,0,1,8100.01,8100.01,1,1,1
B1847,2026-04-06 11:37:36.952,840,651,2,6,P1631,AI006,CANCELLED,0,1,0,0,0,0,0,10999.02,0.0,1,1,1
B1848,2025-05-19 11:37:36.952,825,630,3,16,P1612,SJ231,CANCELLED,0,1,0,0,0,0,0,6682.0,0.0,2,2,1
B1849,2025-06-24 11:37:36.952,853,563,3,12,P1545,SJ129,INVALID,0,0,0,1,0,0,0,0.0,0.0,0,0,0
B1850,2025-04-21 11:37:36.952,848,613,1,24,P1595,6F110,PENDING,0,0,1,0,0,0,0,22212.88,0.0,2,2,1
B1851,2025-11-26 11:37:36.952,858,953,1,25,P1920,6F231,PENDING,0,0,1,0,0,0,0,0.0,0.0,0,0,0
B1852,2025-08-09 11:37:36.952,852,728,1,5,P1707,6F095,CONFIRMED,1,0,0,0,0,0,0,2491.83,2491.83,1,1,1
B1853,2025-05-05 11:37:36.952,864,869,4,1,P1841,UK054,CONFIRMED,1,0,0,0,0,0,0,8948.88,8948.88,1,1,1
B1854,2025-08-10 11:37:36.952,832,210,3,7,P1201,SJ123,CONFIRMED,1,0,0,0,0,0,0,33343.83,33343.83,4,4,1
B1855,2026-01-04 11:37:36.952,839,356,1,6,P1343,6F006,PENDING,0,0,1,0,0,0,0,21909.6,0.0,2,2,1
B1856,2025-05-04 11:37:36.952,831,880,4,30,P1852,UK226,PENDING,0,0,1,0,0,0,0,25660.08,0.0,2,2,1
B1857,2026-03-07 11:37:36.952,869,539,2,26,P1522,AI065,PENDING,0,0,1,0,0,0,0,17650.92,0.0,2,2,1
B1858,2025-11-25 11:37:36.952,866,-1,1,17,P1858,6F008,UNKNOWN,0,0,0,0,1,0,1,0.0,0.0,0,0,0
B1859,2025-11-11 11:37:36.952,841,412,2,15,P1399,AI195,PENDING,0,0,1,0,0,0,0,0.0,0.0,0,0,0
B1860,2025-08-01 11:37:36.952,862,227,4,19,P1217,UK043,UNKNOWN,0,0,0,0,1,0,0,9531.5,0.0,2,2,1
B1861,2025-10-15 11:37:36.952,859,460,2,13,P1444,AI125,CONFIRMED,1,0,0,0,0,0,0,9044.04,9044.04,1,1,1
B1862,2025-10-05 11:37:36.952,830,788,2,12,P1764,AI089,PENDING,0,0,1,0,0,0,0,0.0,0.0,0,0,0
B1863,2026-02-12 11:37:36.952,834,231,4,9,P1221,UK019,CONFIRMED,1,0,0,0,0,0,0,22928.67,22928.67,2,2,1
B1864,2025-09-27 11:37:36.952,861,395,4,9,P1382,UK078,CANCELLED,0,1,0,0,0,0,0,10081.04,0.0,1,1,1
B1865,2025-07-28 11:37:36.952,845,910,3,11,P1880,SJ009,CANCELLED,0,1,0,0,0,0,0,11740.51,0.0,1,1,1
B1866,2026-01-28 11:37:36.952,875,609,4,16,P1591,UK178,CONFIRMED,1,0,0,0,0,0,0,4987.99,4987.99,1,1,1
B1867,2025-11-23 11:37:36.952,849,7,4,7,P1006,UK018,CONFIRMED,1,0,0,0,0,0,0,8158.17,8158.17,1,1,1
B1868,2026-04-10 11:37:36.952,844,283,3,13,P1271,SJ059,CANCELLED,0,1,0,0,0,0,0,0.0,0.0,0,0,0
B1869,2026-02-04 11:37:36.952,865,762,4,16,P1738,UK108,CONFIRMED,1,0,0,0,0,0,0,21553.27,21553.27,2,2,1
B1870,2025-04-25 11:37:36.952,882,16,1,9,P1015,6F045,CANCELLED,0,1,0,0,0,0,0,0.0,0.0,0,0,0
B1871,2025-10-04 11:37:36.952,863,439,2,27,P1423,AI144,CANCELLED,0,1,0,0,0,0,0,0.0,0.0,0,0,0
B1872,2025-07-09 11:37:36.952,843,540,2,1,P1523,AI244,PENDING,0,0,1,0,0,0,0,14817.12,0.0,3,2,1
B1873,2025-04-25 11:37:36.952,847,827,1,19,P1802,6F265,CONFIRMED,1,0,0,0,0,0,0,32289.57,32289.57,3,3,1
B1874,2026-01-26 11:37:36.952,876,776,1,19,P1752,6F108,CONFIRMED,1,0,0,0,0,0,0,24444.49,24444.49,3,3,1
B1875,2025-06-17 11:37:36.952,873,21,1,26,P1020,6F069,PENDING,0,0,1,0,0,0,0,0.0,0.0,1,0,0
B1876,2025-06-14 11:37:36.952,850,709,1,2,P1689,6F072,CANCELLED,0,1,0,0,0,0,0,11290.32,0.0,1,1,1
B1877,2025-11-09 11:37:36.952,886,972,1,26,P1938,6F096,CONFIRMED,1,0,0,0,0,0,0,0.0,0.0,0,0,0
B1878,2025-12-31 11:37:36.952,857,237,3,19,P1227,SJ233,PENDING,0,0,1,0,0,0,0,14778.71,0.0,1,1,1
B1879,2025-12-03 11:37:36.952,868,809,2,7,P1784,AI203,PENDING,0,0,1,0,0,0,0,4682.98,0.0,1,1,1
B1880,2026-03-08 11:37:36.952,877,299,4,13,P1287,UK147,CONFIRMED,1,0,0,0,0,0,0,11737.0,11737.0,1,1,1
B1881,2025-08-26 11:37:36.952,854,834,4,22,P1808,UK039,PENDING,0,0,1,0,0,0,0,0.0,0.0,0,0,0
B1882,2025-10-17 11:37:36.952,893,139,1,3,P1133,6F216,CANCELLED,0,1,0,0,0,0,0,0.0,0.0,0,0,0
B1883,2025-11-17 11:37:36.952,888,1019,2,13,P1983,AI214,PENDING,0,0,1,0,0,0,0,7691.33,0.0,2,2,1
B1884,2025-08-31 11:37:36.952,883,294,4,17,P1282,UK025,CANCELLED,0,1,0,0,0,0,0,0.0,0.0,0,0,0
B1885,2025-08-10 11:37:36.952,870,416,4,1,P1403,UK053,CANCELLED,0,1,0,0,0,0,0,9992.33,0.0,1,1,1
B1886,2026-02-12 11:37:36.952,855,684,1,19,P1664,6F130,INVALID,0,0,0,1,0,0,0,0.0,0.0,0,0,0
B1887,2026-03-09 11:37:36.952,856,67,1,19,P1065,6F247,PENDING,0,0,1,0,0,0,0,9312.51,0.0,1,1,1
B1888,2025-12-25 11:37:36.952,851,668,1,12,P1648,6F159,CANCELLED,0,1,0,0,0,0,0,14913.74,0.0,2,2,1
B1889,2026-02-24 11:37:36.952,871,621,4,11,P1603,UK086,CANCELLED,0,1,0,0,0,0,0,0.0,0.0,0,0,0
B1890,2025-08-30 11:37:36.952,860,452,1,25,P1436,6F102,PENDING,0,0,1,0,0,0,0,13732.45,0.0,1,1,1
B1891,2026-01-26 11:37:36.952,881,856,4,6,P1828,UK186,CANCELLED,0,1,0,0,0,0,0,4194.57,0.0,2,2,1
B1892,2025-08-24 11:37:36.952,874,967,1,17,P1933,6F032,PENDING,0,0,1,0,0,0,0,0.0,0.0,0,0,0
B1893,2025-08-02 11:37:36.952,897,270,1,22,P1258,6F186,CONFIRMED,1,0,0,0,0,0,0,0.0,0.0,0,0,0
B1894,2026-02-24 11:37:36.952,867,1014,1,7,P1979,6F106,CANCELLED,0,1,0,0,0,0,0,0.0,0.0,0,0,0
B1895,2025-10-05 11:37:36.952,898,1000,2,19,P1965,AI021,CANCELLED,0,1,0,0,0,0,0,54031.62,0.0,5,5,1
B1896,2025-11-30 11:37:36.952,885,-1,2,2,P1102,AI157,PENDING,0,0,1,0,0,0,1,0.0,0.0,1,0,0
B1897,2025-11-01 11:37:36.952,892,1030,1,21,P1992,6F054,PENDING,0,0,1,0,0,0,0,16995.31,0.0,2,2,1
B1898,2025-10-03 11:37:36.952,878,584,2,4,P1566,AI187,PENDING,0,0,1,0,0,0,0,5718.04,0.0,1,1,1
B1899,2025-09-28 11:37:36.952,906,792,3,24,P1768,SJ124,PENDING,0,0,1,0,0,0,0,3146.15,0.0,1,1,1
B1900,2025-10-06 11:37:36.952,872,102,3,25,P1100,SJ223,CANCELLED,0,1,0,0,0,0,0,1212.98,0.0,1,1,1
B1901,2025-04-25 11:37:36.952,895,206,4,29,P1197,UK103,CONFIRMED,1,0,0,0,0,0,0,10787.49,10787.49,1,1,1
B1902,2026-02-08 11:37:36.952,890,840,3,19,P1812,SJ157,CONFIRMED,1,0,0,0,0,0,0,0.0,0.0,0,0,0
B1903,2025-11-06 11:37:36.952,904,235,1,5,P1225,6F242,CONFIRMED,1,0,0,0,0,0,0,0.0,0.0,0,0,0
B1904,2025-07-01 11:37:36.952,879,976,4,7,P1942,UK213,CONFIRMED,1,0,0,0,0,0,0,5769.34,5769.34,1,1,1
B1905,2026-02-13 11:37:36.952,902,478,3,26,P1462,SJ120,PENDING,0,0,1,0,0,0,0,0.0,0.0,0,0,0
B1906,2025-08-11 11:37:36.952,880,-1,2,20,P1236,AI035,CANCELLED,0,1,0,0,0,0,1,11037.65,0.0,1,1,1
B1907,2026-01-14 11:37:36.952,920,26,1,25,P1025,6F147,CANCELLED,0,1,0,0,0,0,0,5451.44,0.0,1,1,1
B1908,2025-08-09 11:37:36.952,887,126,3,13,P1120,SJ229,CANCELLED,0,1,0,0,0,0,0,10746.85,0.0,2,2,1
B1909,2025-11-14 11:37:36.952,912,941,2,11,P1909,AI230,PENDING,0,0,1,0,0,0,0,0.0,0.0,0,0,0
B1910,2025-06-10 11:37:36.952,884,522,4,7,P1505,UK162,CANCELLED,0,1,0,0,0,0,0,21554.05,0.0,2,2,1
B1911,2025-05-29 11:37:36.952,896,190,2,25,P1181,AI066,PENDING,0,0,1,0,0,0,0,0.0,0.0,0,0,0
B1912,2025-09-09 11:37:36.952,889,731,1,22,P1710,6F205,CANCELLED,0,1,0,0,0,0,0,6279.57,0.0,1,1,1
B1913,2025-05-24 11:37:36.952,914,841,2,14,P1813,AI124,CONFIRMED,1,0,0,0,0,0,0,15295.38,15295.38,2,2,1
B1914,2025-10-19 11:37:36.952,891,790,4,23,P1766,UK114,PENDING,0,0,1,0,0,0,0,5079.38,0.0,1,1,1
B1915,2025-06-03 11:37:36.952,894,653,2,19,P1633,AI231,CANCELLED,0,1,0,0,0,0,0,1162.01,0.0,1,1,1
B1916,2025-10-30 11:37:36.952,899,-1,2,14,P1542,AI113,CONFIRMED,1,0,0,0,0,0,1,3156.86,3156.86,1,1,1
B1917,2025-08-03 11:37:36.952,903,1019,4,15,P1983,UK180,INVALID,0,0,0,1,0,0,0,0.0,0.0,0,0,0
B1918,2025-10-07 11:37:36.952,903,326,4,15,P1314,UK180,CONFIRMED,1,0,0,0,0,0,0,4095.57,4095.57,2,2,1
B1919,2026-03-17 11:37:36.952,922,1027,1,25,P1990,6F080,PENDING,0,0,1,0,0,0,0,0.0,0.0,0,0,0
B1920,2025-05-11 11:37:36.952,917,821,3,20,P1796,SJ095,PENDING,0,0,1,0,0,0,0,0.0,0.0,0,0,0
B1921,2025-04-24 11:37:36.952,907,636,3,9,P1617,SJ115,CANCELLED,0,1,0,0,0,0,0,9627.04,0.0,1,1,1
B1922,2025-05-14 11:37:36.952,909,759,2,8,P1735,AI142,CONFIRMED,1,0,0,0,0,0,0,19566.92,19566.92,2,2,1
B1923,2025-11-28 11:37:36.952,933,284,4,24,P1272,UK169,CANCELLED,0,1,0,0,0,0,0,8467.53,0.0,2,1,1
B1924,2025-05-04 11:37:36.952,931,941,3,14,P1909,SJ041,CANCELLED,0,1,0,0,0,0,0,4739.01,0.0,1,1,1
B1925,2025-04-20 11:37:36.952,919,241,4,23,P1231,UK171,CONFIRMED,1,0,0,0,0,0,0,29535.22,29535.22,3,3,1
B1926,2025-11-27 11:37:36.952,908,435,2,12,P1419,AI081,CANCELLED,0,1,0,0,0,0,0,0.0,0.0,0,0,0
B1927,2026-01-28 11:37:36.952,925,791,2,29,P1767,AI162,PENDING,0,0,1,0,0,0,0,0.0,0.0,0,0,0
B1928,2026-01-23 11:37:36.952,926,457,3,1,P1441,SJ037,CANCELLED,0,1,0,0,0,0,0,6983.66,0.0,1,1,1
B1929,2025-11-05 11:37:36.952,926,512,3,1,P1495,SJ037,CONFIRMED,1,0,0,0,0,0,0,0.0,0.0,0,0,0
B1930,2025-12-16 11:37:36.952,905,24,4,5,P1023,UK080,PENDING,0,0,1,0,0,0,0,1625.9,0.0,2,1,1
B1931,2025-09-26 11:37:36.952,900,-1,3,17,P1108,SJ031,PENDING,0,0,1,0,0,0,1,10011.51,0.0,1,1,1
B1932,2025-12-28 11:37:36.952,929,723,2,24,P1702,AI199,CANCELLED,0,1,0,0,0,0,0,8636.39,0.0,2,1,1
B1933,2025-05-28 11:37:36.952,915,518,1,6,P1501,6F082,CANCELLED,0,1,0,0,0,0,0,0.0,0.0,0,0,0
B1934,2026-04-12 11:37:36.952,901,-1,4,28,P1858,UK217,PENDING,0,0,1,0,0,0,1,10978.81,0.0,1,1,1
B1935,2026-04-13 11:37:36.952,911,25,4,25,P1024,UK014,CANCELLED,0,1,0,0,0,0,0,0.0,0.0,0,0,0
B1936,2026-01-11 11:37:36.952,940,195,3,23,P1186,SJ180,CONFIRMED,1,0,0,0,0,0,0,11286.73,11286.73,2,2,1
B1937,2026-02-19 11:37:36.952,913,299,1,20,P1287,6F268,CANCELLED,0,1,0,0,0,0,0,6825.66,0.0,1,1,1
B1938,2026-04-07 11:37:36.952,928,646,4,25,P1627,UK205,CANCELLED,0,1,0,0,0,0,0,12242.79,0.0,1,1,1
B1939,2025-07-22 11:37:36.952,921,350,3,26,P1337,SJ212,PENDING,0,0,1,0,0,0,0,41153.63,0.0,4,4,1
B1940,2025-06-25 11:37:36.952,910,907,4,2,P1877,UK052,CANCELLED,0,1,0,0,0,0,0,18574.85,0.0,2,2,1
B1941,2025-06-13 11:37:36.952,918,946,4,1,P1913,UK230,CANCELLED,0,1,0,0,0,0,0,1551.73,0.0,1,1,1
B1942,2025-07-18 11:37:36.952,942,38,2,17,P1036,AI145,CANCELLED,0,1,0,0,0,0,0,1755.58,0.0,1,1,1
B1943,2026-03-13 11:37:36.952,916,818,3,13,P1793,SJ035,CONFIRMED,1,0,0,0,0,0,0,14420.98,14420.98,2,2,1
B1944,2025-07-20 11:37:36.952,949,142,3,13,P1136,SJ184,CANCELLED,0,1,0,0,0,0,0,12698.08,0.0,2,2,1
B1945,2025-11-03 11:37:36.952,944,524,1,9,P1507,6F207,CONFIRMED,1,0,0,0,0,0,0,0.0,0.0,0,0,0
B1946,2026-03-30 11:37:36.952,934,236,4,7,P1226,UK144,CONFIRMED,1,0,0,0,0,0,0,11196.94,11196.94,1,1,1
B1947,2025-10-22 11:37:36.952,938,331,2,30,P1319,AI126,CONFIRMED,1,0,0,0,0,0,0,2186.2,2186.2,1,1,1
B1948,2025-05-19 11:37:36.952,936,867,3,4,P1839,SJ145,CONFIRMED,1,0,0,0,0,0,0,14449.69,14449.69,2,2,1
B1949,2025-05-16 11:37:36.952,956,948,1,23,P1915,6F040,PENDING,0,0,1,0,0,0,0,14360.11,0.0,2,2,1
B1950,2025-06-15 11:37:36.952,923,190,4,22,P1181,UK049,CONFIRMED,1,0,0,0,0,0,0,0.0,0.0,0,0,0
B1951,2026-03-18 11:37:36.952,923,902,4,22,P1873,UK049,CANCELLED,0,1,0,0,0,0,0,12831.14,0.0,1,1,1
B1952,2025-10-18 11:37:36.952,950,87,2,29,P1085,AI087,CONFIRMED,1,0,0,0,0,0,0,10237.24,10237.24,1,1,1
B1953,2025-05-24 11:37:36.952,924,482,2,2,P1466,AI152,CANCELLED,0,1,0,0,0,0,0,12741.76,0.0,1,1,1
B1954,2025-11-06 11:37:36.952,948,958,3,9,P1925,SJ240,CONFIRMED,1,0,0,0,0,0,0,14524.79,14524.79,1,1,1
B1955,2025-09-14 11:37:36.952,957,54,2,18,P1052,AI212,PENDING,0,0,1,0,0,0,0,0.0,0.0,0,0,0
B1956,2025-09-21 11:37:36.952,932,888,2,5,P1859,AI064,CONFIRMED,1,0,0,0,0,0,0,0.0,0.0,0,0,0
B1957,2025-06-07 11:37:36.952,953,895,1,13,P1866,6F093,CONFIRMED,1,0,0,0,0,0,0,4851.79,4851.79,1,1,1
B1958,2025-04-28 11:37:36.952,935,244,2,25,P1234,AI118,PENDING,0,0,1,0,0,0,0,2727.84,0.0,2,2,1
B1959,2025-12-19 11:37:36.952,927,993,2,7,P1958,AI172,CONFIRMED,1,0,0,0,0,0,0,17094.08,17094.08,2,2,1
B1960,2026-01-30 11:37:36.952,941,802,1,30,P1778,6F183,CANCELLED,0,1,0,0,0,0,0,14657.97,0.0,1,1,1
B1961,2025-07-15 11:37:36.952,970,823,1,24,P1798,6F200,CONFIRMED,1,0,0,0,0,0,0,0.0,0.0,0,0,0
B1962,2025-12-23 11:37:36.952,937,448,3,5,P1432,SJ077,CONFIRMED,1,0,0,0,0,0,0,30993.24,30993.24,4,4,1
B1963,2026-02-24 11:37:36.952,964,512,4,13,P1495,UK030,CONFIRMED,1,0,0,0,0,0,0,0.0,0.0,0,0,0
B1964,2025-05-21 11:37:36.952,967,1037,3,26,P1998,SJ232,PENDING,0,0,1,0,0,0,0,0.0,0.0,0,0,0
B1965,2026-01-29 11:37:36.952,965,101,1,21,P1099,6F090,CONFIRMED,1,0,0,0,0,0,0,0.0,0.0,0,0,0
B1966,2025-11-06 11:37:36.952,977,1026,4,15,P1989,UK002,CONFIRMED,1,0,0,0,0,0,0,34300.32,34300.32,3,3,1
B1967,2025-07-03 11:37:36.952,958,616,2,25,P1598,AI154,CANCELLED,0,1,0,0,0,0,0,12518.31,0.0,1,1,1
B1968,2025-10-11 11:37:36.952,943,415,1,19,P1402,6F089,CONFIRMED,1,0,0,0,0,0,0,14600.78,14600.78,1,1,1
B1969,2026-04-08 11:37:36.952,961,408,1,1,P1395,6F218,CONFIRMED,1,0,0,0,0,0,0,13598.0,13598.0,1,1,1
B1970,2025-11-26 11:37:36.952,930,543,1,19,P1526,6F241,CONFIRMED,1,0,0,0,0,0,0,4558.49,4558.49,1,1,1
B1971,2025-08-20 11:37:36.952,947,430,1,28,P1414,6F116,CONFIRMED,1,0,0,0,0,0,0,0.0,0.0,0,0,0
B1972,2025-04-18 11:37:36.952,960,972,4,7,P1938,UK199,CANCELLED,0,1,0,0,0,0,0,5458.57,0.0,1,1,1
B1973,2025-04-28 11:37:36.952,939,630,3,24,P1612,SJ033,CANCELLED,0,1,0,0,0,0,0,0.0,0.0,0,0,0
B1974,2025-08-03 11:37:36.952,952,696,2,1,P1676,AI210,PENDING,0,0,1,0,0,0,0,0.0,0.0,0,0,0
B1975,2025-08-26 11:37:36.952,951,478,4,22,P1462,UK148,UNKNOWN,0,0,0,0,1,0,0,7791.01,0.0,1,1,1
B1976,2025-08-27 11:37:36.952,945,557,2,25,P1540,AI229,PENDING,0,0,1,0,0,0,0,8576.26,0.0,1,1,1
B1977,2026-01-01 11:37:36.952,981,644,4,10,P1625,UK005,PENDING,0,0,1,0,0,0,0,0.0,0.0,0,0,0
B1978,2025-12-07 11:37:36.952,954,637,3,15,P1618,SJ080,CONFIRMED,1,0,0,0,0,0,0,9450.85,9450.85,1,1,1
B1979,2025-12-02 11:37:36.952,991,954,3,5,P1921,SJ092,CANCELLED,0,1,0,0,0,0,0,0.0,0.0,0,0,0
B1980,2025-12-04 11:37:36.952,978,376,3,25,P1363,SJ055,CANCELLED,0,1,0,0,0,0,0,12102.14,0.0,1,1,1
B1981,2025-05-17 11:37:36.952,976,135,2,9,P1129,AI239,CONFIRMED,1,0,0,0,0,0,0,12166.27,12166.27,2,2,1
B1982,2025-06-17 11:37:36.952,971,85,1,12,P1083,6F162,UNKNOWN,0,0,0,0,1,0,0,0.0,0.0,0,0,0
B1983,2025-06-28 11:37:36.952,969,282,4,19,P1270,UK101,UNKNOWN,0,0,0,0,1,0,0,9117.5,0.0,1,1,1
B1984,2025-04-25 11:37:36.952,1001,254,1,21,P1243,6F198,CONFIRMED,1,0,0,0,0,0,0,19611.19,19611.19,2,2,1
B1985,2025-09-28 11:37:36.952,959,400,1,12,P1387,6F239,CONFIRMED,1,0,0,0,0,0,0,0.0,0.0,0,0,0
B1986,2025-10-07 11:37:36.952,997,222,3,7,P1213,SJ177,CONFIRMED,1,0,0,0,0,0,0,0.0,0.0,0,0,0
B1987,2026-03-12 11:37:36.952,988,845,1,19,P1817,6F044,CANCELLED,0,1,0,0,0,0,0,8733.92,0.0,2,2,1
B1988,2026-02-17 11:37:36.952,989,173,1,19,P1165,6F248,PENDING,0,0,1,0,0,0,0,13945.28,0.0,1,1,1
B1989,2025-12-10 11:37:36.952,980,815,1,5,P1790,6F002,UNKNOWN,0,0,0,0,1,0,0,0.0,0.0,0,0,0
B1990,2026-03-31 11:37:36.952,972,60,3,21,P1058,SJ197,CONFIRMED,1,0,0,0,0,0,0,14394.7,14394.7,3,2,1
B1991,2026-01-14 11:37:36.952,986,619,4,12,P1601,UK091,CANCELLED,0,1,0,0,0,0,0,0.0,0.0,0,0,0
B1992,2025-04-25 11:37:36.952,998,912,1,16,P1882,6F215,CONFIRMED,1,0,0,0,0,0,0,14003.06,14003.06,3,3,1
B1993,2026-03-11 11:37:36.952,1002,870,2,6,P1842,AI093,CANCELLED,0,1,0,0,0,0,0,0.0,0.0,0,0,0
B1994,2026-03-31 11:37:36.952,974,956,4,25,P1923,UK090,CONFIRMED,1,0,0,0,0,0,0,0.0,0.0,0,0,0
B1995,2025-11-20 11:37:36.952,955,520,3,20,P1503,SJ005,CANCELLED,0,1,0,0,0,0,0,0.0,0.0,0,0,0
B1996,2025-08-08 11:37:36.952,963,726,4,7,P1705,UK106,CANCELLED,0,1,0,0,0,0,0,10358.84,0.0,1,1,1
B1997,2025-05-03 11:37:36.952,946,128,1,26,P1122,6F223,PENDING,0,0,1,0,0,0,0,0.0,0.0,2,0,0
B1998,2025-10-23 11:37:36.952,962,667,1,26,P1647,6F011,CONFIRMED,1,0,0,0,0,0,0,18385.6,18385.6,2,2,1
B1999,2025-08-08 11:37:36.952,975,427,4,26,P1412,UK124,INVALID,0,0,0,1,0,0,0,2806.06,0.0,1,1,1
